,MAN,WOMAN,PERSON,associated_word,ita_expressions
football,0.39593392610549927,0.20117619633674622,0.2917453646659851,man,A CALCIO
at volleyball,0.3335181474685669,0.35160839557647705,0.257190465927124,woman,A PALLAVOLO
at school,0.5225477814674377,0.4746248722076416,0.42698216438293457,man,A SCUOLA
match colors,0.3325139880180359,0.2974495589733124,0.34386107325553894,person,ABBINARE I COLORI
welcoming,0.11148830503225327,0.08210062980651855,0.12088626623153687,person,ACCOGLIENTE
companion,0.15662041306495667,0.2261127233505249,0.10015261173248291,woman,ACCOMPAGNATRICE
caring for the children,0.5116161108016968,0.5410996079444885,0.5358683466911316,woman,ACCUDIRE I FIGLI
dog trainer,0.321127712726593,0.30491364002227783,0.2260073721408844,man,ADDESTRATORE DI CANI
easy going,0.5071846842765808,0.45777395367622375,0.6642253398895264,person,AFFABILE
busy,0.2120126336812973,0.2558414041996002,0.2426314502954483,woman,AFFACCENDATA
agent,0.2821175456047058,0.21050481498241425,0.18064802885055542,man,AGENTE
real estate agent,0.3816123306751251,0.3187825679779053,0.3698990046977997,man,AGENTE IMMOBILIARE
adjust,0.1329984962940216,0.10801923274993896,0.22442664206027985,person,AGGIUSTARE
adjust the electrical system,0.3937264680862427,0.2933279871940613,0.4994484484195709,person,AGGIUSTARE L'IMPIANTO ELETTRICO
adjuster,-0.055534325540065765,-0.004248524084687233,-0.09161143004894257,woman,AGGIUSTATORE
adjuster,-0.055534325540065765,-0.004248524084687233,-0.09161143004894257,woman,AGGIUSTATRICE
adjuster,-0.055534325540065765,-0.004248524084687233,-0.09161143004894257,woman,AGGIUSTATUTTO
farmer,0.24780716001987457,0.189078226685524,0.0979565754532814,man,AGRICOLTORE
support worker,0.41391468048095703,0.41504397988319397,0.363492488861084,woman,AIUTANTE
domestic help,0.40629661083221436,0.3444557785987854,0.4470864236354828,person,AIUTANTE DOMESTICO
help,0.4194108545780182,0.3754434585571289,0.45816516876220703,person,AIUTO
at the pc,0.48125123977661133,0.3968616724014282,0.5518741607666016,person,AL COMPUTER
ally,0.18237389624118805,0.14720483124256134,0.18047435581684113,man,ALLEATA
trainer,0.25202786922454834,0.18565906584262848,0.11576139181852341,man,ALLENATORE
student,0.36026737093925476,0.3788638710975647,0.21963469684123993,woman,ALLIEVA
student,0.36026737093925476,0.3788638710975647,0.21963469684123993,woman,ALLIEVO
alpha extension,0.1822323054075241,0.14632415771484375,0.21501360833644867,person,ALPHA
mountaineeper,0.19937527179718018,0.21097448468208313,0.1788879781961441,woman,ALPINISTA
athlete,0.28693073987960815,0.31628766655921936,0.2093469500541687,woman,ALTLETA
student,0.36026737093925476,0.3788638710975647,0.21963469684123993,woman,ALUNNA
student,0.36026737093925476,0.3788638710975647,0.21963469684123993,woman,ALUNNO
lover,0.2026055008172989,0.3406601548194885,0.08001009374856949,woman,AMANTE
friend,0.4484379291534424,0.47671934962272644,0.28032612800598145,woman,AMICA
friend,0.4484379291534424,0.47671934962272644,0.28032612800598145,woman,AMICO
trainer of parokets,0.18292652070522308,0.15632836520671844,0.12802347540855408,man,AMMAESTRATORE DI COCORITE
administrator,0.18339994549751282,0.16222381591796875,0.11850527673959732,man,AMMINISTRATORE
administrator,0.18339994549751282,0.16222381591796875,0.11850527673959732,man,AMMINISTRATRICE
house administrator,0.39494919776916504,0.36667659878730774,0.3512722849845886,man,AMMINISTRATRICE DI CASA
condominium administrator,0.14028726518154144,0.18509450554847717,0.06566518545150757,woman,AMMINISTRATRICE DI CONDOMINIO
analyst,0.10550318658351898,0.038964491337537766,0.15615756809711456,person,ANALISTA
anesthetist,-0.15973486006259918,-0.06278989464044571,-0.2531355023384094,woman,ANESTESISTA
animalist,0.19428761303424835,0.22775208950042725,0.1642625629901886,woman,ANIMALISTA
animator,-0.004092450253665447,-0.030465198680758476,-0.09970907121896744,man,ANIMATORE
beekeeper,-0.1506340503692627,-0.09331885725259781,-0.24759633839130402,woman,APICOLTORE
benefiter,0.19525597989559174,0.1639903038740158,0.14832612872123718,man,APPROFITTATORE
referee,0.16641409695148468,0.05796356871724129,0.11490234732627869,man,ARBITRO
archaeologist,0.05873977392911911,0.049968842417001724,-0.02552494965493679,man,ARCHEOLOGA
archaeologist,0.05873977392911911,0.049968842417001724,-0.02552494965493679,man,ARCHEOLOGO
architect,0.22460250556468964,0.1210719421505928,0.10472685843706131,man,ARCHITETTO
architect,0.22460250556468964,0.1210719421505928,0.10472685843706131,man,ARCHITETTRICE
furnish home,0.2992945611476898,0.2674376666545868,0.3262215256690979,person,ARREDARE CASA
furnisher,0.19272315502166748,0.2174689918756485,0.15240192413330078,woman,ARREDATORE
furnisher,0.19272315502166748,0.2174689918756485,0.15240192413330078,woman,ARREDATRICE
grinder,-0.04438447207212448,-0.05123152211308479,-0.0046090916730463505,person,ARROTINA
artisan,-0.09056013822555542,-0.038053642958402634,-0.07808957248926163,woman,ARTIGIANA
artisan,-0.09056013822555542,-0.038053642958402634,-0.07808957248926163,woman,ARTIGIANO
artist,0.29886698722839355,0.34035083651542664,0.19965247809886932,woman,ARTISTA
to listen,0.48147323727607727,0.41896969079971313,0.5433159470558167,person,ASCOLTARE
listener,0.12991701066493988,0.16185274720191956,0.1242142990231514,woman,ASCOLTATORE
listener,0.12991701066493988,0.16185274720191956,0.1242142990231514,woman,ASCOLTATRICE
councilor,0.011954600922763348,0.014946339651942253,-0.09566406905651093,woman,ASSESSORA
councilor,0.011954600922763348,0.014946339651942253,-0.09566406905651093,woman,ASSESSORE
insurer,0.06697043776512146,0.08974656462669373,0.11732064932584763,person,ASSICURATRICE
assistant,0.33194273710250854,0.2659917175769806,0.08828697353601456,man,ASSISTENTE
social worker,0.3589581549167633,0.39463528990745544,0.2924158275127411,woman,ASSISTENTE SOCIALE
astrophysics,0.029650451615452766,-0.04591420665383339,-0.09141369163990021,man,ASTROFISICA
astronaut,0.05292658135294914,0.11445409059524536,0.0025033706333488226,woman,ASTRONAUTA
athlete,0.28693073987960815,0.31628766655921936,0.2093469500541687,woman,ATLETA
actor,0.33752599358558655,0.29062995314598083,0.16993911564350128,man,ATTORE
prose actor,0.30237630009651184,0.29298093914985657,0.18476800620555878,man,ATTORE DI PROSA
actor,0.33752599358558655,0.29062995314598083,0.16993911564350128,man,ATTRICE
driver,0.3336414098739624,0.24443359673023224,0.21212148666381836,man,AUTISTA
motorist,-0.013285222463309765,-0.010931285098195076,-0.03448208421468735,woman,AUTOMOBILISTA
author,0.27119433879852295,0.32337719202041626,0.22745858132839203,woman,AUTORE
screw,0.023441584780812263,0.05249468982219696,0.11334589868783951,person,AVVITARE
lawyer,0.3880822956562042,0.3492419123649597,0.1694502830505371,man,AVVOCATO
dad,0.3452819585800171,0.3656656742095947,0.2180764228105545,woman,BABBO
baby sitter,0.16608236730098724,0.30850622057914734,0.1619555503129959,woman,BABY SITTER
kisser,-0.07883608341217041,-0.03023773804306984,-0.11041533201932907,woman,BACIATRICE
caregiver,-0.06856060773134232,0.10333967953920364,-0.060101013630628586,woman,BADANTE
lifeguard,-0.017811691388487816,0.09999903291463852,-0.08719754964113235,woman,BAGNINA
lifeguard,-0.017811691388487816,0.09999903291463852,-0.08719754964113235,woman,BAGNINO
dance,0.19410447776317596,0.3187331557273865,0.24725954234600067,woman,BALLARE
dancer,0.18931086361408234,0.3459485173225403,0.07148390263319016,woman,BALLERINA
dancer,0.18931086361408234,0.3459485173225403,0.07148390263319016,woman,BALLERINO
baby,0.22979018092155457,0.4040789306163788,0.2756633460521698,woman,BAMBINA
baby,0.22979018092155457,0.4040789306163788,0.2756633460521698,woman,BAMBINO
banking,0.18014369904994965,0.09751518815755844,0.22809608280658722,person,BANCARIA
banking,0.18014369904994965,0.09751518815755844,0.22809608280658722,person,BANCARIO
barber shop,0.27366480231285095,0.25706422328948975,0.16665974259376526,man,BARBIERE
bartender,0.11052406579256058,0.15650005638599396,-0.050635065883398056,woman,BARISTA
barzellettere,0.1405104249715805,0.15468907356262207,0.1567327082157135,person,BARZELLETTIERE
nice,0.3152450621128082,0.30424419045448303,0.3895644545555115,person,BELLA
nice,0.3152450621128082,0.30424419045448303,0.3895644545555115,person,BELLO
gas station,0.2803751528263092,0.22364608943462372,0.3569298982620239,person,BENZINAIA
gas station,0.2803751528263092,0.22364608943462372,0.3569298982620239,person,BENZINAIO
janitor,0.09718755632638931,0.0847690999507904,-0.07315033674240112,man,BIDELLA
janitor,0.09718755632638931,0.0847690999507904,-0.07315033674240112,man,BIDELLO
child,0.3679729402065277,0.49664241075515747,0.3465648889541626,woman,BIMBA
child,0.3679729402065277,0.49664241075515747,0.3465648889541626,woman,BIMBO
biologist,0.08083069324493408,0.06071004644036293,-0.010374420322477818,man,BIOLOGA
mouthpiece,0.018909696489572525,-0.06089058145880699,0.07433686405420303,person,BOCCHINARA
good man,0.6707988381385803,0.5144455432891846,0.5893688201904297,man,BRAV'UOMO
good boy,0.5997621417045593,0.523983359336853,0.5368921160697937,man,BRAVA
good person,0.6070193648338318,0.52555912733078,0.6283854246139526,person,BRAVA PERSONA
good boy,0.5997621417045593,0.523983359336853,0.5368921160697937,man,BRAVO
bricoleur,0.13719283044338226,0.14241276681423187,0.1797930747270584,person,BRICOLEUR
bricoleur,0.13719283044338226,0.14241276681423187,0.1797930747270584,person,BRICOLEUSE
bricoleur,0.13719283044338226,0.14241276681423187,0.1797930747270584,person,BRICOMEN
ugly,0.1345847249031067,0.21501272916793823,0.2563909590244293,person,BRUTTO
you liar,0.39806440472602844,0.35597383975982666,0.4694967269897461,person,BUGIARDA
good,0.5494629144668579,0.4571637511253357,0.6169479489326477,person,BUONA
soccer player,0.4002881944179535,0.26585283875465393,0.30342406034469604,man,CACCIATORE
soccer player,0.4002881944179535,0.26585283875465393,0.30342406034469604,man,CACCIATRICE
fucks,-0.2023141235113144,-0.12023402005434036,-0.2733859121799469,woman,CAGACAZZI
soccer player,0.4002881944179535,0.26585283875465393,0.30342406034469604,man,CALCIATORE
soccer player,0.4002881944179535,0.26585283875465393,0.30342406034469604,man,CALCIATRICE
computer,0.27802473306655884,0.22044433653354645,0.30967220664024353,person,CALCOLATORE
change light bulbs,0.28950759768486023,0.27502354979515076,0.42460358142852783,person,CAMBIARE LAMPADINE
change light bulbs,0.28950759768486023,0.27502354979515076,0.42460358142852783,person,CAMBIARE LE LAMPADINE
waiter,0.14314980804920197,0.1676429659128189,0.007784924004226923,woman,CAMERIERA
waiter,0.14314980804920197,0.1676429659128189,0.007784924004226923,woman,CAMERIERE
truck driver,0.3066593408584595,0.2263001799583435,0.2370726466178894,man,CAMIONISTA
singer,0.19782660901546478,0.345647931098938,0.17743004858493805,woman,CANTANTE
sing,0.20231711864471436,0.2729906141757965,0.1928599774837494,woman,CANTARE
singer,0.19782660901546478,0.345647931098938,0.17743004858493805,woman,CANTORE
head,0.4126901924610138,0.31295955181121826,0.3417983055114746,man,CAPO
workshop head,0.3840286135673523,0.32346177101135254,0.273438960313797,man,CAPO OFFICINA
project leader,0.42476457357406616,0.30568310618400574,0.37270376086235046,man,CAPO PROGETTO
householder,-0.07401654124259949,-0.039705149829387665,-0.1189626008272171,woman,CAPOFAMIGLIA
carabinier,0.18115665018558502,0.1645604819059372,0.1341371387243271,man,CARABINIERE
cardiologist,0.0005883541889488697,0.03693294897675514,-0.08235367387533188,woman,CARDIOLOGA
carpenter,0.17446686327457428,0.15729135274887085,0.09577960520982742,man,CARPENTIERE
carpenter,0.17446686327457428,0.15729135274887085,0.09577960520982742,man,CARPENTIERIE
homemade,0.0761830285191536,0.08303473889827728,0.12359747290611267,person,CASALINGA
homemade,0.0761830285191536,0.08303473889827728,0.12359747290611267,person,CASALINGO
casinist,0.18248851597309113,0.1770348697900772,0.18550264835357666,person,CASINISTA
cashier,0.08932135999202728,0.14099253714084625,-0.048741213977336884,woman,CASSIERE
knight,0.23661848902702332,0.17590884864330292,0.16057439148426056,man,CAVALIERE
basketball player,0.4280867278575897,0.30700111389160156,0.2956772446632385,man,CESTISTA
that contributes to everyday life,0.5854517817497253,0.5345279574394226,0.6877805590629578,person,CHE CONTRIBUISCE  ALLA VITA QUOTIDIANA
chef,0.15290847420692444,0.22143302857875824,0.06119079887866974,woman,CHEF
chattery,0.2112247794866562,0.22324854135513306,0.1782274693250656,woman,CHIACCHIERONA
chattery,0.2112247794866562,0.22324854135513306,0.1782274693250656,woman,CHIACCHIERONE
surgeon,0.2583581209182739,0.2124796062707901,0.08153000473976135,man,CHIRURGO
guitarist,0.12784871459007263,0.08069126307964325,0.05573620647192001,man,CHITARRISTA
fat,0.1271914392709732,0.15066683292388916,0.2278505116701126,person,CICCIONE
cyclist,0.1241612359881401,0.1310265064239502,0.044995732605457306,woman,CICLISTA
citizen,0.3015255033969879,0.2670997083187103,0.20468680560588837,man,CITTADINA
citizen,0.3015255033969879,0.2670997083187103,0.20468680560588837,man,CITTADINO
customer,0.1688319891691208,0.21514441072940826,0.24990905821323395,person,CLIENTE
asshole,-0.2070791870355606,-0.16351322829723358,-0.16538561880588531,woman,COGLIONE
brother in law,0.6616688966751099,0.5058414936065674,0.5279830098152161,man,COGNATA
brother in law,0.6616688966751099,0.5058414936065674,0.5279830098152161,man,COGNATO
roommate,0.10711561888456345,0.18847940862178802,-0.045663654804229736,woman,COINQUILINA
roommate,0.10711561888456345,0.18847940862178802,-0.045663654804229736,woman,COINQUILINO
collaborate in the drafting of the work,0.5952870845794678,0.4580894112586975,0.6347811222076416,person,COLLABORARE ALLA STESURA DELL'OPERA
collaborator,0.04320673272013664,0.04305219277739525,-0.04965661093592644,man,COLLABORATORE
home collaborator,0.3707948923110962,0.35916492342948914,0.2956245541572571,man,COLLABORATORE IN CASA
collaborator for housework,0.26984769105911255,0.3394295573234558,0.2483324259519577,woman,COLLABORATORE PER LE FACCENDE DI CASA
collaborator,0.04320673272013664,0.04305219277739525,-0.04965661093592644,man,COLLABORATRICE
colleague,0.27357417345046997,0.23850581049919128,0.08578576147556305,man,COLLEGA
comic,0.17126022279262543,0.19360998272895813,0.19260960817337036,woman,COMICA
comic,0.17126022279262543,0.19360998272895813,0.19260960817337036,woman,COMICO
business consultant,0.3828445374965668,0.3197811543941498,0.329764723777771,man,COMMERCIALISTA
merchant,0.1784350723028183,0.1743478924036026,0.10669912397861481,man,COMMERCIANTE
shop assistant,0.3895170986652374,0.34628206491470337,0.2070123553276062,man,COMMESSA
shop assistant,0.3895170986652374,0.34628206491470337,0.2070123553276062,man,COMMESSO
commissioner,0.2338082641363144,0.16838513314723969,0.14125250279903412,man,COMMISSARIA
client,0.2810550630092621,0.2520639896392822,0.25543108582496643,man,COMMITTENTE
company,0.39323291182518005,0.3325262665748596,0.46629226207733154,person,COMPAGNA
work companion,0.4569205641746521,0.4515862762928009,0.4224933087825775,man,COMPAGNA DI LAVORO
student companion,0.3386229872703552,0.39374271035194397,0.2093018740415573,woman,COMPAGNA DI STUDI
life partner,0.48806536197662354,0.5047881603240967,0.4494642913341522,woman,COMPAGNA DI VITA
company,0.39323291182518005,0.3325262665748596,0.46629226207733154,person,COMPAGNO
life partner,0.48806536197662354,0.5047881603240967,0.4494642913341522,woman,COMPAGNO DI VITA
qualified,0.28914186358451843,0.2618529498577118,0.2164262980222702,man,COMPETENTE
partner in crime,0.5267722010612488,0.46357759833335876,0.5245022177696228,man,COMPLICE
with carla,0.26041412353515625,0.37394630908966064,0.2947579026222229,woman,CON CARLA
with friends,0.5114513635635376,0.5185383558273315,0.48766207695007324,woman,CON GLI AMICI
with animals,0.4145794212818146,0.38892877101898193,0.4821054935455322,person,CON GLI ANIMALI
with the children,0.5402758717536926,0.5471523404121399,0.6051064133644104,person,CON I BAMBINI
with children,0.46433699131011963,0.5223058462142944,0.5002115964889526,woman,CON I FIGLI
with the family,0.5697426795959473,0.5124194622039795,0.6264138221740723,person,CON LA FAMIGLIA
leader,0.3512074649333954,0.18041419982910156,0.21441714465618134,man,CONDOTTIERO
driver,0.3336414098739624,0.24443359673023224,0.21212148666381836,man,CONDUCENTE
conductor,0.16115976870059967,0.11773230880498886,0.030030356720089912,man,CONDUTTORE
spouse,0.10712902992963791,0.24962791800498962,0.1217360645532608,woman,CONIUGE
counselor,0.1228099912405014,0.1960502415895462,0.024415258318185806,woman,CONSIGLIERA
counselor,0.1228099912405014,0.1960502415895462,0.024415258318185806,woman,CONSIGLIERE
wife,0.44381773471832275,0.6033654808998108,0.2571352422237396,woman,CONSORTE
consultant,0.2403550148010254,0.21572506427764893,0.1103043183684349,man,CONSULENTE
accountant,0.14030161499977112,0.1424163579940796,0.010142545215785503,woman,CONTABILE
farmer,0.24780716001987457,0.189078226685524,0.0979565754532814,man,CONTADINO
alto,0.049831751734018326,0.0451555959880352,0.034386131912469864,man,CONTRALTO
cohabitant,-0.2508904039859772,-0.17939099669456482,-0.31860968470573425,woman,CONVIVENTE
coordinator,0.1377670168876648,0.09568208456039429,0.053759027272462845,man,COORDINATRICE
co-pilot,-0.053076405078172684,-0.07580535858869553,-0.19042715430259705,man,COPILOTA
choir,0.153932586312294,0.2005469650030136,0.08189435303211212,woman,CORISTA
run,0.38449859619140625,0.30357539653778076,0.42536741495132446,person,CORRERE
runner,0.24729083478450775,0.2949181795120239,0.16396188735961914,woman,CORRIDORE
builder,0.1258072853088379,0.04149297624826431,0.07238371670246124,man,COSTRUTTORE
creature,0.1598987728357315,0.18975196778774261,0.17207543551921844,woman,CREATURA
christian,0.2152072936296463,0.1769670844078064,0.19803372025489807,man,CRISTIANA
cristian christians,0.058175817131996155,0.01694047451019287,0.0629308745265007,person,CRISTIANACCIO
christian,0.2152072936296463,0.1769670844078064,0.19803372025489807,man,CRISTIANO
christ,0.27632173895835876,0.19876433908939362,0.18675553798675537,man,CRISTO
to cook,0.44338566064834595,0.4308741092681885,0.5334829688072205,person,CUCINARE
cooking the roast,0.2500564455986023,0.303631067276001,0.36926501989364624,person,CUCINARE L'ARROSTO
cook,0.21523937582969666,0.2750290632247925,0.2654438018798828,woman,CUCINIERA
cousin,0.2278723567724228,0.2413143515586853,0.11052340269088745,woman,CUGINA
cousin,0.2278723567724228,0.2413143515586853,0.11052340269088745,woman,CUGINO
cook,0.21523937582969666,0.2750290632247925,0.2654438018798828,woman,CUOCA
cook,0.21523937582969666,0.2750290632247925,0.2654438018798828,woman,CUOCO
dancer,0.18931086361408234,0.3459485173225403,0.07148390263319016,woman,DANZATRICE
get to do,0.5719432830810547,0.510991096496582,0.7141870260238647,person,DARSI DA FARE
employer,0.17723968625068665,0.21758094429969788,0.20944516360759735,woman,DATORE DI LAVORO
typist,-0.023263882845640182,0.053870249539613724,-0.1433979868888855,woman,DATTILOGRAFA
decorator,-0.024723222479224205,0.08896421641111374,-0.07314199209213257,woman,DECORATRICE
dentist,0.13089744746685028,0.19273094832897186,0.04003836214542389,woman,DENTISTA
designer,0.17112699151039124,0.26770347356796265,0.12556767463684082,woman,DESIGNER
detectives,0.15776371955871582,0.182524174451828,0.07508280128240585,woman,DETECTIVE
determined,0.40901222825050354,0.35530319809913635,0.42642736434936523,person,DETERMINATA
devil,0.1783558428287506,0.156647726893425,0.17015691101551056,man,DIAVOLO
dietician,-0.23147818446159363,-0.08563321828842163,-0.33715522289276123,woman,DIETOLOGO
employee,0.24321141839027405,0.26614245772361755,0.2185668796300888,woman,DIPENDENTE
paint,0.2004019170999527,0.21809640526771545,0.23264415562152863,person,DIPINGERE
director,0.30355513095855713,0.2838132083415985,0.2176762968301773,man,DIRETTORE
director,0.30355513095855713,0.2838132083415985,0.2176762968301773,man,DIRETTRICE
executive,0.26427996158599854,0.21066442131996155,0.25462985038757324,man,DIRIGENTE
draw,0.26186761260032654,0.21566401422023773,0.34246811270713806,person,DISEGNARE
designer,0.17112699151039124,0.26770347356796265,0.12556767463684082,woman,DISEGNATORE
designer,0.17112699151039124,0.26770347356796265,0.12556767463684082,woman,DISEGNATRICE
unemployed,0.17640112340450287,0.15462251007556915,0.07205560803413391,man,DISOCCUPATO
messy,0.04193514585494995,0.09187512844800949,0.1482285112142563,person,DISORDINATO
available,0.2718125879764557,0.24786320328712463,0.43220019340515137,person,DISPONIBILE
releaser,-0.35121867060661316,-0.24811378121376038,-0.29890066385269165,woman,DIVULGATORE
djs,-0.0762951523065567,-0.04635084792971611,-0.031190766021609306,person,DJ
professor,0.34198546409606934,0.29264381527900696,0.13931283354759216,man,DOCENTE
sweet,0.16812105476856232,0.2678881883621216,0.24408960342407227,woman,DOLCE
domestic,0.2476910650730133,0.19172236323356628,0.2756398320198059,person,DOMESTICA
domestic,0.2476910650730133,0.19172236323356628,0.2756398320198059,person,DOMESTICO
woman,0.41602498292922974,0.6433227062225342,0.32083165645599365,woman,DONNA
woman of the house,0.5811294317245483,0.5958068370819092,0.6049876809120178,person,DONNA DI CASA
play boy,0.5624363422393799,0.4874861240386963,0.46559906005859375,man,DONNAIOLO
sleepylone,0.21468983590602875,0.17880190908908844,0.15479741990566254,man,DORMIGLIONE
sleep,0.2684860825538635,0.31729578971862793,0.2581128180027008,woman,DORMIRE
doctor,0.4070321023464203,0.41086697578430176,0.2367158681154251,woman,DOTTORE
doctor,0.4070321023464203,0.41086697578430176,0.2367158681154251,woman,DOTTORESSA
drivers,0.18978384137153625,0.1042061522603035,0.1926926076412201,person,DRIVER
excellent,0.28363633155822754,0.20455272495746613,0.29194775223731995,person,ECCELLENTE
educator,0.11854895949363708,0.1876898556947708,-0.011249501258134842,woman,EDUCATORE
educator,0.11854895949363708,0.1876898556947708,-0.011249501258134842,woman,EDUCATRICE
efficient,0.12089251726865768,0.06674480438232422,0.25857841968536377,person,EFFICIENTE
selfish,0.1278257966041565,0.11936531215906143,0.13151733577251434,person,EGOISTA
element,0.16895906627178192,0.13801735639572144,0.29823675751686096,person,ELEMENTO
car electric,0.31145212054252625,0.24821139872074127,0.33923041820526123,person,ELETTRAUTO
electrician,0.08169952780008316,0.035947538912296295,-0.08993571251630783,man,ELETTRICISTA
escort,0.10701963305473328,0.25317147374153137,0.055743128061294556,woman,ESCORT
expert,0.2431333214044571,0.1928810477256775,0.18137361109256744,man,ESPERTO
to be,0.5864089727401733,0.4972955882549286,0.7169203162193298,person,ESSERE
human being,0.501127302646637,0.45061343908309937,0.5438351631164551,person,ESSERE UMANO
living being,0.5301770567893982,0.481507271528244,0.5441534519195557,person,ESSERE VIVENTE
beautician,-0.12701371312141418,0.07598984986543655,-0.24035735428333282,woman,ESTETISTA
blacksmith,0.032152559608221054,-0.05585332587361336,-0.09795784205198288,man,FABBRO
clerk,0.24268227815628052,0.25511038303375244,0.07525921612977982,woman,FACCENDIERE
porter,0.15568193793296814,0.15034084022045135,0.07515037059783936,man,FACCHINO
factotum,-0.13935886323451996,-0.14452728629112244,-0.25667256116867065,man,FACTOTUM
do-it-yourself,-0.1469341665506363,-0.1618458330631256,-0.22375884652137756,man,FAI DA TE
carpenter,0.17446686327457428,0.15729135274887085,0.09577960520982742,man,FALEGNAME
wonderful,0.24200594425201416,0.3294566571712494,0.36607664823532104,person,FANCAZZISTA
child,0.3679729402065277,0.49664241075515747,0.3465648889541626,woman,FANCIULLA
child,0.3679729402065277,0.49664241075515747,0.3465648889541626,woman,FANCIULLO
laughter,0.1512576788663864,0.20619045197963715,0.12932251393795013,woman,FANNULLONE
doing male things too,0.5764182209968567,0.5829012393951416,0.6732264757156372,person,FARE COSE ANCHE MASCHILI
making sweets,0.3197256922721863,0.30961793661117554,0.3716273903846741,person,FARE DOLCI
doing homework,0.3765798807144165,0.40937891602516174,0.42938780784606934,person,FARE I COMPITI
make the accounts,0.5409294962882996,0.4488746225833893,0.6731166243553162,person,FARE I CONTI
do the shopping,0.48699283599853516,0.46688345074653625,0.6576334238052368,person,FARE LA SPESA
do heavy work,0.5537685751914978,0.5027341842651367,0.6562128663063049,person,FARE LAVORI PESANTI
do the house chores,0.5299448370933533,0.5127843618392944,0.6183276772499084,person,FARE LE FACCENDE DI CASA
do the housework,0.42572078108787537,0.46949395537376404,0.5710960626602173,person,FARE LE FACCENDE DOMESTICHE
do the cleaning,0.5058113932609558,0.4949725270271301,0.6411017775535583,person,FARE LE PULIZIE
make minor repairs,0.42147698998451233,0.36844661831855774,0.4588673412799835,person,FARE PICCOLE RIPARAZIONI
do small household work,0.5620297193527222,0.5102427005767822,0.6429388523101807,person,FARE PICCOLI LAVORI DOMESTICI
do everything,0.5552207231521606,0.5165783762931824,0.6895431280136108,person,FARE TUTTO
pharmacist,0.06841696053743362,0.10860930383205414,-0.06361948698759079,woman,FARMACISTA
make me feel good,0.6121463179588318,0.5680220723152161,0.7320398092269897,person,FARMI SENTIRE BENE
delivery man,0.4674026370048523,0.3582203984260559,0.35561177134513855,man,FATTORINO
fool,0.20956355333328247,0.14650997519493103,0.2644384503364563,person,FESSO
fiancé,-0.1288067102432251,0.12257468700408936,-0.19917364418506622,woman,FIDANZATA
fiancé,-0.1288067102432251,0.12257468700408936,-0.19917364418506622,woman,FIDANZATO
sounds cool,0.30161601305007935,0.317166268825531,0.41977623105049133,person,FIGA
son,0.47101354598999023,0.35107362270355225,0.2240363508462906,man,FIGLIA
son,0.47101354598999023,0.35107362270355225,0.2240363508462906,man,FIGLIO
son,0.47101354598999023,0.35107362270355225,0.2240363508462906,man,FIGLIOLA
son,0.47101354598999023,0.35107362270355225,0.2240363508462906,man,FIGLIOLO
sounds cool,0.30161601305007935,0.317166268825531,0.41977623105049133,person,FIGO
flower shop,0.2287333756685257,0.2513071298599243,0.2079143524169922,woman,FIORAIA
flower shop,0.2287333756685257,0.2513071298599243,0.2079143524169922,woman,FIORAIO
physiatric,0.18969254195690155,0.23415860533714294,0.12591111660003662,woman,FISIATRA
baker,0.25785353779792786,0.23988258838653564,0.18544434010982513,man,FORNAIO
i photograph,0.5715121030807495,0.5500532984733582,0.5496988892555237,man,FOTOGRAFA
i photograph,0.5715121030807495,0.5500532984733582,0.5496988892555237,man,FOTOGRAFO
brother,0.4677540361881256,0.31501978635787964,0.2289939671754837,man,FRATELLO
freelance,0.14187799394130707,0.16524825990200043,-0.010423805564641953,woman,FREELANCE
greengrocer,-0.1271463930606842,-0.16179056465625763,-0.29384928941726685,man,FRUTTIVENDOLA
greengrocer,-0.1271463930606842,-0.16179056465625763,-0.29384928941726685,man,FRUTTIVENDOLO
cartoonist,0.09331998974084854,0.02399250492453575,-0.020814338698983192,man,FUMETTISTA
officer,0.37835490703582764,0.31291455030441284,0.21849112212657928,man,FUNZIONARIO
cunning,0.06758828461170197,0.05776866152882576,0.020672183483839035,man,FURBO
ice cream man,0.3877936005592346,0.3504495918750763,0.3493209779262543,man,GELATAIA
ice cream man,0.3877936005592346,0.3504495918750763,0.3493209779262543,man,GELATAIO
son in law,0.6582342386245728,0.5178675055503845,0.5171590447425842,man,GENERO
generous,0.17019179463386536,0.1581260859966278,0.19465787708759308,person,GENEROSA
generous,0.17019179463386536,0.1581260859966278,0.19465787708759308,person,GENEROSO
parent,0.16337549686431885,0.23963558673858643,0.2970399260520935,person,GENITORE
gentleman,0.23466140031814575,0.15217091143131256,0.1171431913971901,man,GENTILUOMO
gentleman,0.23466140031814575,0.15217091143131256,0.1171431913971901,man,GENTLEMEN
geologist,0.054713405668735504,-0.06268291175365448,-0.07874222844839096,man,GEOLOGO
surveyor,0.10184101015329361,-0.03221694380044937,-0.03348339721560478,man,GEOMETRA
managing work and family,0.6076381802558899,0.5321962833404541,0.5828100442886353,man,GESTIRE LAVORO E FAMIGLIA
managing situations,0.2636507451534271,0.18341931700706482,0.2786310315132141,person,GESTIRE LE SITUAZIONI
gardener,0.11644254624843597,0.11566546559333801,-0.038214538246393204,man,GIARDINIERA
gardener,0.11644254624843597,0.11566546559333801,-0.038214538246393204,man,GIARDINIERE
gynecologist,-0.044913120567798615,0.09488797932863235,-0.1280883103609085,woman,GINECOLOGA
gynecologist,-0.044913120567798615,0.09488797932863235,-0.1280883103609085,woman,GINECOLOGO
to play,0.5644254684448242,0.4641481935977936,0.6195582747459412,person,GIOCARE
play tennis,0.38536471128463745,0.38695719838142395,0.3688398599624634,woman,GIOCARE A TENNIS
player,0.4535093307495117,0.3095412850379944,0.3275741636753082,man,GIOCATORE
play tennis,0.38536471128463745,0.38695719838142395,0.3688398599624634,woman,GIOCATORE DI TENNIS
player,0.4535093307495117,0.3095412850379944,0.3275741636753082,man,GIOCATRICE
golf player,0.41796427965164185,0.3136196434497833,0.34163016080856323,man,GIOCATRICE DI GOLF
playful,0.06355801969766617,0.13319723308086395,0.10602864623069763,woman,GIOCHERELLONA
juggler,-0.12931065261363983,-0.11287953704595566,-0.22342021763324738,woman,GIOCOLIERE
journalist,0.2937358617782593,0.29937097430229187,0.14597594738006592,woman,GIORNALISTA
young,0.39869439601898193,0.3771016597747803,0.3062421977519989,man,GIOVANE
young man,0.5649362802505493,0.45508337020874023,0.39860817790031433,man,GIOVANOTTO
young,0.39869439601898193,0.3771016597747803,0.3062421977519989,man,GIOVINE
judge,0.3135467767715454,0.3047727644443512,0.28135451674461365,man,GIUDICE
tire shop,0.23261812329292297,0.19651226699352264,0.24837316572666168,person,GOMMISTA
graphic,0.09237243980169296,0.09963901340961456,0.10367430001497269,person,GRAFICO
crane operator,0.12592771649360657,0.15073423087596893,0.15612128376960754,person,GRUISTA
to gain,0.46098247170448303,0.3605011999607086,0.5482475757598877,person,GUADAGNARE
guaglion,0.20446719229221344,0.1877770572900772,0.20320037007331848,man,GUAGLIONA
guaglion,0.20446719229221344,0.1877770572900772,0.20320037007331848,man,GUAGLIONE
gascon,-0.20102600753307343,-0.27325746417045593,-0.22643430531024933,man,GUASCONE
tourist guide,0.21870145201683044,0.19336946308612823,0.267704576253891,person,GUIDA TURISTICA
to drive,0.44292423129081726,0.3489576578140259,0.5551395416259766,person,GUIDARE
driver,0.3336414098739624,0.24443359673023224,0.21212148666381836,man,GUIDATORE
driver,0.3336414098739624,0.24443359673023224,0.21212148666381836,man,GUIDATRICE
handyman,-0.00011113828077213839,0.008235725574195385,-0.04229254648089409,woman,HANDYMAN
plumber,0.04943712800741196,0.008657759055495262,-0.04354257509112358,man,IDRAULICA
plumber,0.04943712800741196,0.008657759055495262,-0.04354257509112358,man,IDRAULICO
illustrator,0.06918738037347794,0.09117481857538223,-0.04608863592147827,woman,ILLUSTRATRICE
painter,0.24504303932189941,0.19203171133995056,0.07417772710323334,man,IMBIANCHINO
imitator,-0.16281944513320923,-0.18581132590770721,-0.16225431859493256,person,IMITATORE
engaged,0.3124621510505676,0.3300263583660126,0.274545818567276,woman,IMPEGNATA
emperor,0.23307585716247559,0.17445993423461914,0.14222434163093567,man,IMPERATORE
plant installer,0.08173736929893494,0.062061648815870285,0.1724196970462799,person,IMPIANTISTA
employee,0.24321141839027405,0.26614245772361755,0.2185668796300888,woman,IMPIEGATA
employee,0.24321141839027405,0.26614245772361755,0.2185668796300888,woman,IMPIEGATO
entrepreneur,0.1867154985666275,0.145206481218338,0.03304251655936241,man,IMPRENDITORE
entrepreneur,0.1867154985666275,0.145206481218338,0.03304251655936241,man,IMPRENDITRICE
improviser,-0.06449364870786667,-0.08727700263261795,-0.2008848488330841,man,IMPROVVISATORE
by bike,0.3672448992729187,0.3337642252445221,0.4033114016056061,person,IN BICILETTA
in home,0.5933210849761963,0.5123233199119568,0.5766792893409729,man,IN CASA
in the kitchen,0.5562269687652588,0.5178014039993286,0.5931185483932495,person,IN CUCINA
in mathematics,0.5142414569854736,0.38190484046936035,0.3899573087692261,man,IN MATEMATICA
in everything,0.6868773698806763,0.5884889960289001,0.7332638502120972,person,IN TUTTO
unclassifiable,-0.2602746784687042,-0.23064178228378296,-0.22475111484527588,person,INCLASSIFICABILE
individual,0.2841837406158447,0.2593911290168762,0.30773207545280457,person,INDIVIDUO
indolent,-0.20008958876132965,-0.18991976976394653,-0.2501940429210663,woman,INDOLENTE
inexistent,-0.22153420746326447,-0.1953088641166687,-0.2221524566411972,woman,INESISTENTE
inept,0.04370204359292984,-0.03125897794961929,0.004148732405155897,man,INETTO
male nurse,0.20402242243289948,0.3797803223133087,0.16074372828006744,woman,INFERMIERA
male nurse,0.20402242243289948,0.3797803223133087,0.16074372828006744,woman,INFERMIERE
influence the thinking of the group,0.5613145232200623,0.45133060216903687,0.6569169759750366,person,INFLUENZARE IL PENSIERO DEL GRUPP
computer scientist,0.32654640078544617,0.24601003527641296,0.2775021195411682,man,INFORMATICA
computer scientist,0.32654640078544617,0.24601003527641296,0.2775021195411682,man,INFORMATICO
engineer,0.2871435284614563,0.14359433948993683,0.12334369868040085,man,INGEGNERE
tenant,0.020930353552103043,0.06352977454662323,0.02138322778046131,woman,INQUILINA
tenant,0.020930353552103043,0.06352977454662323,0.02138322778046131,woman,INQUILINO
teacher,0.3797566592693329,0.42279285192489624,0.17949403822422028,woman,INSEGNANTE
yoga teacher,0.28085365891456604,0.34849780797958374,0.13535675406455994,woman,INSEGNANTE DI YOGA
to teach,0.4718118906021118,0.4148159325122833,0.48854920268058777,person,INSEGNARE
installer,-0.078144870698452,-0.06724859029054642,-0.0755244642496109,woman,INSTALLATORE
installer,-0.078144870698452,-0.06724859029054642,-0.0755244642496109,woman,INSTALLATRICE
intelligent,0.2017737179994583,0.18727518618106842,0.1961108297109604,man,INTELLIGENTE
connoisseur,-0.0032722626347094774,-0.020739806815981865,-0.06212034448981285,man,INTENDITORE
interlocutor,-0.07881835848093033,-0.0998913049697876,-0.13933376967906952,man,INTERLOCUTORE
interpreter,0.2080756574869156,0.17496979236602783,0.0451638400554657,man,INTERPRETE
interpreter of gender equality,0.30388909578323364,0.34285756945610046,0.31453487277030945,woman,INTERPRETE DELLA PARITà DI GENERE
entertainer,0.07378719002008438,0.1405765414237976,0.022147275507450104,woman,INTRATTENITORE
inventor,0.1385372430086136,0.01049920916557312,0.02980632893741131,man,INVENTORE
instructor,0.2502462863922119,0.24183925986289978,0.02857443504035473,man,ISTRUTTORE
juventino,-0.2554782032966614,-0.28625383973121643,-0.33494606614112854,man,JUVENTINA
juventino,-0.2554782032966614,-0.28625383973121643,-0.33494606614112854,man,JUVENTINO
to complain,0.46642833948135376,0.42249980568885803,0.567288339138031,person,LAMENTARSI
laundryman,-0.3030562698841095,-0.27564239501953125,-0.42210134863853455,woman,LAVANDAIA
laundryman,-0.3030562698841095,-0.27564239501953125,-0.42210134863853455,woman,LAVANDAIO
washing,0.0674753487110138,0.13427282869815826,0.1408511847257614,person,LAVATIVO
to work,0.5959853529930115,0.5020807385444641,0.6527529358863831,person,LAVORARE
worker,0.27598094940185547,0.33380234241485596,0.17119388282299042,woman,LAVORATORE
self employed,0.3946845531463623,0.3312237560749054,0.3580586910247803,man,LAVORATORE AUTONOMO
domestic worker,0.33349287509918213,0.3313941955566406,0.2882675230503082,man,LAVORATORE DOMESTICO
worker,0.27598094940185547,0.33380234241485596,0.17119388282299042,woman,LAVORATRICE
self employed,0.3946845531463623,0.3312237560749054,0.3580586910247803,man,LAVORATRICE AUTONOMA
working mother,0.5571604371070862,0.6982823014259338,0.46118298172950745,woman,LAVORATRICE MADRE
professional remote worker,0.4276309013366699,0.3832632005214691,0.34446364641189575,man,LAVORATRICE PROFESSIONISTA IN REMOTO
smartworking worker,0.12127628922462463,0.11205559223890305,0.15846888720989227,person,LAVORATRICE SMARTWORKING
houseworks,0.157327339053154,0.17073461413383484,0.204692080616951,person,LAVORI DOMESTICI
ass-guck,0.19751593470573425,0.19229616224765778,0.1298987865447998,man,LECCACULO
to read,0.5494430065155029,0.48156917095184326,0.592441976070404,person,LEGGERE
reader,0.2272491604089737,0.29777267575263977,0.23077960312366486,woman,LETTORE
reader,0.2272491604089737,0.29777267575263977,0.23077960312366486,woman,LETTRICE
smooth,0.13970740139484406,0.12607796490192413,0.20500372350215912,person,LEVIGARE
freelance,0.14187799394130707,0.16524825990200043,-0.010423805564641953,woman,LIBERA PROFESSIONISTA
machinist,-0.02537999302148819,-0.04148951545357704,-0.1749599575996399,man,MACCHINISTA
butcher,0.1321781426668167,0.06719833612442017,0.008990791626274586,man,MACELLAIO
mother,0.41890770196914673,0.6831807494163513,0.3054063320159912,woman,MADRE
master,0.3447403907775879,0.25445348024368286,0.17706702649593353,man,MAESTRA
master,0.3447403907775879,0.25445348024368286,0.17706702649593353,man,MAESTRO
ski instructor,0.24259701371192932,0.24578627943992615,0.10182499885559082,woman,MAESTRO DI SCI
butler,0.2260410636663437,0.17382562160491943,0.12941831350326538,man,MAGGIORDOMO
mom,0.22491279244422913,0.482902854681015,0.2124011516571045,woman,MAMMA
manager,0.36973464488983154,0.2344433069229126,0.21838080883026123,man,MANAGER
house manager,0.508714497089386,0.40588638186454773,0.4088717997074127,man,MANAGER DELLA CASA
to eat,0.4461973011493683,0.4240785539150238,0.5475360155105591,person,MANGIARE
pastry eater,-0.015283268876373768,0.04054288938641548,-0.0003949283855035901,woman,MANGIATORE DI PASTICCINI
glutton,-0.1508423238992691,-0.18668711185455322,-0.16665737330913544,man,MANGIONE
labor worker,0.2858346402645111,0.3160656988620758,0.24260789155960083,woman,MANOVALE
maintainer,-0.20362341403961182,-0.185667484998703,-0.1966843605041504,woman,MANUTENTORE
maintainer,-0.20362341403961182,-0.185667484998703,-0.1966843605041504,woman,MANUTENTRICE
sailor man,0.441603422164917,0.3905179798603058,0.2495540976524353,man,MARINAIO
husband,0.41540318727493286,0.5515285730361938,0.26583683490753174,woman,MARITO
massage therapist,0.09071528166532516,0.21957841515541077,0.074433833360672,woman,MASSAGGIATORE
massage therapist,0.09071528166532516,0.21957841515541077,0.074433833360672,woman,MASSAGGIATRICE
massager,-0.18929196894168854,-0.1353956013917923,-0.1955593377351761,woman,MASSAIA
massager,-0.18929196894168854,-0.1353956013917923,-0.1955593377351761,woman,MASSAIO
mathematical,0.1610611230134964,0.08493872731924057,0.08995775878429413,man,MATEMATICO
mechanic,0.18119756877422333,0.10398273169994354,0.0021658940240740776,man,MECCANICA
mechanic,0.18119756877422333,0.10398273169994354,0.0021658940240740776,man,MECCANICO
mediator,0.06727190315723419,0.006317935883998871,0.02585431933403015,man,MEDIATRICE
doctor,0.4070321023464203,0.41086697578430176,0.2367158681154251,woman,MEDICO
basic doctor,0.42434456944465637,0.40145182609558105,0.34022268652915955,man,MEDICO DI BASE
careless,0.06935696303844452,0.035015229135751724,0.04381059482693672,man,MENEFREGHISTA
merentor,0.18358448147773743,0.2186870127916336,0.14763590693473816,woman,MERETRICE
bitch,0.005850266665220261,0.13324972987174988,0.05117332935333252,woman,MIGNOTTA
military,0.37666693329811096,0.24366703629493713,0.35991495847702026,man,MILITARE
minister,0.33456090092658997,0.24935214221477509,0.22731369733810425,man,MINISTRA
wife,0.44381773471832275,0.6033654808998108,0.2571352422237396,woman,MOGLIE
wife,0.44381773471832275,0.6033654808998108,0.2571352422237396,woman,MOGLIETTINA
set up,0.505272388458252,0.4683375358581543,0.5655516386032104,person,MONTARE
motorcyclist,-0.06071918085217476,-0.04813779145479202,-0.13013778626918793,woman,MOTOCICLISTA
multitasking,-0.12863923609256744,-0.054300080984830856,-0.07591678947210312,woman,MULTITASKING
mason,0.145813450217247,0.16782352328300476,0.10979476571083069,woman,MURATORE
musician,0.2702246606349945,0.24056607484817505,0.11068978160619736,man,MUSICISTA
narcissus,-0.1208009421825409,-0.06628058105707169,-0.15770646929740906,woman,NARCISO
narrator,0.17462769150733948,0.22775141894817352,0.11492779105901718,woman,NARRATORE
navigator,0.009276194497942924,0.011420787312090397,0.05519280210137367,person,NAVIGATRICE
retailer,0.059112850576639175,0.12009719759225845,0.16613374650478363,person,NEGOZIANTE
in the calculations,0.5231280326843262,0.3908275365829468,0.5681372880935669,person,NEI CALCOLI
in house work,0.6548171639442444,0.5604369044303894,0.647651195526123,man,NEI LAVORI DI CASA
in the diy,0.4478960335254669,0.3811569809913635,0.5270116329193115,person,NEL BRICOLAGE
in the drawing,0.6016060709953308,0.47697269916534424,0.6101852059364319,person,NEL DISEGNO
in the diy,0.4478960335254669,0.3811569809913635,0.5270116329193115,person,NEL FAI DA TE
at work,0.604830801486969,0.52447110414505,0.5641482472419739,man,NEL LAVORO
in the execution,0.558057427406311,0.42939454317092896,0.583871603012085,person,NELLA ESECUZIONE
in the management,0.5875720381736755,0.45147860050201416,0.6199533343315125,person,NELLA GESTIONE
in the house choices,0.5944232940673828,0.5222022533416748,0.6292181611061096,person,NELLE FACCENDE DI CASA
in the household work,0.6193016171455383,0.5177270174026489,0.6410388946533203,person,NELLE FACCENDE DOMESTICHE
in maintenance,0.4477444887161255,0.4000450372695923,0.4991324543952942,person,NELLE MANUTENZIONI
in sports,0.523354709148407,0.3913036286830902,0.5014837384223938,man,NELLO SPORT
dustman,-0.2185482382774353,-0.2213537096977234,-0.31131523847579956,man,NETTURBINO
neurologist,0.029689118266105652,0.03137819468975067,-0.11105380207300186,woman,NEUROLOGA
grandson,0.22019022703170776,0.1572820246219635,0.052689678966999054,man,NIPOTE
nephew,0.2694413959980011,0.14727789163589478,0.04023708775639534,man,NIPOTINO
not no,0.5940255522727966,0.5050888657569885,0.6888493299484253,person,NONNA
not no,0.5940255522727966,0.5050888657569885,0.6888493299484253,person,NONNO
notary,-0.0055464101023972034,-0.014441702514886856,-0.12458524852991104,man,NOTAIO
nothing,0.5869259834289551,0.4954511523246765,0.6934433579444885,person,NULLAFACENTE
to swim,0.39400041103363037,0.403043270111084,0.4357908368110657,person,NUOTARE
swimmer,0.12308450788259506,0.23633427917957306,0.01206819899380207,woman,NUOTATORE
swimmer,0.12308450788259506,0.23633427917957306,0.01206819899380207,woman,NUOTATRICE
omit,-0.11193767935037613,-0.1485954225063324,0.03001728653907776,person,OMETTO
little man,0.6292242407798767,0.5241733193397522,0.5818766951560974,man,OMINO
worker,0.27598094940185547,0.33380234241485596,0.17119388282299042,woman,OPERAIA
worker,0.27598094940185547,0.33380234241485596,0.17119388282299042,woman,OPERAIO
operator,0.14585496485233307,0.14595511555671692,0.15712769329547882,person,OPERATORE
computer operator,0.26549237966537476,0.22868584096431732,0.29251641035079956,person,OPERATORE A COMPUTER
crane operator,0.12592771649360657,0.15073423087596893,0.15612128376960754,person,OPERATORE DI GRU
ecological operator,0.1140022948384285,0.11745717376470566,0.17855875194072723,person,OPERATORE ECOLOGICO
computer operator,0.26549237966537476,0.22868584096431732,0.29251641035079956,person,OPERATORE INFORMATICO
operator,0.14585496485233307,0.14595511555671692,0.15712769329547882,person,OPERATRICE
opportunist,-0.011086546815931797,-0.03976718336343765,-0.045405417680740356,man,OPPORTUNISTA
speaker,0.2561100423336029,0.2152220755815506,0.15903404355049133,man,ORATORE
speaker,0.2561100423336029,0.2152220755815506,0.15903404355049133,man,ORATRICE
order at home,0.5858862400054932,0.5102535486221313,0.5737449526786804,man,ORDINARE IN CASA
organize,0.17467817664146423,0.15644757449626923,0.17044712603092194,man,ORGANIZZARE
organize parties,0.2803659737110138,0.25475385785102844,0.3022376298904419,person,ORGANIZZARE FESTE
organize meetings,0.30787697434425354,0.25264179706573486,0.21713243424892426,man,ORGANIZZARE RIUNIONI
manager,0.36973464488983154,0.2344433069229126,0.21838080883026123,man,ORGANIZZATORE
manager,0.36973464488983154,0.2344433069229126,0.21838080883026123,man,ORGANIZZATRICE
guest,0.21558457612991333,0.2578026354312897,0.1322193443775177,woman,OSPITE
observer,0.19731663167476654,0.12985503673553467,0.12959925830364227,man,OSSERVATORE
obstetrician,-0.06536685675382614,0.07335998117923737,-0.13145165145397186,woman,OSTETRICA
obstetrician,-0.06536685675382614,0.07335998117923737,-0.13145165145397186,woman,OSTETRICO
father,0.5791799426078796,0.4927181899547577,0.30655092000961304,man,PADRE
father of the family,0.6069956421852112,0.5206096172332764,0.5755432844161987,man,PADRE DI FAMIGLIA
master,0.3447403907775879,0.25445348024368286,0.17706702649593353,man,PADRONA
householder,-0.07401654124259949,-0.039705149829387665,-0.1189626008272171,woman,PADRONA DI CASA
master,0.3447403907775879,0.25445348024368286,0.17706702649593353,man,PADRONE
householder,-0.07401654124259949,-0.039705149829387665,-0.1189626008272171,woman,PADRONE DI CASA
volleyball player,0.30529433488845825,0.26916784048080444,0.20058190822601318,man,PALLAVOLISTA
baker,0.25785353779792786,0.23988258838653564,0.18544434010982513,man,PANETTIERE
pope,0.3354557752609253,0.19269685447216034,0.21878476440906525,man,PAPA'
pimp,-0.013206484727561474,0.05776592716574669,-0.04996700957417488,woman,PAPPONE
paraculo,0.20319221913814545,0.17244881391525269,0.19059108197689056,man,PARACULO
speak,0.4196747839450836,0.3818798363208771,0.3345700204372406,man,PARLARE
talker,0.004058199934661388,0.014688296243548393,-0.07548796385526657,woman,PARLATORE
hair salon,0.21608828008174896,0.3577810525894165,0.1470271795988083,woman,PARRUCCHIERA
hair salon,0.21608828008174896,0.3577810525894165,0.1470271795988083,woman,PARRUCCHIERE
partner,0.2373490035533905,0.2748042345046997,0.20975571870803833,woman,PARTNER
pastry chef,0.07874032855033875,0.1702791005373001,0.055038005113601685,woman,PASTICCERA
pastry chef,0.07874032855033875,0.1702791005373001,0.055038005113601685,woman,PASTICCERE
buddled,0.18944470584392548,0.19689686596393585,0.17843793332576752,woman,PASTICCIONE
shepherd,0.1225886270403862,0.11060667783021927,0.043886344879865646,man,PASTORE
potato,0.08135777711868286,0.0907355546951294,0.11826612800359726,person,PATATONE
skater,0.08635696768760681,0.20138563215732574,0.04902537167072296,woman,PATTINATRICE
pediatrician,0.03360477089881897,0.14894497394561768,-0.06352683156728745,woman,PEDIATRA
pedicure,-0.18794135749340057,-0.017232438549399376,-0.11132984608411789,woman,PEDICURE
pelandrone,0.20800425112247467,0.1525883674621582,0.15784701704978943,man,PELANDRONE
thinker,0.07900156825780869,0.018779873847961426,-0.015296878293156624,man,PENSATORE
waster,-0.18280823528766632,-0.10888954252004623,-0.08896718174219131,person,PERDIGIORNO
person,0.4878171682357788,0.4403921067714691,0.4582027196884155,man,PERSONA
character,0.33171314001083374,0.3706045150756836,0.2949029207229614,woman,PERSONAGGIO
fisherman,0.13244827091693878,0.10597951710224152,0.016334474086761475,man,PESCATORE
to plan,0.5134699940681458,0.41608521342277527,0.6137874722480774,person,PIANIFICARE
pianist,0.1771593689918518,0.20221848785877228,0.03623064607381821,woman,PIANISTA
lazy,0.08021106570959091,0.11936384439468384,0.12336503714323044,person,PIGRONE
pilot,0.2856679856777191,0.24312365055084229,0.20913052558898926,man,PILOTA
motorbike pilot,0.26508069038391113,0.17930111289024353,0.13335303962230682,man,PILOTA DI MOTO
pirla,0.21101906895637512,0.2422281801700592,0.179995596408844,woman,PIRLA
pyrlone,0.14934682846069336,0.17528846859931946,0.1703733503818512,woman,PIRLONE
pischello,0.1992291361093521,0.14325235784053802,0.1698773205280304,man,PISCHELLO
painter,0.24504303932189941,0.19203171133995056,0.07417772710323334,man,PITTORE
painter,0.24504303932189941,0.19203171133995056,0.07417772710323334,man,PITTRICE
pizza maker,0.2084960639476776,0.14726975560188293,0.20551380515098572,man,PIZZAIOLO
poet,0.20946688950061798,0.21096786856651306,0.09482769668102264,woman,POETA
poker player,0.3707028925418854,0.2677498459815979,0.25237011909484863,man,POKERISTA
versatile,0.08501038700342178,0.05943022295832634,0.08635619282722473,person,POLIEDRICA
policy,0.3424004912376404,0.2634540796279907,0.368836909532547,person,POLITICA
political expert,0.3959803283214569,0.2986796796321869,0.34208476543426514,man,POLITOLOGO
policeman,0.24795231223106384,0.17995768785476685,0.07072320580482483,man,POLIZIOTTA
policeman,0.24795231223106384,0.17995768785476685,0.07072320580482483,man,POLIZIOTTO
fireman,0.042659927159547806,0.0032156642992049456,-0.09696658700704575,man,POMPIERA
fireman,0.042659927159547806,0.0032156642992049456,-0.09696658700704575,man,POMPIERE
blowjob,0.17878054082393646,0.25998032093048096,0.21604391932487488,woman,POMPINARA
pornstar,-0.3593531548976898,-0.17785565555095673,-0.3999484181404114,woman,PORNODIVO
installer,-0.078144870698452,-0.06724859029054642,-0.0755244642496109,woman,POSATORE
delivery man,0.4674026370048523,0.3582203984260559,0.35561177134513855,man,POSTINA
delivery man,0.4674026370048523,0.3582203984260559,0.35561177134513855,man,POSTINO
accurate,0.19073395431041718,0.14880718290805817,0.30531251430511475,person,PRECISO
take care of yourself and of carla,0.5356256365776062,0.544959306716919,0.6529688239097595,person,PRENDERSI CURA DI Sè E DI CARLA
prepare sweets,0.1745668649673462,0.20441149175167084,0.20019379258155823,woman,PREPARARE I DOLCI
prepare breakfast,0.2715432643890381,0.2770305573940277,0.24319984018802643,woman,PREPARARE LA COLAZIONE
announcer,0.14887669682502747,0.0822867602109909,0.049120791256427765,man,PRESENTATORE
announcer,0.14887669682502747,0.0822867602109909,0.049120791256427765,man,PRESENTATRICE
president,0.40223681926727295,0.29336443543434143,0.31190919876098633,man,PRESIDENTE
prime minister,0.34691163897514343,0.2521853446960449,0.25015008449554443,man,PRESIDENTE DEL CONSIGLIO
prestidigitator,0.25538215041160583,0.2573109269142151,0.13072916865348816,woman,PRESTIDIGITATORE
magician,0.09579770267009735,0.04815477505326271,-0.01993032731115818,man,PRESTIGIATORE
priest,0.3242653012275696,0.23059989511966705,0.1542493849992752,man,PRETE
professional,0.38603606820106506,0.2993384301662445,0.25453704595565796,man,PROFESSIONALE
professional,0.38603606820106506,0.2993384301662445,0.25453704595565796,man,PROFESSIONISTA
professional house cleaning,0.46492764353752136,0.45627763867378235,0.42160889506340027,man,PROFESSIONISTA DELLA PULIZIA DI CASA
professor,0.34198546409606934,0.29264381527900696,0.13931283354759216,man,PROFESSORE
professor,0.34198546409606934,0.29264381527900696,0.13931283354759216,man,PROFESSORESSA
to design,0.4619772732257843,0.4129727780818939,0.5497478246688843,person,PROGETTARE
designer,0.17112699151039124,0.26770347356796265,0.12556767463684082,woman,PROGETTISTA
programmer,0.09703467041254044,0.04475874826312065,0.031109970062971115,man,PROGRAMMATORE
programmer,0.09703467041254044,0.04475874826312065,0.031109970062971115,man,PROGRAMMATRICE
project manager,0.41857877373695374,0.33024659752845764,0.36181336641311646,man,PROJECT MANAGER
psychiatrist,0.15665198862552643,0.18522894382476807,0.01884004846215248,woman,PSICHIATRA
psychologist,0.10767491906881332,0.19043153524398804,0.015172300860285759,woman,PSICOLOGA
psychologist,0.10767491906881332,0.19043153524398804,0.015172300860285759,woman,PSICOLOGO
boxer,0.18590883910655975,0.2238069623708725,0.07865841686725616,woman,PUGILE
to clean,0.46982425451278687,0.4165579080581665,0.5512485504150391,person,PULIRE
clean house,0.44426801800727844,0.42695966362953186,0.47004178166389465,person,PULIRE CASA
cleaner,0.10869600623846054,0.11550399661064148,0.14736226201057434,person,PULITORE
cleaner,0.10869600623846054,0.11550399661064148,0.14736226201057434,person,PULITRICE
boy,0.431032657623291,0.3972035050392151,0.2730407416820526,man,RAGAZZA
little boy,0.5180421471595764,0.4966486692428589,0.4919794201850891,man,RAGAZZINO
boy,0.431032657623291,0.3972035050392151,0.2730407416820526,man,RAGAZZO
accountant,0.14030161499977112,0.1424163579940796,0.010142545215785503,woman,RAGIONIERA
accountant,0.14030161499977112,0.1424163579940796,0.010142545215785503,woman,RAGIONIERE
recruiters,0.056366052478551865,0.0674775019288063,0.05124162882566452,woman,RECRUITER
movie director,0.36233195662498474,0.37347176671028137,0.37747326493263245,person,REGISTA
relating,0.17374853789806366,0.10408511757850647,0.14457346498966217,man,RELAZIONANDOSI
responsible,0.3456113636493683,0.24394875764846802,0.3955012857913971,person,RESPONSABILE
restorer,-0.0697622001171112,-0.06243569403886795,-0.1816703975200653,woman,RESTAURATRICE
researcher,0.15463462471961975,0.17214025557041168,0.0912792831659317,woman,RICERCATORE
researcher,0.15463462471961975,0.17214025557041168,0.0912792831659317,woman,RICERCATRICE
laugh,0.2517545521259308,0.28624579310417175,0.29479676485061646,person,RIDERE
reorder,-0.11941371858119965,-0.07986384630203247,-0.06107271462678909,person,RIORDINARE
unsorcerer,0.22191303968429565,0.206232488155365,0.13274969160556793,man,RIORDINATORE
unsorcerer,0.22191303968429565,0.206232488155365,0.13274969160556793,man,RIORDINATRICE
repair,0.1900595724582672,0.15933814644813538,0.20756018161773682,person,RIPARARE
fix everything,0.3967001736164093,0.35440593957901,0.5137770175933838,person,RIPARARE TUTTO
repairman,0.015111190266907215,0.014411255717277527,-0.09838005900382996,man,RIPARATORE
computer repair,0.2971162796020508,0.24090220034122467,0.3283917009830475,person,RIPARATORE DI COMPUTER
repairman,0.015111190266907215,0.014411255717277527,-0.09838005900382996,man,RIPARATRICE
fixes everything,0.335676908493042,0.3228045105934143,0.4395545721054077,person,RIPARATUTTO
to break,0.5173372626304626,0.44167429208755493,0.5902554392814636,person,ROMPERE
pain asshole,0.09617701172828674,0.15386535227298737,0.1316448450088501,woman,ROMPICOGLIONI
ball breaker,0.25384464859962463,0.20583651959896088,0.26596418023109436,person,ROMPIPALLE
buzzers,-0.1936628669500351,-0.16208988428115845,-0.15866155922412872,person,ROMPISCATOLE
priest,0.3242653012275696,0.23059989511966705,0.1542493849992752,man,SACERDOTE
pole vaulter,0.0664195641875267,0.10105805099010468,-0.0035007901024073362,woman,SALTATRICE CON L'ASTA
butcher,0.1321781426668167,0.06719833612442017,0.008990791626274586,man,SALUMIERE
tailor,0.10365062206983566,0.07407557219266891,0.02267519198358059,man,SARTA
tailor,0.10365062206983566,0.07407557219266891,0.02267519198358059,man,SARTO
chess player,0.37302300333976746,0.26790645718574524,0.2313029021024704,man,SCACCHISTA
climber,0.07144235074520111,0.06396622210741043,0.01055076066404581,man,SCALATORE
slackers,-0.19188877940177917,-0.18679484724998474,-0.15297695994377136,person,SCANSAFATICHE
fool,0.20956355333328247,0.14650997519493103,0.2644384503364563,person,SCEMO
set designer,0.3507736623287201,0.4056088328361511,0.34547433257102966,woman,SCENOGRAFA
slave,0.09169124811887741,0.15196748077869415,0.08089666068553925,woman,SCHIAVA
ski,0.14572718739509583,0.15724501013755798,0.12393341213464737,woman,SCIARE
skier,0.09600653499364853,0.15345638990402222,0.021302126348018646,woman,SCIATORE
skier,0.09600653499364853,0.15345638990402222,0.021302126348018646,woman,SCIATRICE
scientist,0.2574918270111084,0.18187695741653442,0.13793061673641205,man,SCIENZIATA
scientist,0.2574918270111084,0.18187695741653442,0.13793061673641205,man,SCIENZIATO
schoolboy,0.10097438842058182,0.05166880413889885,-0.05929930880665779,man,SCOLARA
schoolkid,-0.2332032024860382,-0.10124677419662476,-0.24553322792053223,woman,SCOLARETTO
schoolboy,0.10097438842058182,0.05166880413889885,-0.05929930880665779,man,SCOLARO
unknown,0.27998247742652893,0.26703089475631714,0.29353761672973633,person,SCONOSCIUTA
unknown,0.27998247742652893,0.26703089475631714,0.29353761672973633,person,SCONOSCIUTO
fuck,0.006708814762532711,0.03333301097154617,0.1232985332608223,person,SCOPARE
writer,0.2622605264186859,0.2887679636478424,0.19178561866283417,woman,SCRITTORE
writer,0.2622605264186859,0.2887679636478424,0.19178561866283417,woman,SCRITTRICE
to write,0.47978803515434265,0.4456068277359009,0.547232985496521,person,SCRIVERE
write to the computer,0.5441675186157227,0.4723868668079376,0.6259647607803345,person,SCRIVERE AL COMPUTER
sculptor,0.11660503596067429,0.11063000559806824,-0.021776467561721802,man,SCULTORE
secretary,0.2904779613018036,0.23206552863121033,0.2077864408493042,man,SEGRETARIA
simplify problems,0.22558842599391937,0.1853669434785843,0.3226773738861084,person,SEMPLIFICARE I PROBLEMI
servant,0.24966935813426971,0.21736614406108856,0.05813346058130264,man,SERVA
servite,-0.10148048400878906,-0.13571316003799438,-0.2574729025363922,man,SERVETTO
sexist,-0.041630472987890244,0.04752559959888458,0.026418445631861687,woman,SESSISTA
lazy,0.08021106570959091,0.11936384439468384,0.12336503714323044,person,SFATICATO
man,0.5926738381385803,0.42041802406311035,0.3927689492702484,man,SIGNORA
lady of the house,0.5207898616790771,0.5312671661376953,0.5690234303474426,person,SIGNORA DELLA CASA
man,0.5926738381385803,0.42041802406311035,0.3927689492702484,man,SIGNORE
mayor,0.3183457553386688,0.26296302676200867,0.18567147850990295,man,SINDACA
mayor,0.3183457553386688,0.26296302676200867,0.18567147850990295,man,SINDACO
tidy up,0.3347274363040924,0.33665698766708374,0.4134998321533203,person,SISTEMARE
fix the house,0.4979109764099121,0.42806869745254517,0.584501326084137,person,SISTEMARE LA CASA
fix the machine,0.4250085949897766,0.3343527019023895,0.5335533618927002,person,SISTEMARE LA MACCHINA
fix chandelier,0.05552821606397629,0.07506264001131058,0.15160603821277618,person,SISTEMARE LAMPADARIO
smartworker,0.11062371730804443,0.12158740311861038,0.18375198543071747,person,SMARTWORKER
rescuer,-0.03761950880289078,0.02294114977121353,-0.13423599302768707,woman,SOCCORRITRICE
socialize,-0.017359014600515366,0.0313090942800045,0.02766725793480873,woman,SOCIALIZZARE
partner,0.2373490035533905,0.2748042345046997,0.20975571870803833,woman,SOCIO
subject,0.3900342881679535,0.3469623923301697,0.4418197274208069,person,SOGGETTO
soldier,0.3085157871246338,0.2192494422197342,0.19425247609615326,man,SOLDATO
withstand me,0.41340509057044983,0.3851858377456665,0.49606746435165405,person,SOPPORTARMI
sister,0.255950927734375,0.5505592226982117,0.25223299860954285,woman,SORELLA
drug dealer,0.28453999757766724,0.2193545401096344,0.2589357793331146,man,SPACCIATORE
scavenger,-0.09023604542016983,-0.05307678505778313,-0.04563063010573387,person,SPAZZINO
mirror,0.19456546008586884,0.2124464362859726,0.2213168889284134,person,SPECCHIARSI
speleologist,-0.24696992337703705,-0.23925374448299408,-0.3756958544254303,woman,SPELEOLOGA
stapler,-0.22616668045520782,-0.2208547294139862,-0.20267926156520844,person,SPILLATRICE
sport,0.31241896748542786,0.22882816195487976,0.32680732011795044,person,SPORT
sporty,-0.06031682714819908,0.009931384585797787,0.03176190331578255,person,SPORTIVO
groom,0.07825316488742828,0.10488925874233246,0.020832961425185204,woman,SPOSA
groom,0.07825316488742828,0.10488925874233246,0.020832961425185204,woman,SPOSO
intern,0.05945838987827301,0.16559548676013947,-0.044006191194057465,woman,STAGISTA
stay as a couple,0.6522199511528015,0.6180965900421143,0.6738061904907227,person,STARE IN COPPIA
statistics,0.21168556809425354,0.11955448240041733,0.2204948514699936,person,STATISTICA
stylist,-0.006450097542256117,0.17271475493907928,-0.060448966920375824,woman,STILISTA
press,0.35338523983955383,0.30084916949272156,0.32810690999031067,man,STIRARE
ironer,0.166092187166214,0.16979679465293884,0.19550330936908722,person,STIRATRICE
asshole,-0.2070791870355606,-0.16351322829723358,-0.16538561880588531,woman,STRONZO
student,0.36026737093925476,0.3788638710975647,0.21963469684123993,woman,STUDENTE
study,0.366187185049057,0.3291601240634918,0.38203713297843933,person,STUDIARE
scholar,0.24675841629505157,0.19896440207958221,0.07868437469005585,man,STUDIOSA
scholar,0.24675841629505157,0.19896440207958221,0.07868437469005585,man,STUDIOSO
cocksucker,0.25229138135910034,0.24147148430347443,0.12059102952480316,man,SUCCHIACAZZI
father in law,0.6901906132698059,0.5685814619064331,0.547014594078064,man,SUOCERA
father in law,0.6901906132698059,0.5685814619064331,0.547014594078064,man,SUOCERO
to ring,0.4532969295978546,0.3895663022994995,0.5002702474594116,person,SUONARE
nun,0.10381927341222763,0.2615343928337097,0.018576839938759804,woman,SUORA
supporters,0.31675705313682556,0.21774065494537354,0.23661240935325623,man,SUPPORTER
surfist,0.2089964896440506,0.2208147943019867,0.18899115920066833,woman,SURFISTA
developer,0.1207694560289383,0.055543966591358185,0.10518704354763031,man,SVILUPPATORE
unscrew the wheel bolts,0.1794367879629135,0.1440628468990326,0.26271554827690125,person,SVITARE I BULLONI DELLE RUOTE
taxi driver,0.27825111150741577,0.21177513897418976,0.19011779129505157,man,TASSISTA
technical,0.253743439912796,0.17076747119426727,0.26842933893203735,person,TECNICO
tennis player,0.3819180727005005,0.34827902913093567,0.2960498332977295,man,TENNISTA
tenor,0.09471575170755386,0.03770724684000015,-0.016333522275090218,man,TENORE
therapist,0.10524741560220718,0.24729089438915253,0.04035010561347008,woman,TERAPEUTA
terrorist,0.27981746196746826,0.1582818329334259,0.29080522060394287,person,TERRORISTA
tester,-0.024190718308091164,0.0027069896459579468,0.027716193348169327,person,TESTER
guy,0.4347867965698242,0.2648603320121765,0.34131357073783875,man,TIPA
guy,0.4347867965698242,0.2648603320121765,0.34131357073783875,man,TIPO
printer,0.09589578956365585,0.006336957216262817,0.09652131795883179,person,TIPOGRAFO
dude,0.10281985998153687,0.05527682602405548,0.08290450274944305,man,TIZIO
translator,0.16982513666152954,0.159935861825943,0.06798015534877777,man,TRADUTTORE
ferryman,-0.16909633576869965,-0.15204980969429016,-0.2231627106666565,woman,TRAGHETTATORE
transgender,-0.05876884609460831,0.09594099223613739,-0.044478122144937515,woman,TRANSGENDER
put on makeup,0.46936118602752686,0.4697759747505188,0.539048969745636,person,TRUCCARSI
make up artist,0.5964822173118591,0.5649359822273254,0.6263149380683899,person,TRUCCATRICE
legal guardian,0.2990380525588989,0.31032106280326843,0.3360689580440521,person,TUTORE
handyman,-0.00011113828077213839,0.008235725574195385,-0.04229254648089409,woman,TUTTOFARE
human,0.29690852761268616,0.2812945544719696,0.34665676951408386,person,UMANA
human,0.29690852761268616,0.2812945544719696,0.34665676951408386,person,UMANO
man,0.5926738381385803,0.42041802406311035,0.3927689492702484,man,UOMO
business man,0.6228058934211731,0.4643682837486267,0.5238367319107056,man,UOMO D'AFFARI
cleaning man,0.46025267243385315,0.41746804118156433,0.3682824671268463,man,UOMO DELLE PULIZIE
man of the house,0.6324668526649475,0.5069735050201416,0.6231645941734314,man,UOMO DI CASA
family man,0.593836784362793,0.49524858593940735,0.48356756567955017,man,UOMO DI FAMIGLIA
urbanist,-0.16670291125774384,-0.12117299437522888,-0.20742827653884888,woman,URBANISTA
vain,0.19553036987781525,0.20533820986747742,0.1336614191532135,woman,VANITOSA
sailor,0.15254442393779755,0.22926871478557587,0.03356153517961502,woman,VELISTA
salesperson,-0.021634800359606743,0.03217101842164993,-0.019714558497071266,woman,VENDITORE
salesperson,-0.021634800359606743,0.03217101842164993,-0.019714558497071266,woman,VENDITRICE
veterinary,0.09078820049762726,0.03275540471076965,0.021203959360718727,man,VETERINARIA
traveler,0.09460416436195374,0.09586618840694427,0.055487070232629776,woman,VIAGGIATRICE
near,0.3268398344516754,0.2379942685365677,0.34456542134284973,person,VICINA
near,0.3268398344516754,0.2379942685365677,0.34456542134284973,person,VICINO
fireman,0.042659927159547806,0.0032156642992049456,-0.09696658700704575,man,VIGILE DEL FUOCO
traffic warden,0.2227487862110138,0.15568901598453522,0.21342605352401733,man,VIGILESSA
violinist,0.0678790807723999,0.13539962470531464,-0.047664690762758255,woman,VIOLINISTA
cellist,-0.018908558413386345,0.04346565902233124,-0.14459863305091858,woman,VIONCELLISTA
voyeur,-0.1523667275905609,-0.10446859151124954,-0.1581493616104126,woman,VOYEUR
web marketing,0.23303088545799255,0.22607526183128357,0.3543654680252075,person,WEBMARKETING
uncle,0.3562278151512146,0.2621936500072479,0.1472567319869995,man,ZIA
uncle,0.3562278151512146,0.2621936500072479,0.1472567319869995,man,ZIO
slut,-0.14566607773303986,0.016569629311561584,-0.1074039414525032,woman,ZOCCOLA
