,MAN,WOMAN,PERSON,associated_word,expressions
0,0.26840347051620483,0.2596423625946045,0.25097912549972534,man,FOOTBALL
1,0.24079546332359314,0.23100562393665314,0.20682288706302643,man,AT VOLLEYBALL
2,0.18712671101093292,0.21735675632953644,0.22902120649814606,person,AT SCHOOL
3,0.06273496896028519,0.08428189158439636,0.06851520389318466,woman,MATCH COLORS
4,0.1455560326576233,0.20953579246997833,0.23834750056266785,person,WELCOMING
5,0.26183998584747314,0.2951071858406067,0.24587149918079376,woman,COMPANION
6,0.1322445273399353,0.21876075863838196,0.22434911131858826,person,CARING FOR THE CHILDREN
7,0.1756778508424759,0.2109997421503067,0.1810436099767685,woman,DOG TRAINER
8,0.1338505893945694,0.2099427580833435,0.1996411383152008,woman,EASY GOING
9,0.18288637697696686,0.21289923787117004,0.22821246087551117,person,BUSY
10,0.2358037829399109,0.253884881734848,0.14924393594264984,woman,AGENT
11,0.1389228105545044,0.20291104912757874,0.10580307990312576,woman,REAL ESTATE AGENT
12,0.1175597533583641,0.14459668099880219,0.2752508819103241,person,ADJUST
13,0.03235386684536934,0.022713877260684967,0.12249980866909027,person,ADJUST THE ELECTRICAL SYSTEM
14,0.15426506102085114,0.17012348771095276,0.17542299628257751,person,ADJUSTER
15,0.15426506102085114,0.17012348771095276,0.17542299628257751,person,ADJUSTER
16,0.15426506102085114,0.17012348771095276,0.17542299628257751,person,ADJUSTER
17,0.20922836661338806,0.20909124612808228,0.14570382237434387,man,FARMER
18,0.19918595254421234,0.22136035561561584,0.16555127501487732,woman,SUPPORT WORKER
19,0.1952325701713562,0.26625484228134155,0.21152225136756897,woman,DOMESTIC HELP
20,0.21556046605110168,0.23593521118164062,0.34569624066352844,person,HELP
21,0.08818092197179794,0.09532884508371353,0.23649853467941284,person,AT THE PC
22,0.2630992531776428,0.35186880826950073,0.20734287798404694,woman,ALLY
23,0.2845996618270874,0.2667640447616577,0.20426484942436218,man,TRAINER
24,0.17357544600963593,0.20676828920841217,0.12372146546840668,woman,STUDENT
25,0.17357544600963593,0.20676828920841217,0.12372146546840668,woman,STUDENT
26,0.034739937633275986,0.04749280586838722,0.1127963736653328,person,ALPHA extension
27,0.19937527179718018,0.21097448468208313,0.1788879781961441,woman,MOUNTAINEEPER
28,0.3442401587963104,0.3608052134513855,0.17208249866962433,woman,ATHLETE
29,0.17357544600963593,0.20676828920841217,0.12372146546840668,woman,STUDENT
30,0.17357544600963593,0.20676828920841217,0.12372146546840668,woman,STUDENT
31,0.3172416687011719,0.3260011076927185,0.189413920044899,woman,LOVER
32,0.229282945394516,0.24743227660655975,0.20901168882846832,woman,FRIEND
33,0.229282945394516,0.24743227660655975,0.20901168882846832,woman,FRIEND
34,0.18292652070522308,0.15632836520671844,0.12802347540855408,man,TRAINER OF PAROKETS
35,0.18506191670894623,0.2239367514848709,0.19106902182102203,woman,ADMINISTRATOR
36,0.18506191670894623,0.2239367514848709,0.19106902182102203,woman,ADMINISTRATOR
37,0.16340889036655426,0.15918998420238495,0.13148413598537445,man,HOUSE ADMINISTRATOR
38,0.0649058073759079,0.09806617349386215,0.05104746297001839,woman,CONDOMINIUM ADMINISTRATOR
39,0.2417699098587036,0.25581640005111694,0.1390906423330307,woman,ANALYST
40,0.2538755238056183,0.28376856446266174,0.0995563194155693,woman,ANESTHETIST
41,0.19428761303424835,0.22775208950042725,0.1642625629901886,woman,ANIMALIST
42,0.25608953833580017,0.2495145946741104,0.14880990982055664,man,ANIMATOR
43,0.23821493983268738,0.27669525146484375,0.17756424844264984,woman,BEEKEEPER
44,0.19525597989559174,0.1639903038740158,0.14832612872123718,man,BENEFITER
45,0.30115118622779846,0.24832786619663239,0.2060842514038086,man,REFEREE
46,0.20883888006210327,0.23179174959659576,0.11597461253404617,woman,ARCHAEOLOGIST
47,0.20883888006210327,0.23179174959659576,0.11597461253404617,woman,ARCHAEOLOGIST
48,0.1718803346157074,0.21804554760456085,0.07789236307144165,woman,ARCHITECT
49,0.1718803346157074,0.21804554760456085,0.07789236307144165,woman,ARCHITECT
50,0.09377685189247131,0.11961003392934799,0.12630097568035126,person,FURNISH HOME
51,0.19272315502166748,0.2174689918756485,0.15240192413330078,woman,FURNISHER
52,0.19272315502166748,0.2174689918756485,0.15240192413330078,woman,FURNISHER
53,0.22341617941856384,0.22531750798225403,0.25138944387435913,person,GRINDER
54,0.14327876269817352,0.15604788064956665,0.17140094935894012,person,ARTISAN
55,0.14327876269817352,0.15604788064956665,0.17140094935894012,person,ARTISAN
56,0.2587285339832306,0.28723353147506714,0.215993270277977,woman,ARTIST
57,0.20116254687309265,0.19074347615242004,0.21007180213928223,person,LISTEN
58,0.26500171422958374,0.24732838571071625,0.15809042751789093,man,LISTENER
59,0.26500171422958374,0.24732838571071625,0.15809042751789093,man,LISTENER
60,0.20116233825683594,0.20460525155067444,0.13260029256343842,woman,COUNCILOR
61,0.20116233825683594,0.20460525155067444,0.13260029256343842,woman,COUNCILOR
62,0.22518299520015717,0.26122501492500305,0.1573777198791504,woman,INSURER
63,0.2223786860704422,0.27991148829460144,0.2039441019296646,woman,ASSISTANT
64,0.24063721299171448,0.3276885151863098,0.16030405461788177,woman,SOCIAL WORKER
65,0.102937713265419,0.09298637509346008,0.09506423026323318,man,ASTROPHYSICS
66,0.2449382096529007,0.28567439317703247,0.18029595911502838,woman,ASTRONAUT
67,0.3442401587963104,0.3608052134513855,0.17208249866962433,woman,ATHLETE
68,0.31932953000068665,0.3355700373649597,0.15917782485485077,woman,ACTOR
69,0.20057471096515656,0.18947374820709229,0.06737219542264938,man,PROSE ACTOR
70,0.31932953000068665,0.3355700373649597,0.15917782485485077,woman,ACTOR
71,0.21074186265468597,0.19654685258865356,0.2004818171262741,man,DRIVER
72,0.23592300713062286,0.2593521773815155,0.16156218945980072,woman,MOTORIST
73,0.29258471727371216,0.27503833174705505,0.17528358101844788,man,AUTHOR
74,0.20661869645118713,0.18940608203411102,0.27936801314353943,person,SCREW
75,0.2167644053697586,0.2689593434333801,0.13434359431266785,woman,LAWYER
76,0.2385072112083435,0.19811159372329712,0.2136087864637375,man,DAD
77,0.13416972756385803,0.23234708607196808,0.17935387790203094,woman,BABY SITTER
78,0.24012450873851776,0.2677440047264099,0.1428104192018509,woman,KISSER
79,0.26843398809432983,0.28799015283584595,0.1990341693162918,woman,CARETAKER
80,0.22379961609840393,0.22583429515361786,0.1561286449432373,woman,LIFEGUARD
81,0.22379961609840393,0.22583429515361786,0.1561286449432373,woman,LIFEGUARD
82,0.1911499798297882,0.23567992448806763,0.2638615369796753,person,DANCE
83,0.2650997042655945,0.303381085395813,0.16983279585838318,woman,DANCER
84,0.2650997042655945,0.303381085395813,0.16983279585838318,woman,DANCER
85,0.2020951211452484,0.2856235206127167,0.19103236496448517,woman,CHILD
86,0.2020951211452484,0.2856235206127167,0.19103236496448517,woman,CHILD
87,0.10801556706428528,0.14532601833343506,0.15969476103782654,person,BANKING
88,0.10801556706428528,0.14532601833343506,0.15969476103782654,person,BANKING
89,0.1812581866979599,0.20530050992965698,0.2434747815132141,person,BARBER SHOP
90,0.2561464011669159,0.30205222964286804,0.1768767535686493,woman,BARTENDER
91,0.1405104249715805,0.15468907356262207,0.1567327082157135,person,BARZELLETTERE
92,0.1844470053911209,0.22896736860275269,0.12179898470640182,woman,HANDSOME
93,0.1844470053911209,0.22896736860275269,0.12179898470640182,woman,HANDSOME
94,0.20362259447574615,0.23673202097415924,0.24665561318397522,person,GAS STATION
95,0.20362259447574615,0.23673202097415924,0.24665561318397522,person,GAS STATION
96,0.24674475193023682,0.26955997943878174,0.15224140882492065,woman,JANITOR
97,0.24674475193023682,0.26955997943878174,0.15224140882492065,woman,JANITOR
98,0.2020951211452484,0.2856235206127167,0.19103236496448517,woman,CHILD
99,0.2020951211452484,0.2856235206127167,0.19103236496448517,woman,CHILD
100,0.222812682390213,0.2748638391494751,0.12335171550512314,woman,BIOLOGIST
101,0.17082776129245758,0.1694706827402115,0.21588234603405,person,MOUTHPIECE
102,0.15922920405864716,0.11868589371442795,0.1977788358926773,person,GOOD MAN
103,0.17442746460437775,0.14328894019126892,0.17029669880867004,man,GOOD BOY
104,0.2740570604801178,0.2751656174659729,0.12251274287700653,woman,GOOD PERSON
105,0.17442746460437775,0.14328894019126892,0.17029669880867004,man,GOOD BOY
106,0.13719283044338226,0.14241276681423187,0.1797930747270584,person,BRICOLEUR
107,0.13719283044338226,0.14241276681423187,0.1797930747270584,person,BRICOLEUR
108,0.13719283044338226,0.14241276681423187,0.1797930747270584,person,BRICOLEUR
109,0.21887686848640442,0.23672686517238617,0.23025518655776978,woman,UGLY
110,0.2911336421966553,0.2737473249435425,0.17232263088226318,man,LIAR
111,0.24475596845149994,0.22087880969047546,0.33616602420806885,person,GOOD
112,0.3568057417869568,0.33547326922416687,0.1435372233390808,man,SOCCER PLAYER
113,0.3568057417869568,0.33547326922416687,0.1435372233390808,man,SOCCER PLAYER
114,0.12900178134441376,0.12456292659044266,0.22088538110256195,person,FUCKS
115,0.3568057417869568,0.33547326922416687,0.1435372233390808,man,SOCCER PLAYER
116,0.3568057417869568,0.33547326922416687,0.1435372233390808,man,SOCCER PLAYER
117,0.21997973322868347,0.24951814115047455,0.33499595522880554,person,COMPUTER
118,0.04866988584399223,0.06402402371168137,0.07185787707567215,person,CHANGE LIGHT BULBS
119,0.04866988584399223,0.06402402371168137,0.07185787707567215,person,CHANGE LIGHT BULBS
120,0.26479652523994446,0.2845366597175598,0.17031344771385193,woman,WAITER
121,0.26479652523994446,0.2845366597175598,0.17031344771385193,woman,WAITER
122,0.20856885612010956,0.2060481160879135,0.1730348914861679,man,TRUCK DRIVER
123,0.31030550599098206,0.3214415907859802,0.12299959361553192,woman,SINGER
124,0.1670074760913849,0.2062930464744568,0.19492478668689728,woman,SING
125,0.31030550599098206,0.3214415907859802,0.12299959361553192,woman,SINGER
126,0.2382645308971405,0.21731647849082947,0.24088236689567566,person,BOSS
127,0.1292593628168106,0.08983835577964783,0.13649506866931915,person,WORKSHOP HEAD
128,0.1979319304227829,0.15565814077854156,0.15680144727230072,man,PROJECT LEADER
129,0.2389489859342575,0.221269428730011,0.08114742487668991,man,HOUSEHOLDER
130,0.18115665018558502,0.1645604819059372,0.1341371387243271,man,CARABINIER
131,0.18453611433506012,0.20536082983016968,0.06838173419237137,woman,CARDIOLOGIST
132,0.24458864331245422,0.21939879655838013,0.16940999031066895,man,CARPENTER
133,0.24458864331245422,0.21939879655838013,0.16940999031066895,man,CARPENTER
134,0.11716306954622269,0.1369924396276474,0.1566876322031021,person,HOMEMADE
135,0.11716306954622269,0.1369924396276474,0.1566876322031021,person,HOMEMADE
136,0.18248851597309113,0.1770348697900772,0.18550264835357666,person,CASINIST
137,0.27595415711402893,0.3040194511413574,0.18513426184654236,woman,CASHIER
138,0.2646225392818451,0.250171959400177,0.24133974313735962,man,KNIGHT
139,0.3567351996898651,0.3574678897857666,0.13829170167446136,woman,BASKETBALL PLAYER
140,0.10488605499267578,0.08653537184000015,0.1627526581287384,person,THAT CONTRIBUTES TO EVERYDAY LIFE
141,0.2230706661939621,0.21321812272071838,0.19207274913787842,man,CHEF
142,0.2112247794866562,0.22324854135513306,0.1782274693250656,woman,CHATTERY
143,0.2112247794866562,0.22324854135513306,0.1782274693250656,woman,CHATTERY
144,0.2288888841867447,0.24121399223804474,0.14294253289699554,woman,SURGEON
145,0.19591334462165833,0.18351459503173828,0.08791620284318924,man,GUITARIST
146,0.22769956290721893,0.2524298131465912,0.21708598732948303,woman,FAT
147,0.20563845336437225,0.21169085800647736,0.1697339564561844,woman,CYCLIST
148,0.1604892611503601,0.18100139498710632,0.11715740710496902,woman,CITIZEN
149,0.1604892611503601,0.18100139498710632,0.11715740710496902,woman,CITIZEN
150,0.26094505190849304,0.296901136636734,0.2189997136592865,woman,CUSTOMER
151,0.33657512068748474,0.3146955072879791,0.22339271008968353,man,ASSHOLE
152,0.1977677345275879,0.18974050879478455,0.1407078057527542,man,BROTHER IN LAW
153,0.1977677345275879,0.18974050879478455,0.1407078057527542,man,BROTHER IN LAW
154,0.26018810272216797,0.30806583166122437,0.17890594899654388,woman,ROOMMATE
155,0.26018810272216797,0.30806583166122437,0.17890594899654388,woman,ROOMMATE
156,0.09332706034183502,0.11106833070516586,0.10917916893959045,woman,COLLABORATE IN THE DRAFTING OF THE WORK
157,0.23337611556053162,0.27033278346061707,0.16009508073329926,woman,COLLABORATOR
158,0.13546225428581238,0.15029603242874146,0.14769457280635834,woman,HOME COLLABORATOR
159,0.126948744058609,0.14931786060333252,0.08024602383375168,woman,COLLABORATOR FOR HOUSEWORK
160,0.23337611556053162,0.27033278346061707,0.16009508073329926,woman,COLLABORATOR
161,0.30012524127960205,0.35561469197273254,0.16910161077976227,woman,COLLEAGUE
162,0.2425672858953476,0.24015867710113525,0.24600285291671753,person,COMIC
163,0.2425672858953476,0.24015867710113525,0.24600285291671753,person,COMIC
164,0.1854695975780487,0.21373291313648224,0.14591377973556519,woman,FINANCIAL ADVISOR
165,0.2288006842136383,0.21604713797569275,0.16421911120414734,man,MERCHANT
166,0.28071722388267517,0.2994835674762726,0.15165644884109497,woman,CLERK
167,0.28071722388267517,0.2994835674762726,0.15165644884109497,woman,CLERK
168,0.20489762723445892,0.15021398663520813,0.17766834795475006,man,COMMISSIONER
169,0.11852011829614639,0.15321266651153564,0.21588748693466187,person,CLIENT
170,0.17257040739059448,0.2306576520204544,0.31636059284210205,person,COMPANY
171,0.12303740531206131,0.15798473358154297,0.1771477609872818,person,WORK COMPANION
172,0.14998586475849152,0.2038905769586563,0.13236656785011292,woman,STUDENT COMPANION
173,0.2173154354095459,0.27299433946609497,0.16070979833602905,woman,LIFE PARTNER
174,0.17257040739059448,0.2306576520204544,0.31636059284210205,person,COMPANY
175,0.2173154354095459,0.27299433946609497,0.16070979833602905,woman,LIFE PARTNER
176,0.19719496369361877,0.18767695128917694,0.17388254404067993,man,QUALIFIED
177,0.17680853605270386,0.20981459319591522,0.09664961695671082,woman,ACCOMPLICE
178,0.22369374334812164,0.30168235301971436,0.23575104773044586,woman,WITH CARLA
179,0.1540476232767105,0.18585631251335144,0.2811211049556732,person,WITH FRIENDS
180,0.1183515191078186,0.17164094746112823,0.23673474788665771,person,WITH ANIMALS
181,0.1541115790605545,0.21659313142299652,0.27088603377342224,person,WITH THE CHILDREN
182,0.1515403836965561,0.23513242602348328,0.2478950023651123,person,WITH CHILDREN
183,0.18773962557315826,0.23020049929618835,0.23830625414848328,person,WITH THE FAMILY
184,0.2735540568828583,0.2563686966896057,0.2290247231721878,man,LEADER
185,0.21074186265468597,0.19654685258865356,0.2004818171262741,man,DRIVER
186,0.2675073444843292,0.2345227301120758,0.12320564687252045,man,CONDUCTOR
187,0.29716867208480835,0.3686406910419464,0.1875150501728058,woman,SPOUSE
188,0.20799146592617035,0.2509081959724426,0.15762671828269958,woman,COUNSELOR
189,0.20799146592617035,0.2509081959724426,0.15762671828269958,woman,COUNSELOR
190,0.2970840632915497,0.4595210552215576,0.2258492261171341,woman,WIFE
191,0.15365007519721985,0.1656588613986969,0.12189869582653046,woman,CONSULTANT
192,0.2162044495344162,0.24417917430400848,0.13776522874832153,woman,ACCOUNTANT
193,0.20922836661338806,0.20909124612808228,0.14570382237434387,man,FARMER
194,0.19961683452129364,0.2047567218542099,0.18921984732151031,woman,ALTO
195,0.13842836022377014,0.21322007477283478,0.06368087977170944,woman,COhabitant
196,0.25574299693107605,0.1962895691394806,0.19594472646713257,man,COORDINATOR
197,0.17849233746528625,0.19910761713981628,0.11341515928506851,woman,CO-PILOT
198,0.16011764109134674,0.2064758837223053,0.23023439943790436,person,CHOIR
199,0.2088957130908966,0.21866393089294434,0.27320489287376404,person,RUN
200,0.2958531975746155,0.27331000566482544,0.22830148041248322,man,RUNNER
201,0.23303784430027008,0.22787019610404968,0.14573699235916138,man,BUILDER
202,0.24317601323127747,0.24283763766288757,0.24853910505771637,person,CREATURE
203,0.24909156560897827,0.268052875995636,0.16156822443008423,woman,CHRISTIAN
204,0.13759562373161316,0.1555774211883545,0.1017281785607338,woman,CRISTIAN CHRISTIANS
205,0.24909156560897827,0.268052875995636,0.16156822443008423,woman,CHRISTIAN
206,0.26654937863349915,0.21647530794143677,0.23429791629314423,man,CHRIST
207,0.22591935098171234,0.2258022278547287,0.17037789523601532,man,COOKED
208,0.10822701454162598,0.13010431826114655,0.18295684456825256,person,COOKING THE ROAST
209,0.17587578296661377,0.20683015882968903,0.21106694638729095,person,COOK
210,0.22437502443790436,0.261050283908844,0.1556297391653061,woman,COUSIN
211,0.22437502443790436,0.261050283908844,0.1556297391653061,woman,COUSIN
212,0.17587578296661377,0.20683015882968903,0.21106694638729095,person,COOK
213,0.17587578296661377,0.20683015882968903,0.21106694638729095,person,COOK
214,0.2650997042655945,0.303381085395813,0.16983279585838318,woman,DANCER
215,0.1531401127576828,0.17907880246639252,0.33719682693481445,person,GET TO DO
216,0.21207664906978607,0.2430305927991867,0.2649634778499603,person,EMPLOYER
217,0.3023053705692291,0.3109034597873688,0.18029086291790009,woman,TYPIST
218,0.2292695939540863,0.2309940904378891,0.16321371495723724,woman,DECORATOR
219,0.2457031011581421,0.28215521574020386,0.1498827040195465,woman,DENTIST
220,0.2454051673412323,0.287444144487381,0.17014473676681519,woman,DESIGNER
221,0.15275952219963074,0.19846805930137634,0.19239425659179688,woman,DETECTIVES
222,0.24206863343715668,0.26382914185523987,0.2287837415933609,woman,DETERMINED
223,0.25915610790252686,0.2124912142753601,0.17240722477436066,man,DEVIL
224,0.18826471269130707,0.2712480425834656,0.11319399625062943,woman,DIETICIAN
225,0.29393020272254944,0.3146379590034485,0.1761324554681778,woman,EMPLOYEE
226,0.19961215555667877,0.20629966259002686,0.2362307608127594,person,PAINT
227,0.2622154653072357,0.26031458377838135,0.22241349518299103,man,DIRECTOR
228,0.2622154653072357,0.26031458377838135,0.22241349518299103,man,DIRECTOR
229,0.21327795088291168,0.24604421854019165,0.15546752512454987,woman,EXECUTIVE
230,0.19297556579113007,0.16861407458782196,0.2328556329011917,person,DRAW
231,0.2454051673412323,0.287444144487381,0.17014473676681519,woman,DESIGNER
232,0.2454051673412323,0.287444144487381,0.17014473676681519,woman,DESIGNER
233,0.18973246216773987,0.2098725140094757,0.1674129217863083,woman,UNEMPLOYED
234,0.14450129866600037,0.214041069149971,0.21772810816764832,person,MESSY
235,0.07892146706581116,0.10979871451854706,0.1796080619096756,person,AVAILABLE
236,0.2593972086906433,0.19713594019412994,0.18054156005382538,man,RELEASER
237,0.18518377840518951,0.16092658042907715,0.20020194351673126,person,DJs
238,0.24327592551708221,0.24236363172531128,0.15215185284614563,man,PROFESSOR
239,0.1496044397354126,0.1233016848564148,0.23855546116828918,person,SWEET
240,0.1889873445034027,0.22039595246315002,0.22436565160751343,person,DOMESTIC
241,0.1889873445034027,0.22039595246315002,0.22436565160751343,person,DOMESTIC
242,0.33470141887664795,0.6152835488319397,0.23259931802749634,woman,WOMAN
243,0.20228338241577148,0.34767797589302063,0.13982945680618286,woman,WOMAN OF THE HOUSE
244,0.2214108109474182,0.17866988480091095,0.14110176265239716,man,PLAY BOY
245,0.21468983590602875,0.17880190908908844,0.15479741990566254,man,SLEEPYLONE
246,0.21457673609256744,0.2166355401277542,0.29162144660949707,person,SLEEP
247,0.24083521962165833,0.27065718173980713,0.20279499888420105,woman,DOCTOR
248,0.24083521962165833,0.27065718173980713,0.20279499888420105,woman,DOCTOR
249,0.08659554272890091,0.0962020754814148,0.20666150748729706,person,DRIVERS
250,0.2032139152288437,0.2094799131155014,0.331767737865448,person,EXCELLENT
251,0.20546460151672363,0.26711776852607727,0.12221964448690414,woman,EDUCATOR
252,0.20546460151672363,0.26711776852607727,0.12221964448690414,woman,EDUCATOR
253,0.17575621604919434,0.1777915060520172,0.1343023180961609,woman,EFFICIENT
254,0.20953454077243805,0.20889738202095032,0.14042885601520538,man,SELFISH
255,0.2452484518289566,0.24701036512851715,0.22734838724136353,woman,ELEMENT
256,0.11273761093616486,0.13124410808086395,0.17515929043293,person,CAR ELECTRIC
257,0.17549358308315277,0.19888406991958618,0.12366855144500732,woman,ELECTRICIAN
258,0.21900923550128937,0.27898934483528137,0.2455424815416336,woman,ESCORT
259,0.2628072500228882,0.24965950846672058,0.1849336177110672,man,EXPERT
260,0.2474367320537567,0.25756368041038513,0.23964199423789978,woman,TO BE
261,0.3314574658870697,0.37392255663871765,0.13986362516880035,woman,HUMAN BEING
262,0.17874087393283844,0.18720583617687225,0.13211806118488312,woman,LIVING BEING
263,0.2484748363494873,0.33712440729141235,0.1987237185239792,woman,BEAUTICIAN
264,0.24319599568843842,0.23081620037555695,0.1855064481496811,man,BLACKSMITH
265,0.28071722388267517,0.2994835674762726,0.15165644884109497,woman,CLERK
266,0.23649467527866364,0.18211625516414642,0.14521043002605438,man,PORTER
267,0.16491708159446716,0.15813826024532318,0.19878309965133667,person,FACTOTUM
268,0.154280886054039,0.1857730597257614,0.2962152361869812,person,DO-IT-YOURSELF
269,0.24458864331245422,0.21939879655838013,0.16940999031066895,man,CARPENTER
270,0.16677582263946533,0.23630933463573456,0.24842506647109985,person,WONDERFUL
271,0.2020951211452484,0.2856235206127167,0.19103236496448517,woman,CHILD
272,0.2020951211452484,0.2856235206127167,0.19103236496448517,woman,CHILD
273,0.23269659280776978,0.2920999228954315,0.3401118218898773,person,LAUGHTER
274,0.20666618645191193,0.27114632725715637,0.22169765830039978,woman,DOING MALE THINGS TOO
275,0.09886088222265244,0.1486407369375229,0.07302368432283401,woman,MAKING SWEETS
276,0.19618290662765503,0.23012161254882812,0.24545438587665558,person,DOING HOMEWORK
277,0.10059166699647903,0.11196519434452057,0.17902931571006775,person,MAKE THE ACCOUNTS
278,0.18094392120838165,0.24520041048526764,0.26219677925109863,person,GO SHOPPING
279,0.1033097431063652,0.10805812478065491,0.21514205634593964,person,DO HEAVY WORK
280,0.12263484299182892,0.14329777657985687,0.19384868443012238,person,DO THE HOUSE CHORES
281,0.1467525064945221,0.17363087832927704,0.20990155637264252,person,DO THE HOUSEWORK
282,0.11117538064718246,0.16722173988819122,0.22880594432353973,person,DO THE CLEANING
283,0.048998527228832245,0.04549739137291908,0.11289815604686737,person,MAKE MINOR REPAIRS
284,0.10334782302379608,0.1047271192073822,0.1510576456785202,person,DO SMALL HOUSEHOLD WORK
285,0.09000614285469055,0.13143950700759888,0.29132941365242004,person,DO EVERYTHING
286,0.18162265419960022,0.24648697674274445,0.11150478571653366,woman,PHARMACIST
287,0.18477223813533783,0.17397239804267883,0.22626805305480957,person,MAKE ME FEEL GOOD
288,0.2736675441265106,0.24757170677185059,0.2292284071445465,man,DELIVERY MAN
289,0.2545044422149658,0.2123805433511734,0.1990567296743393,man,FOOL
290,0.2870733439922333,0.366935670375824,0.1853695809841156,woman,FIANCÉ
291,0.2870733439922333,0.366935670375824,0.1853695809841156,woman,FIANCÉ
292,0.05027908459305763,0.03926035389304161,0.24174465239048004,person,SOUNDS COOL
293,0.20010845363140106,0.17709961533546448,0.19834885001182556,man,SON
294,0.20010845363140106,0.17709961533546448,0.19834885001182556,man,SON
295,0.20010845363140106,0.17709961533546448,0.19834885001182556,man,SON
296,0.20010845363140106,0.17709961533546448,0.19834885001182556,man,SON
297,0.05027908459305763,0.03926035389304161,0.24174465239048004,person,SOUNDS COOL
298,0.17891719937324524,0.2759905457496643,0.20047135651111603,woman,FLOWER SHOP
299,0.17891719937324524,0.2759905457496643,0.20047135651111603,woman,FLOWER SHOP
300,0.18969254195690155,0.23415860533714294,0.12591111660003662,woman,PHYSIATRIC
301,0.2472590059041977,0.21902374923229218,0.2019568234682083,man,BAKER
302,0.2605138421058655,0.28581562638282776,0.23446640372276306,woman,I PHOTOGRAPH
303,0.2605138421058655,0.28581562638282776,0.23446640372276306,woman,I PHOTOGRAPH
304,0.21539810299873352,0.15842729806900024,0.21593934297561646,person,BROTHER
305,0.08610667288303375,0.09690053761005402,0.14272654056549072,person,FREELANCE
306,0.21349021792411804,0.2413104772567749,0.18561947345733643,woman,FRUIT SELLER
307,0.21349021792411804,0.2413104772567749,0.18561947345733643,woman,FRUIT SELLER
308,0.2256922572851181,0.21212320029735565,0.17984940111637115,man,CARTOONIST
309,0.2279089242219925,0.22847126424312592,0.1518150418996811,woman,OFFICER
310,0.12470890581607819,0.17653220891952515,0.14427550137043,woman,CUNNING
311,0.16551844775676727,0.14595387876033783,0.1984972059726715,person,ICE CREAM MAN
312,0.16551844775676727,0.14595387876033783,0.1984972059726715,person,ICE CREAM MAN
313,0.21027515828609467,0.1665250062942505,0.12568019330501556,man,SON IN LAW
314,0.20435242354869843,0.23118379712104797,0.19645655155181885,woman,GENEROUS
315,0.20435242354869843,0.23118379712104797,0.19645655155181885,woman,GENEROUS
316,0.19067861139774323,0.24076925218105316,0.20811110734939575,woman,PARENT
317,0.20424553751945496,0.2125861644744873,0.16396723687648773,woman,GENTLEMAN
318,0.20424553751945496,0.2125861644744873,0.16396723687648773,woman,GENTLEMAN
319,0.23405243456363678,0.275360643863678,0.12233319878578186,woman,GEOLOGIST
320,0.22586646676063538,0.23017601668834686,0.12931883335113525,woman,SURVEYOR
321,0.023022618144750595,0.047391071915626526,0.126930370926857,person,MANAGING WORK AND FAMILY
322,0.06876755505800247,0.08195860683917999,0.15217459201812744,person,MANAGING SITUATIONS
323,0.2559565305709839,0.28606700897216797,0.16598761081695557,woman,GARDENER
324,0.2559565305709839,0.28606700897216797,0.16598761081695557,woman,GARDENER
325,0.1786670982837677,0.304166704416275,0.12411349266767502,woman,GYNECOLOGIST
326,0.1786670982837677,0.304166704416275,0.12411349266767502,woman,GYNECOLOGIST
327,0.22573505342006683,0.24817515909671783,0.2290850430727005,woman,PLAY
328,0.1129659116268158,0.20085890591144562,0.17027653753757477,woman,PLAY TENNIS
329,0.3455739915370941,0.3169151544570923,0.15390320122241974,man,PLAYER
330,0.1129659116268158,0.20085890591144562,0.17027653753757477,woman,PLAY TENNIS
331,0.3455739915370941,0.3169151544570923,0.15390320122241974,man,PLAYER
332,0.27118420600891113,0.2972145974636078,0.15201827883720398,woman,GOLF PLAYER
333,0.2255399376153946,0.2567635774612427,0.19186781346797943,woman,PLAYFUL
334,0.26003172993659973,0.23634585738182068,0.160109743475914,man,JUGGLER
335,0.2577956020832062,0.3082808554172516,0.1827901303768158,woman,JOURNALIST
336,0.184768408536911,0.21013018488883972,0.194443017244339,woman,YOUNG
337,0.2415233701467514,0.14525000751018524,0.14060181379318237,man,YOUNG MAN
338,0.184768408536911,0.21013018488883972,0.194443017244339,woman,YOUNG
339,0.23433609306812286,0.23886987566947937,0.1765587478876114,woman,JUDGE
340,0.11551955342292786,0.11611308157444,0.15769802033901215,person,TIRE SHOP
341,0.21461018919944763,0.23340201377868652,0.20637865364551544,woman,GRAPHIC
342,0.21857759356498718,0.2153221219778061,0.11995548754930496,man,CRANE OPERATOR
343,0.16460031270980835,0.169917494058609,0.200736865401268,person,EARN
344,0.20446719229221344,0.1877770572900772,0.20320037007331848,man,GUAGLION
345,0.20446719229221344,0.1877770572900772,0.20320037007331848,man,GUAGLION
346,0.14375853538513184,0.113774374127388,0.1824187934398651,person,Gascon
347,0.14331653714179993,0.14974375069141388,0.13149473071098328,woman,TOURIST GUIDE
348,0.08265289664268494,0.10196088254451752,0.1966509371995926,person,GUIDE
349,0.21074186265468597,0.19654685258865356,0.2004818171262741,man,DRIVER
350,0.21074186265468597,0.19654685258865356,0.2004818171262741,man,DRIVER
351,0.22063320875167847,0.23463129997253418,0.1773926466703415,woman,HANDYMAN
352,0.19287844002246857,0.1855403482913971,0.12125242501497269,man,HYDRAULIC
353,0.19287844002246857,0.1855403482913971,0.12125242501497269,man,HYDRAULIC
354,0.08475137501955032,0.1268150359392166,0.09136456251144409,woman,ILLUSTRATOR
355,0.263676255941391,0.2628832161426544,0.17168790102005005,man,PAINTER
356,0.27090170979499817,0.26813992857933044,0.19008974730968475,man,IMITATOR
357,0.23117762804031372,0.31671637296676636,0.1371295154094696,woman,ENGAGED
358,0.2445928305387497,0.22108355164527893,0.17644737660884857,man,EMPEROR
359,0.052039872854948044,0.053232818841934204,0.08043503016233444,person,PLANT INSTALLER
360,0.29393020272254944,0.3146379590034485,0.1761324554681778,woman,EMPLOYEE
361,0.29393020272254944,0.3146379590034485,0.1761324554681778,woman,EMPLOYEE
362,0.23643933236598969,0.2641579508781433,0.17569346725940704,woman,ENTREPRENEUR
363,0.23643933236598969,0.2641579508781433,0.17569346725940704,woman,ENTREPRENEUR
364,0.2709979712963104,0.235973060131073,0.18115317821502686,man,IMPROVISER
365,0.11220058798789978,0.11721627414226532,0.16800160706043243,person,BY BIKE
366,0.12825165688991547,0.14232969284057617,0.24386592209339142,person,IN HOME
367,0.17151714861392975,0.21191641688346863,0.18967221677303314,woman,IN THE KITCHEN
368,0.12515626847743988,0.142696350812912,0.10324181616306305,woman,IN MATHEMATICS
369,0.13095510005950928,0.17743539810180664,0.2728860676288605,person,IN EVERYTHING
370,0.1449192464351654,0.13141317665576935,0.10398375242948532,man,UNCLASSIFIABLE
371,0.36513110995292664,0.35454511642456055,0.176687091588974,man,INDIVIDUAL
372,0.18724630773067474,0.1788945347070694,0.14882801473140717,man,INDOLENT
373,0.21828106045722961,0.1734977513551712,0.1783311814069748,man,INEXISTENT
374,0.22461384534835815,0.187983900308609,0.2265174835920334,person,INEPT
375,0.24483728408813477,0.33607804775238037,0.16637730598449707,woman,NURSE
376,0.24483728408813477,0.33607804775238037,0.16637730598449707,woman,NURSE
377,0.025353526696562767,0.05047258734703064,0.13382333517074585,person,INFLUENCE THE THINKING OF THE GROUP
378,0.2126391977071762,0.25524353981018066,0.15904736518859863,woman,COMPUTER SCIENTIST
379,0.2126391977071762,0.25524353981018066,0.15904736518859863,woman,COMPUTER SCIENTIST
380,0.21333128213882446,0.24975498020648956,0.1639915555715561,woman,ENGINEER
381,0.16941916942596436,0.21033044159412384,0.09458625316619873,woman,TENANT
382,0.16941916942596436,0.21033044159412384,0.09458625316619873,woman,TENANT
383,0.2528667747974396,0.3176235258579254,0.16459523141384125,woman,TEACHER
384,0.19124053418636322,0.2433571070432663,0.17334803938865662,woman,YOGA TEACHER
385,0.09622501581907272,0.12602436542510986,0.13256941735744476,person,TEACH
386,0.09436967223882675,0.1166146770119667,0.11231641471385956,woman,INSTALLER
387,0.09436967223882675,0.1166146770119667,0.11231641471385956,woman,INSTALLER
388,0.24432197213172913,0.2904435694217682,0.19783669710159302,woman,INTELLIGENT
389,0.20933745801448822,0.2424316555261612,0.11993192881345749,woman,CONNOISSEUR
390,0.3060159385204315,0.29240110516548157,0.13607770204544067,man,INTERLOCUTOR
391,0.21440744400024414,0.24366268515586853,0.1199810579419136,woman,INTERPRETER
392,0.21805648505687714,0.33124226331710815,0.08124341815710068,woman,INTERPRETER OF GENDER EQUALITY
393,0.2685440182685852,0.28235766291618347,0.13674773275852203,woman,ENTERTAINER
394,0.30305400490760803,0.29595038294792175,0.15455372631549835,man,INVENTOR
395,0.22649134695529938,0.2103072851896286,0.12754137814044952,man,INSTRUCTOR
396,0.2247655838727951,0.1490318477153778,0.1859520673751831,man,JUVENTINO
397,0.2247655838727951,0.1490318477153778,0.1859520673751831,man,JUVENTINO
398,0.1841365098953247,0.1591288149356842,0.2786177098751068,person,COMPLAIN
399,0.23809358477592468,0.24032056331634521,0.1952548623085022,woman,LAUNDRYMAN
400,0.23809358477592468,0.24032056331634521,0.1952548623085022,woman,LAUNDRYMAN
401,0.1640973687171936,0.2510831952095032,0.24846740067005157,woman,WASHING
402,0.1980578601360321,0.22120685875415802,0.3677968978881836,person,WORK
403,0.25543898344039917,0.2611504793167114,0.1569790244102478,woman,WORKER
404,0.10879136621952057,0.11637909710407257,0.07245983928442001,woman,SELF EMPLOYED
405,0.186506450176239,0.24021673202514648,0.14140334725379944,woman,DOMESTIC WORKER
406,0.25543898344039917,0.2611504793167114,0.1569790244102478,woman,WORKER
407,0.10879136621952057,0.11637909710407257,0.07245983928442001,woman,SELF EMPLOYED
408,0.09690488874912262,0.2004423886537552,0.19338689744472504,woman,WORKING MOTHER
409,0.08217622339725494,0.0615042969584465,0.039816610515117645,man,PROFESSIONAL REMOTE WORKER
410,0.12127628922462463,0.11205559223890305,0.15846888720989227,person,SMARTWORKING WORKER
411,0.157327339053154,0.17073461413383484,0.204692080616951,person,HOUSEWORKS
412,0.19751593470573425,0.19229616224765778,0.1298987865447998,man,ASS-GUCK
413,0.18929874897003174,0.1904098093509674,0.27718010544776917,person,LIGHT
414,0.25042328238487244,0.2854996919631958,0.17427721619606018,woman,READER
415,0.25042328238487244,0.2854996919631958,0.17427721619606018,woman,READER
416,0.16728462278842926,0.2055959403514862,0.2102426439523697,person,SMOOTH
417,0.08610667288303375,0.09690053761005402,0.14272654056549072,person,FREELANCE
418,0.20555754005908966,0.21207942068576813,0.13609708845615387,woman,MACHINIST
419,0.21861718595027924,0.19238565862178802,0.2077728658914566,man,BUTCHER
420,0.23293393850326538,0.36479803919792175,0.2242143750190735,woman,MOTHER
421,0.1196489930152893,0.12481949478387833,0.20271342992782593,person,MASTER
422,0.1196489930152893,0.12481949478387833,0.20271342992782593,person,MASTER
423,0.15623939037322998,0.16115860641002655,0.10594641417264938,woman,SKI INSTRUCTOR
424,0.28626593947410583,0.21521764993667603,0.21322879195213318,man,BUTLER
425,0.23300877213478088,0.35387733578681946,0.25511857867240906,woman,MOM
426,0.24345362186431885,0.23523104190826416,0.2329651266336441,man,MANAGER
427,0.17795224487781525,0.18267454206943512,0.17693638801574707,woman,HOUSE MANAGER
428,0.22687247395515442,0.25366052985191345,0.2627233862876892,person,EAT
429,0.26410263776779175,0.28262409567832947,0.14301307499408722,woman,PASTRY EATER
430,0.18095798790454865,0.16788458824157715,0.16839741170406342,man,GLUTTON
431,0.22691284120082855,0.23326222598552704,0.14158417284488678,woman,LABOR WORKER
432,0.2492458075284958,0.2555772364139557,0.18439701199531555,woman,MAINTAINER
433,0.2492458075284958,0.2555772364139557,0.18439701199531555,woman,MAINTAINER
434,0.2128414362668991,0.2244391292333603,0.10400500148534775,woman,SAILOR MAN
435,0.31644707918167114,0.3254294693470001,0.21229776740074158,woman,HUSBAND
436,0.1741975098848343,0.24886931478977203,0.15589797496795654,woman,MASSAGE THERAPIST
437,0.1741975098848343,0.24886931478977203,0.15589797496795654,woman,MASSAGE THERAPIST
438,0.2075192630290985,0.27006375789642334,0.17457689344882965,woman,MASSAGER
439,0.2075192630290985,0.27006375789642334,0.17457689344882965,woman,MASSAGER
440,0.1409510225057602,0.19860121607780457,0.12016122788190842,woman,MATHEMATICAL
441,0.2071884125471115,0.19561219215393066,0.2196081280708313,person,MECHANICAL
442,0.2071884125471115,0.19561219215393066,0.2196081280708313,person,MECHANICAL
443,0.16201190650463104,0.1857241988182068,0.18007686734199524,woman,MEDIATOR
444,0.24083521962165833,0.27065718173980713,0.20279499888420105,woman,DOCTOR
445,0.1702754944562912,0.16892406344413757,0.11447593569755554,man,BASIC DOCTOR
446,0.21128232777118683,0.21167950332164764,0.18687917292118073,woman,CARELESS
447,0.18358448147773743,0.2186870127916336,0.14763590693473816,woman,MERENTOR
448,0.2553935945034027,0.355477899312973,0.22604252398014069,woman,BITCH
449,0.11679977178573608,0.15279614925384521,0.1467583328485489,woman,MILITARY
450,0.21421018242835999,0.24649423360824585,0.14112775027751923,woman,MINISTER
451,0.2970840632915497,0.4595210552215576,0.2258492261171341,woman,WIFE
452,0.2970840632915497,0.4595210552215576,0.2258492261171341,woman,WIFE
453,0.09223289787769318,0.13648487627506256,0.22097516059875488,person,SET UP
454,0.2127966284751892,0.22353129088878632,0.15329384803771973,woman,MOTORCYCLIST
455,0.07893917709589005,0.11637970805168152,0.22583787143230438,person,MULTITASKING
456,0.23319055140018463,0.21323640644550323,0.19238294661045074,man,MASON
457,0.28401750326156616,0.3092794418334961,0.12156673520803452,woman,MUSICIAN
458,0.22668439149856567,0.22022084891796112,0.1374249905347824,man,NARCISSUS
459,0.31923794746398926,0.2924577593803406,0.1432381570339203,man,NARRATOR
460,0.2203977108001709,0.2174753099679947,0.1492098718881607,man,NAVIGATOR
461,0.2518167197704315,0.26251116394996643,0.22727690637111664,woman,RETAILER
462,0.15239547193050385,0.15773913264274597,0.1444796621799469,woman,IN THE CALCULATIONS
463,0.11187107861042023,0.12181700021028519,0.22481107711791992,person,IN HOUSE WORK
464,0.10397510230541229,0.14719751477241516,0.15477871894836426,person,IN THE DIY
465,0.19181132316589355,0.1957438439130783,0.2229032665491104,person,IN THE DRAWING
466,0.10397510230541229,0.14719751477241516,0.15477871894836426,person,IN THE DIY
467,0.18092210590839386,0.23572756350040436,0.2254064679145813,woman,AT WORK
468,0.18300502002239227,0.19379284977912903,0.20800337195396423,person,IN THE EXECUTION
469,0.1699630171060562,0.19342069327831268,0.2889748215675354,person,IN THE MANAGEMENT
470,0.14259056746959686,0.15096540749073029,0.23294103145599365,person,IN THE HOUSE CHOICES
471,0.1681097149848938,0.1781121790409088,0.2214110642671585,person,IN THE HOUSEHOLD WORK
472,0.1666949987411499,0.15590983629226685,0.24360257387161255,person,IN MAINTENANCE
473,0.25074541568756104,0.24705424904823303,0.20382221043109894,man,IN SPORTS
474,0.1805548369884491,0.14214299619197845,0.18418732285499573,person,DUSTMAN
475,0.2167242020368576,0.23529964685440063,0.13244324922561646,woman,NEUROLOGIST
476,0.09731950610876083,0.19050098955631256,0.1712091714143753,woman,GRANDCHILD
477,0.2516588568687439,0.22946442663669586,0.18942004442214966,man,NEPHEW
478,0.1713143289089203,0.15262958407402039,0.1534176766872406,man,GRAMPA
479,0.1713143289089203,0.15262958407402039,0.1534176766872406,man,GRAMPA
480,0.08294350653886795,0.10617309808731079,0.03163328394293785,woman,NOTARY
481,0.2221875935792923,0.2530252933502197,0.31995928287506104,person,NOTHING
482,0.16731686890125275,0.20808836817741394,0.2064335197210312,woman,SWIM
483,0.29311099648475647,0.3183567523956299,0.13263170421123505,woman,SWIMMER
484,0.29311099648475647,0.3183567523956299,0.13263170421123505,woman,SWIMMER
485,0.235116645693779,0.21320819854736328,0.23571613430976868,person,OMIT
486,0.16728684306144714,0.10793190449476242,0.14196312427520752,man,little man
487,0.25543898344039917,0.2611504793167114,0.1569790244102478,woman,WORKER
488,0.25543898344039917,0.2611504793167114,0.1569790244102478,woman,WORKER
489,0.3242334723472595,0.29716217517852783,0.19677823781967163,man,OPERATOR
490,0.25232943892478943,0.2626086473464966,0.1922418624162674,woman,COMPUTER OPERATOR
491,0.21857759356498718,0.2153221219778061,0.11995548754930496,man,CRANE OPERATOR
492,0.15396274626255035,0.11928620934486389,0.08054028451442719,man,ECOLOGICAL OPERATOR
493,0.25232943892478943,0.2626086473464966,0.1922418624162674,woman,COMPUTER OPERATOR
494,0.3242334723472595,0.29716217517852783,0.19677823781967163,man,OPERATOR
495,0.2505711615085602,0.22872628271579742,0.132902130484581,man,OPPORTUNIST
496,0.33875536918640137,0.31529536843299866,0.21296492218971252,man,SPEAKER
497,0.33875536918640137,0.31529536843299866,0.21296492218971252,man,SPEAKER
498,0.06969402730464935,0.08702925592660904,0.1936221718788147,person,ORDER AT HOME
499,0.13210441172122955,0.15243209898471832,0.2019079029560089,person,ORGANIZE
500,0.06277156621217728,0.14332760870456696,0.12186785787343979,woman,ORGANIZE PARTIES
501,0.08743348717689514,0.12587781250476837,0.11370207369327545,woman,ORGANIZE MEETINGS
502,0.24345362186431885,0.23523104190826416,0.2329651266336441,man,MANAGER
503,0.24345362186431885,0.23523104190826416,0.2329651266336441,man,MANAGER
504,0.19900274276733398,0.2438623309135437,0.19851548969745636,woman,GUEST
505,0.21406692266464233,0.20915675163269043,0.1553986668586731,man,OBSERVER
506,0.17014208436012268,0.2652997076511383,0.11972476541996002,woman,OBSTETRICIAN
507,0.17014208436012268,0.2652997076511383,0.11972476541996002,woman,OBSTETRICIAN
508,0.2519024908542633,0.19538423418998718,0.1833280473947525,man,FATHER
509,0.18186767399311066,0.10237941890954971,0.11333820968866348,man,FATHER OF THE FAMILY
510,0.1196489930152893,0.12481949478387833,0.20271342992782593,person,MASTER
511,0.2389489859342575,0.221269428730011,0.08114742487668991,man,HOUSEHOLDER
512,0.1196489930152893,0.12481949478387833,0.20271342992782593,person,MASTER
513,0.2389489859342575,0.221269428730011,0.08114742487668991,man,HOUSEHOLDER
514,0.3318749666213989,0.3408927619457245,0.13996005058288574,woman,VOLLEYBALL PLAYER
515,0.2472590059041977,0.21902374923229218,0.2019568234682083,man,BAKER
516,0.2696245312690735,0.26081350445747375,0.22299091517925262,man,Pope
517,0.20195996761322021,0.21303965151309967,0.21868020296096802,person,PIMP
518,0.20319221913814545,0.17244881391525269,0.19059108197689056,man,PARACULO
519,0.24833428859710693,0.24474510550498962,0.23629476130008698,man,SPEAK
520,0.31325894594192505,0.30825671553611755,0.1515868455171585,man,TALKER
521,0.163711279630661,0.24203599989414215,0.25394219160079956,person,HAIR SALON
522,0.163711279630661,0.24203599989414215,0.25394219160079956,person,HAIR SALON
523,0.21473431587219238,0.30197516083717346,0.20196343958377838,woman,PARTNER
524,0.17644359171390533,0.22345387935638428,0.14963041245937347,woman,PASTRY CHEF
525,0.17644359171390533,0.22345387935638428,0.14963041245937347,woman,PASTRY CHEF
526,0.18944470584392548,0.19689686596393585,0.17843793332576752,woman,BUDDLED
527,0.2345554083585739,0.21279965341091156,0.1768248826265335,man,SHEPHERD
528,0.1886226087808609,0.21794001758098602,0.20099113881587982,woman,POTATO
529,0.2440415769815445,0.2326548844575882,0.14631442725658417,man,SKATER
530,0.21623331308364868,0.2777490019798279,0.13841713964939117,woman,PEDIATRICIAN
531,0.12903523445129395,0.2426147758960724,0.20551146566867828,woman,PEDICURE
532,0.20800425112247467,0.1525883674621582,0.15784701704978943,man,PELANDRONE
533,0.2710316777229309,0.2631371021270752,0.14058516919612885,man,THINKER
534,0.2500416934490204,0.2001824826002121,0.12335105240345001,man,WASTER
535,0.5004758834838867,0.5099192261695862,0.2597760856151581,woman,PERSON
536,0.3645291030406952,0.3893943130970001,0.21112634241580963,woman,CHARACTER
537,0.28366291522979736,0.2421899437904358,0.19301585853099823,man,FISHERMAN
538,0.18779729306697845,0.2365119308233261,0.23953211307525635,person,TO PLAN
539,0.20993337035179138,0.24638429284095764,0.1249263808131218,woman,PIANIST
540,0.2100859135389328,0.19579143822193146,0.15435931086540222,man,LAZY
541,0.21681863069534302,0.2078750729560852,0.15969787538051605,man,PILOT
542,0.11184444278478622,0.10747858136892319,0.0938640832901001,man,MOTORBIKE PILOT
543,0.21101906895637512,0.2422281801700592,0.179995596408844,woman,PIRLA
544,0.14934682846069336,0.17528846859931946,0.1703733503818512,woman,PYRLONE
545,0.1992291361093521,0.14325235784053802,0.1698773205280304,man,PISCHELLO
546,0.263676255941391,0.2628832161426544,0.17168790102005005,man,PAINTER
547,0.263676255941391,0.2628832161426544,0.17168790102005005,man,PAINTER
548,0.17131440341472626,0.17442938685417175,0.23230189085006714,person,PIZZA MAKER
549,0.30429455637931824,0.3056621253490448,0.13004176318645477,woman,POET
550,0.26214081048965454,0.28871238231658936,0.15927965939044952,woman,POKER PLAYER
551,0.21755588054656982,0.24846363067626953,0.20374660193920135,woman,VERSATILE
552,0.13174393773078918,0.19532732665538788,0.22294850647449493,person,POLITICS
553,0.17740453779697418,0.20444299280643463,0.11207397282123566,woman,POLITICAL EXPERT
554,0.26233819127082825,0.2966531217098236,0.12290531396865845,woman,POLICE OFFICER
555,0.26233819127082825,0.2966531217098236,0.12290531396865845,woman,POLICE OFFICER
556,0.12609846889972687,0.17382851243019104,0.18158860504627228,person,FIREMEN
557,0.12609846889972687,0.17382851243019104,0.18158860504627228,person,FIREMEN
558,0.17878054082393646,0.25998032093048096,0.21604391932487488,woman,BLOWJOB
559,0.2423722743988037,0.3630688786506653,0.1962464302778244,woman,PORNSTAR
560,0.09436967223882675,0.1166146770119667,0.11231641471385956,woman,INSTALLER
561,0.23873771727085114,0.18831923604011536,0.18592192232608795,man,POSTMAN
562,0.23873771727085114,0.18831923604011536,0.18592192232608795,man,POSTMAN
563,0.28181883692741394,0.24026677012443542,0.2167009562253952,man,ACCURATE
564,0.1371830403804779,0.24487684667110443,0.14109154045581818,woman,TAKE CARE OF YOURSELF AND OF CARLA
565,0.08664783090353012,0.13906343281269073,0.08466687798500061,woman,PREPARE SWEETS
566,0.1250862181186676,0.17649714648723602,0.18565566837787628,person,PREPARE BREAKFAST
567,0.35378000140190125,0.30767372250556946,0.19053947925567627,man,ANNOUNCER
568,0.35378000140190125,0.30767372250556946,0.19053947925567627,man,ANNOUNCER
569,0.26525917649269104,0.28084641695022583,0.15698081254959106,woman,PRESIDENT
570,0.2335599660873413,0.27422034740448,0.12337418645620346,woman,PRIME MINISTER
571,0.25538215041160583,0.2573109269142151,0.13072916865348816,woman,PRESTIDIGITATOR
572,0.2372760772705078,0.24018405377864838,0.1674593836069107,woman,MAGICIAN
573,0.27169767022132874,0.24427352845668793,0.18709267675876617,man,PRIEST
574,0.20271751284599304,0.21976354718208313,0.11967211216688156,woman,PROFESSIONAL
575,0.20271751284599304,0.21976354718208313,0.11967211216688156,woman,PROFESSIONAL
576,0.07298699766397476,0.12703554332256317,0.11626426875591278,woman,PROFESSIONAL HOUSE CLEANING
577,0.24327592551708221,0.24236363172531128,0.15215185284614563,man,PROFESSOR
578,0.24327592551708221,0.24236363172531128,0.15215185284614563,man,PROFESSOR
579,0.20429226756095886,0.23237869143486023,0.26411885023117065,person,TO DESIGN
580,0.2454051673412323,0.287444144487381,0.17014473676681519,woman,DESIGNER
581,0.21511825919151306,0.2673899531364441,0.1526210606098175,woman,PROGRAMMER
582,0.21511825919151306,0.2673899531364441,0.1526210606098175,woman,PROGRAMMER
583,0.1824733018875122,0.17437054216861725,0.19749926030635834,person,PROJECT MANAGER
584,0.28005874156951904,0.3116500675678253,0.1912933886051178,woman,PSYCHIATRIST
585,0.28818923234939575,0.3266981244087219,0.17402924597263336,woman,PSYCHOLOGIST
586,0.28818923234939575,0.3266981244087219,0.17402924597263336,woman,PSYCHOLOGIST
587,0.2611319422721863,0.27413395047187805,0.21877126395702362,woman,BOXER
588,0.2081250250339508,0.24516969919204712,0.25142529606819153,person,CLEAN
589,0.11369245499372482,0.145298570394516,0.18157260119915009,person,CLEAN HOUSE
590,0.2388933151960373,0.281576931476593,0.2442208230495453,woman,CLEANER
591,0.2388933151960373,0.281576931476593,0.2442208230495453,woman,CLEANER
592,0.25329720973968506,0.1718292087316513,0.19679920375347137,man,LAD
593,0.2355269342660904,0.18112048506736755,0.1233111023902893,man,LITTLE BOY
594,0.25329720973968506,0.1718292087316513,0.19679920375347137,man,LAD
595,0.2162044495344162,0.24417917430400848,0.13776522874832153,woman,ACCOUNTANT
596,0.2162044495344162,0.24417917430400848,0.13776522874832153,woman,ACCOUNTANT
597,0.06549438089132309,0.10813256353139877,0.1707603931427002,person,RECRUITERS
598,0.2622154653072357,0.26031458377838135,0.22241349518299103,man,DIRECTOR
599,0.16169939935207367,0.1839240938425064,0.1779550164937973,woman,RELATING
600,0.25437426567077637,0.2629634141921997,0.24776218831539154,woman,RESPONSIBLE
601,0.20712964236736298,0.17483027279376984,0.2093922644853592,person,RESTORER
602,0.267691969871521,0.29857784509658813,0.14340542256832123,woman,RESEARCHER
603,0.267691969871521,0.29857784509658813,0.14340542256832123,woman,RESEARCHER
604,0.26341554522514343,0.2885468900203705,0.30911415815353394,person,LAUGH
605,0.10977185517549515,0.09713084250688553,0.17076988518238068,person,REORDER
606,0.22191303968429565,0.206232488155365,0.13274969160556793,man,UNSORCERER
607,0.22191303968429565,0.206232488155365,0.13274969160556793,man,UNSORCERER
608,0.1886431872844696,0.19723112881183624,0.30526646971702576,person,REPAIR
609,0.11172420531511307,0.12230700999498367,0.25123950839042664,person,FIX EVERYTHING
610,0.24775879085063934,0.23150299489498138,0.2094189077615738,man,REPAIRMAN
611,0.13669496774673462,0.13947853446006775,0.24398930370807648,person,COMPUTER REPAIR
612,0.24775879085063934,0.23150299489498138,0.2094189077615738,man,REPAIRMAN
613,0.12001041322946548,0.11094457656145096,0.21001555025577545,person,FIXES EVERYTHING
614,0.2523777186870575,0.27307379245758057,0.29630616307258606,person,BREAK
615,0.14829358458518982,0.14102546870708466,0.18288879096508026,person,PAIN ASSHOLE
616,0.2583606541156769,0.2040667086839676,0.20626269280910492,man,BALL BREAKER
617,0.15037190914154053,0.1384650617837906,0.189594104886055,person,BUZZERS
618,0.27169767022132874,0.24427352845668793,0.18709267675876617,man,PRIEST
619,0.28792014718055725,0.29013189673423767,0.16550859808921814,woman,POLE Vaulter
620,0.21861718595027924,0.19238565862178802,0.2077728658914566,man,butcher
621,0.22209537029266357,0.2551257312297821,0.23031267523765564,woman,TAILOR
622,0.22209537029266357,0.2551257312297821,0.23031267523765564,woman,TAILOR
623,0.2404816895723343,0.25695115327835083,0.11709006130695343,woman,CHESS PLAYER
624,0.2733459770679474,0.266384482383728,0.17803892493247986,man,CLIMBER
625,0.07662628591060638,0.10097207874059677,0.15882572531700134,person,Slackers
626,0.2187829315662384,0.19204890727996826,0.25994306802749634,person,STUPID
627,0.14922845363616943,0.21173104643821716,0.21398787200450897,person,SET DESIGNER
628,0.22934675216674805,0.25625869631767273,0.21089836955070496,woman,SLAVE
629,0.14323920011520386,0.14284121990203857,0.17159004509449005,person,SKI
630,0.23675476014614105,0.2350585013628006,0.13766372203826904,man,SKIER
631,0.23675476014614105,0.2350585013628006,0.13766372203826904,man,SKIER
632,0.22203129529953003,0.2852216362953186,0.11292538791894913,woman,SCIENTIST
633,0.22203129529953003,0.2852216362953186,0.11292538791894913,woman,SCIENTIST
634,0.27113574743270874,0.20915468037128448,0.17039020359516144,man,SCHOOLBOY
635,0.28940272331237793,0.30558711290359497,0.19953027367591858,woman,SCHOOLKID
636,0.27113574743270874,0.20915468037128448,0.17039020359516144,man,SCHOOLBOY
637,0.267524778842926,0.2266097515821457,0.24992670118808746,man,UNKNOWN
638,0.267524778842926,0.2266097515821457,0.24992670118808746,man,UNKNOWN
639,0.24059057235717773,0.20416998863220215,0.3346547484397888,person,FUCK
640,0.290576308965683,0.2921749949455261,0.16705821454524994,woman,WRITER
641,0.290576308965683,0.2921749949455261,0.16705821454524994,woman,WRITER
642,0.2318296879529953,0.22547052800655365,0.20528757572174072,man,WRITE
643,0.1273871809244156,0.10054140537977219,0.16047590970993042,person,WRITE TO THE COMPUTER
644,0.2548214793205261,0.25381284952163696,0.13798369467258453,man,SCULPTOR
645,0.2515659034252167,0.335578978061676,0.18728415668010712,woman,SECRETARY
646,0.12264848500490189,0.11619772762060165,-0.009979168884456158,man,SIMPLIFY PROBLEMS
647,0.2263154238462448,0.26408177614212036,0.18892303109169006,woman,SERVANT
648,0.1582094132900238,0.17129208147525787,0.2121102213859558,person,SERVITE
649,0.289902925491333,0.3347505033016205,0.1828112006187439,woman,SEXIST
650,0.2100859135389328,0.19579143822193146,0.15435931086540222,man,LAZY
651,0.20424553751945496,0.2125861644744873,0.16396723687648773,woman,GENTLEMAN
652,0.20481133460998535,0.33429720997810364,0.14585675299167633,woman,LADY OF THE HOUSE
653,0.20424553751945496,0.2125861644744873,0.16396723687648773,woman,GENTLEMAN
654,0.2150493562221527,0.18688122928142548,0.18506982922554016,man,MAYOR
655,0.2150493562221527,0.18688122928142548,0.18506982922554016,man,MAYOR
656,0.10743725299835205,0.1424609273672104,0.21412737667560577,person,TIDY UP
657,0.12871533632278442,0.14353199303150177,0.21892602741718292,person,FIX THE HOUSE
658,0.15640144050121307,0.14285078644752502,0.3057951033115387,person,FIX THE MACHINE
659,0.07821639627218246,0.08321719616651535,0.11412065476179123,person,FIX CHANDELIER
660,0.11062371730804443,0.12158740311861038,0.18375198543071747,person,SMARTWORKER
661,0.2651100158691406,0.29263466596603394,0.19456501305103302,woman,RESCUER
662,0.1655634343624115,0.21366560459136963,0.17562834918498993,woman,SOCIALIZE
663,0.21473431587219238,0.30197516083717346,0.20196343958377838,woman,PARTNER
664,0.2895086109638214,0.28720787167549133,0.30892637372016907,person,SUBJECT
665,0.21984298527240753,0.2116561233997345,0.15391504764556885,man,SOLDIER
666,0.18432310223579407,0.20882199704647064,0.23653653264045715,person,WITHSTAND ME
667,0.2468368411064148,0.44057953357696533,0.20331262052059174,woman,SISTER
668,0.2611991763114929,0.2908352315425873,0.18261519074440002,woman,DRUG DEALER
669,0.25071555376052856,0.21425911784172058,0.16753070056438446,man,SCAVENGER
670,0.18360406160354614,0.21532386541366577,0.2598012089729309,person,MIRROR
671,0.21572959423065186,0.24418671429157257,0.11361110210418701,woman,SPELEOLOGIST
672,0.2142139971256256,0.23941229283809662,0.2501693069934845,person,STAPLER
673,0.2239125669002533,0.2632479667663574,0.2707849144935608,person,SPORT
674,0.20369282364845276,0.2186078131198883,0.1833980232477188,woman,SPORTY
675,0.2524164021015167,0.30081260204315186,0.23027420043945312,woman,GROOM
676,0.2524164021015167,0.30081260204315186,0.23027420043945312,woman,GROOM
677,0.15714573860168457,0.24762512743473053,0.11339186877012253,woman,INTERN
678,0.13194862008094788,0.14196568727493286,0.07967180013656616,woman,STAY AS A COUPLE
679,0.1728651374578476,0.20624896883964539,0.18411953747272491,woman,STATISTICS
680,0.2713400423526764,0.3224885165691376,0.21532799303531647,woman,STYLIST
681,0.21473637223243713,0.20072147250175476,0.3088802397251129,person,PRESS
682,0.166092187166214,0.16979679465293884,0.19550330936908722,person,IRONER
683,0.33657512068748474,0.3146955072879791,0.22339271008968353,man,ASSHOLE
684,0.17357544600963593,0.20676828920841217,0.12372146546840668,woman,STUDENT
685,0.10639144480228424,0.11518459022045135,0.175391286611557,person,STUDY
686,0.19804739952087402,0.2060714066028595,0.07850625365972519,woman,SCHOLAR
687,0.19804739952087402,0.2060714066028595,0.07850625365972519,woman,SCHOLAR
688,0.25229138135910034,0.24147148430347443,0.12059102952480316,man,COCKSUCKER
689,0.11667350679636002,0.09633380174636841,0.09881768375635147,man,FATHER IN LAW
690,0.11667350679636002,0.09633380174636841,0.09881768375635147,man,FATHER IN LAW
691,0.22573505342006683,0.24817515909671783,0.2290850430727005,woman,PLAY
692,0.26492840051651,0.3910532295703888,0.21304510533809662,woman,NUN
693,0.14024890959262848,0.15080957114696503,0.18027834594249725,person,SUPPORTERS
694,0.2089964896440506,0.2208147943019867,0.18899115920066833,woman,SURFIST
695,0.23460930585861206,0.25683537125587463,0.15556026995182037,woman,DEVELOPER
696,0.04410851374268532,0.020292721688747406,0.08746183663606644,person,UNSCREW THE WHEEL BOLTS
697,0.17304490506649017,0.23369291424751282,0.22017642855644226,woman,TAXI DRIVER
698,0.23699676990509033,0.2632916271686554,0.20288105309009552,woman,TECHNICIAN
699,0.2950138449668884,0.3823782205581665,0.13987533748149872,woman,TENNIS PLAYER
700,0.24623744189739227,0.2017163336277008,0.12119383364915848,man,TENOR
701,0.22927573323249817,0.29198071360588074,0.19320222735404968,woman,THERAPIST
702,0.2572028338909149,0.2601702809333801,0.14290288090705872,woman,TERRORIST
703,0.2061680257320404,0.20158734917640686,0.173456072807312,man,TESTER
704,0.43196815252304077,0.3564694821834564,0.2134203165769577,man,GUY
705,0.43196815252304077,0.3564694821834564,0.2134203165769577,man,GUY
706,0.16906297206878662,0.18019017577171326,0.17567069828510284,woman,PRINTER
707,0.28010043501853943,0.20389731228351593,0.2701837718486786,man,DUDE
708,0.2517436742782593,0.2589513957500458,0.20380839705467224,woman,TRANSLATOR
709,0.202351376414299,0.1847701072692871,0.16100890934467316,man,FERRYMAN
710,0.31893470883369446,0.40805721282958984,0.25047022104263306,woman,TRANSGENDER
711,0.13281641900539398,0.2370859980583191,0.22752568125724792,woman,PUT ON MAKEUP
712,0.15941500663757324,0.22139102220535278,0.1771390438079834,woman,MAKE UP ARTIST
713,0.14581279456615448,0.16380487382411957,0.11923228949308395,woman,LEGAL GUARDIAN
714,0.22063320875167847,0.23463129997253418,0.1773926466703415,woman,HANDYMAN
715,0.3831303119659424,0.4071863293647766,0.21829760074615479,woman,HUMAN
716,0.3831303119659424,0.4071863293647766,0.21829760074615479,woman,HUMAN
717,0.22889000177383423,0.16282398998737335,0.26061055064201355,person,MAN
718,0.18894237279891968,0.17235471308231354,0.17621509730815887,man,BUSINESS MAN
719,0.22334791719913483,0.20177455246448517,0.19391031563282013,man,CLEANING MAN
720,0.22445350885391235,0.15452593564987183,0.14395909011363983,man,MAN OF THE HOUSE
721,0.13465917110443115,0.10589097440242767,0.18094906210899353,person,FAMILY MAN
722,0.24212175607681274,0.24812786281108856,0.17099477350711823,woman,URBANIST
723,0.20742779970169067,0.26660916209220886,0.13635943830013275,woman,VAIN
724,0.21565547585487366,0.29758402705192566,0.10059677809476852,woman,SAILOR
725,0.277407169342041,0.316184401512146,0.16687779128551483,woman,SALESPERSON
726,0.277407169342041,0.316184401512146,0.16687779128551483,woman,SALESPERSON
727,0.19048111140727997,0.2474050521850586,0.2230619639158249,woman,VETERINARY
728,0.21957288682460785,0.2362586259841919,0.17666952311992645,woman,TRAVELER
729,0.10169342160224915,0.13476043939590454,0.22972550988197327,person,NEAR
730,0.10169342160224915,0.13476043939590454,0.22972550988197327,person,NEAR
731,0.24614785611629486,0.24767529964447021,0.15775811672210693,woman,FIREMAN
732,0.20843343436717987,0.21134619414806366,0.15168075263500214,woman,TRAFFIC WARDEN
733,0.20808051526546478,0.298380970954895,0.10870728641748428,woman,VIOLINIST
734,0.20610319077968597,0.24817076325416565,0.09752272069454193,woman,CELLIST
735,0.26315823197364807,0.25256556272506714,0.15118442475795746,man,VOYEUR
736,0.03191709145903587,0.04889773577451706,0.1668412685394287,person,WEB MARKETING
737,0.2627590298652649,0.21341583132743835,0.1669270247220993,man,UNCLE
738,0.2627590298652649,0.21341583132743835,0.1669270247220993,man,UNCLE
739,0.24132460355758667,0.31634312868118286,0.14464956521987915,woman,Slut
