,MAN,WOMAN,associated_word
0,0.1551859825849533,0.1298348754644394,man
1,0.10010860860347748,0.08997155725955963,man
2,0.0456102229654789,0.04892577975988388,woman
3,0.05099659413099289,0.047761544585227966,man
4,0.049914322793483734,0.06472296267747879,woman
5,0.12049924582242966,0.12459373474121094,woman
6,0.056592971086502075,0.06321025639772415,woman
7,0.10541918128728867,0.08106845617294312,man
8,0.08984240144491196,0.08708126842975616,man
9,0.025642376393079758,0.04195857048034668,woman
10,0.07274150848388672,0.07763717323541641,woman
11,0.08339809626340866,0.06393454968929291,man
12,-0.09235110878944397,-0.08247113972902298,woman
13,-0.0922328308224678,-0.08099064975976944,woman
14,0.056926727294921875,0.06954480707645416,woman
15,0.056926727294921875,0.06954480707645416,woman
16,0.056926727294921875,0.06954480707645416,woman
17,0.14774100482463837,0.11731404066085815,man
18,0.007620608434081078,0.013391860760748386,woman
19,0.1608888804912567,0.18245507776737213,woman
20,0.021372677758336067,0.03647686168551445,woman
21,0.0842708870768547,0.0727728009223938,man
22,0.06438850611448288,0.059317562729120255,man
23,0.18015822768211365,0.16623730957508087,man
24,0.21040040254592896,0.18637405335903168,man
25,0.21040040254592896,0.18637405335903168,man
26,0.015774095430970192,0.0315142497420311,woman
27,0.2477608621120453,0.2309521734714508,man
28,0.2582942247390747,0.23632913827896118,man
29,0.21040040254592896,0.18637405335903168,man
30,0.21040040254592896,0.18637405335903168,man
31,0.20937083661556244,0.18545056879520416,man
32,0.13405054807662964,0.11089274287223816,man
33,0.13405054807662964,0.11089274287223816,man
34,0.18575933575630188,0.17155298590660095,man
35,0.10911402851343155,0.1106930747628212,woman
36,0.10911402851343155,0.1106930747628212,woman
37,0.10959967225790024,0.10793105512857437,man
38,0.11984244734048843,0.10420923680067062,man
39,0.11221066862344742,0.11659110337495804,woman
40,0.11362318694591522,0.11394442617893219,woman
41,0.29519569873809814,0.30314356088638306,woman
42,0.14401035010814667,0.12016791105270386,man
43,0.19249433279037476,0.18675868213176727,man
44,0.17509129643440247,0.16580058634281158,man
45,0.055780503898859024,0.07741917669773102,woman
46,0.0780990719795227,0.0767262801527977,man
47,0.0780990719795227,0.0767262801527977,man
48,0.14446629583835602,0.12253653258085251,man
49,0.14446629583835602,0.12253653258085251,man
50,0.02205938659608364,0.02726287581026554,woman
51,0.2570253610610962,0.25621849298477173,man
52,0.2570253610610962,0.25621849298477173,man
53,0.07453946024179459,0.047855108976364136,man
54,0.11985243111848831,0.10981783270835876,man
55,0.11985243111848831,0.10981783270835876,man
56,0.166268453001976,0.15457479655742645,man
57,0.03998510539531708,0.05493133142590523,woman
58,0.12209532409906387,0.11558565497398376,man
59,0.12209532409906387,0.11558565497398376,man
60,0.25895753502845764,0.23387782275676727,man
61,0.25895753502845764,0.23387782275676727,man
62,0.09770739823579788,0.08886239677667618,man
63,0.13308373093605042,0.15749336779117584,woman
64,0.16978727281093597,0.15452471375465393,man
65,0.05828116089105606,0.04971422627568245,man
66,0.18057100474834442,0.1456792652606964,man
67,0.2582942247390747,0.23632913827896118,man
68,0.16077980399131775,0.13301196694374084,man
69,0.07532301545143127,0.05409947782754898,man
70,0.16077980399131775,0.13301196694374084,man
71,0.1480739861726761,0.11499229818582535,man
72,0.20149604976177216,0.19296856224536896,man
73,0.11495301872491837,0.09451929479837418,man
74,0.048996035009622574,0.037887826561927795,man
75,0.09831636399030685,0.10055837035179138,woman
76,0.19790920615196228,0.10362565517425537,man
77,0.1730717569589615,0.15939684212207794,man
78,0.25987815856933594,0.23216958343982697,man
79,0.15538464486598969,0.1673061102628708,woman
80,0.08733192086219788,0.08302787691354752,man
81,0.08733192086219788,0.08302787691354752,man
82,0.03759736195206642,0.06558513641357422,woman
83,0.18177419900894165,0.21221622824668884,woman
84,0.18177419900894165,0.21221622824668884,woman
85,0.1460786908864975,0.1281946748495102,man
86,0.1460786908864975,0.1281946748495102,man
87,0.05379750207066536,0.05431436002254486,woman
88,0.05379750207066536,0.05431436002254486,woman
89,0.11348205804824829,0.0859941691160202,man
90,0.16971775889396667,0.16711777448654175,man
91,0.15920448303222656,0.14987307786941528,man
92,0.05290408432483673,0.05277485027909279,man
93,0.05290408432483673,0.05277485027909279,man
94,0.04370681941509247,0.028146741911768913,man
95,0.04370681941509247,0.028146741911768913,man
96,0.1772206425666809,0.15938608348369598,man
97,0.1772206425666809,0.15938608348369598,man
98,0.20013213157653809,0.16723796725273132,man
99,0.20013213157653809,0.16723796725273132,man
100,0.15514270961284637,0.16094449162483215,woman
101,0.09370806068181992,0.08546533435583115,man
102,0.013495718128979206,0.000694478047080338,man
103,0.013495718128979206,0.000694478047080338,man
104,0.013495718128979206,0.000694478047080338,man
105,0.013495718128979206,0.000694478047080338,man
106,0.1826637238264084,0.18361300230026245,woman
107,0.1826637238264084,0.18361300230026245,woman
108,0.1826637238264084,0.18361300230026245,woman
109,0.01842597685754299,0.01051123347133398,man
110,0.23232629895210266,0.20542030036449432,man
111,0.013495718128979206,0.000694478047080338,man
112,0.22281083464622498,0.21531078219413757,man
113,0.22281083464622498,0.21531078219413757,man
114,0.06460748612880707,0.05879789590835571,man
115,0.22281083464622498,0.21531078219413757,man
116,0.22281083464622498,0.21531078219413757,man
117,0.07976701110601425,0.06693830341100693,man
118,-0.023017294704914093,-0.005999572109431028,woman
119,-0.023017294704914093,-0.005999572109431028,woman
120,0.1442030668258667,0.1254497617483139,man
121,0.1442030668258667,0.1254497617483139,man
122,0.11808112263679504,0.09281999617815018,man
123,0.1758449822664261,0.15969780087471008,man
124,-0.021589580923318863,-0.01684596948325634,woman
125,0.1758449822664261,0.15969780087471008,man
126,0.06775890290737152,0.06371158361434937,man
127,0.06758138537406921,0.051330454647541046,man
128,-0.015607321634888649,-0.03060246631503105,man
129,0.30217185616493225,0.27868878841400146,man
130,0.11058292537927628,0.08272995054721832,man
131,0.13610069453716278,0.11515900492668152,man
132,0.20226727426052094,0.1616635024547577,man
133,0.20226727426052094,0.1616635024547577,man
134,0.13596244156360626,0.15520349144935608,woman
135,0.13596244156360626,0.15520349144935608,woman
136,0.21757176518440247,0.19750936329364777,man
137,0.11720600724220276,0.11268367618322372,man
138,0.1688690185546875,0.1334366500377655,man
139,0.21052305400371552,0.186629056930542,man
140,0.07780589908361435,0.07917606085538864,woman
141,0.13780872523784637,0.12452578544616699,man
142,0.1594172865152359,0.14639180898666382,man
143,0.1594172865152359,0.14639180898666382,man
144,0.15479180216789246,0.13422633707523346,man
145,0.24063238501548767,0.2309805154800415,man
146,0.08284834027290344,0.05265155807137489,man
147,0.16732709109783173,0.160993754863739,man
148,0.18123476207256317,0.13785436749458313,man
149,0.18123476207256317,0.13785436749458313,man
150,0.18690846860408783,0.14524202048778534,man
151,0.14419454336166382,0.10685065388679504,man
152,0.2032041698694229,0.15413549542427063,man
153,0.2032041698694229,0.15413549542427063,man
154,0.20214872062206268,0.19258826971054077,man
155,0.20214872062206268,0.19258826971054077,man
156,0.0283060185611248,0.015890341252088547,man
157,0.061250075697898865,0.04872903972864151,man
158,0.03818589076399803,0.031172223389148712,man
159,0.0772676169872284,0.06710818409919739,man
160,0.061250075697898865,0.04872903972864151,man
161,0.21206051111221313,0.18902035057544708,man
162,0.15091267228126526,0.1417190283536911,man
163,0.15091267228126526,0.1417190283536911,man
164,0.06624508649110794,0.048895057290792465,man
165,0.13705061376094818,0.12348055839538574,man
166,0.054420191794633865,0.04928317293524742,man
167,0.054420191794633865,0.04928317293524742,man
168,0.07188000530004501,0.08323109894990921,woman
169,0.15992605686187744,0.10972339659929276,man
170,0.05701426789164543,0.03365803137421608,man
171,0.009922741912305355,0.019556351006031036,woman
172,0.21212877333164215,0.19461078941822052,man
173,0.09594305604696274,0.1002529039978981,woman
174,0.05701426789164543,0.03365803137421608,man
175,0.09594305604696274,0.1002529039978981,woman
176,0.06974847614765167,0.08491744101047516,woman
177,0.14509955048561096,0.14461417496204376,man
178,0.1620774269104004,0.212349072098732,woman
179,0.12742288410663605,0.09989770501852036,man
180,0.09073152393102646,0.10222765058279037,woman
181,0.182017982006073,0.16310273110866547,man
182,0.16931019723415375,0.14682728052139282,man
183,0.0842958316206932,0.06930898129940033,man
184,0.14802061021327972,0.12493399530649185,man
185,0.1480739861726761,0.11499229818582535,man
186,0.0784618929028511,0.0782294049859047,man
187,0.20451781153678894,0.2058102935552597,woman
188,0.1105361133813858,0.10835877060890198,man
189,0.1105361133813858,0.10835877060890198,man
190,0.20113034546375275,0.25261878967285156,woman
191,0.10823731124401093,0.09593165665864944,man
192,0.10811828076839447,0.10177639126777649,man
193,0.14774100482463837,0.11731404066085815,man
194,0.16450437903404236,0.14624835550785065,man
195,0.19823294878005981,0.21233230829238892,woman
196,0.1044897735118866,0.1185929924249649,woman
197,0.12731590867042542,0.12171155214309692,man
198,-0.0273763295263052,-0.03498169407248497,man
199,0.055355254560709,0.06334703415632248,woman
200,0.1745934933423996,0.15667080879211426,man
201,0.16988320648670197,0.12713219225406647,man
202,0.12951618432998657,0.1309429556131363,woman
203,0.17726241052150726,0.15633918344974518,man
204,0.19203996658325195,0.1859140247106552,man
205,0.17726241052150726,0.15633918344974518,man
206,0.19103264808654785,0.15364691615104675,man
207,0.061349064111709595,0.05742400139570236,man
208,-0.012343084439635277,-0.006602839101105928,woman
209,0.022384420037269592,0.01773839443922043,man
210,0.1363423615694046,0.13527338206768036,man
211,0.1363423615694046,0.13527338206768036,man
212,0.022384420037269592,0.01773839443922043,man
213,0.022384420037269592,0.01773839443922043,man
214,0.18177419900894165,0.21221622824668884,woman
215,0.060613568872213364,0.06945989280939102,woman
216,0.191314235329628,0.17480337619781494,man
217,0.16614046692848206,0.14638519287109375,man
218,0.0824037566781044,0.08214776962995529,man
219,0.18527841567993164,0.16443930566310883,man
220,0.1056981086730957,0.10437694936990738,man
221,0.08823949098587036,0.087910495698452,man
222,3.70456837117672e-05,0.010832831263542175,woman
223,0.06236012279987335,0.052497006952762604,man
224,0.12220180779695511,0.1130586564540863,man
225,0.2162465900182724,0.19398929178714752,man
226,0.08183672279119492,0.0781456008553505,man
227,0.07090940326452255,0.0703463926911354,man
228,0.07090940326452255,0.0703463926911354,man
229,0.06633652746677399,0.05912739410996437,man
230,0.03174286335706711,0.0312335267663002,man
231,0.1056981086730957,0.10437694936990738,man
232,0.1056981086730957,0.10437694936990738,man
233,0.17609761655330658,0.15687799453735352,man
234,0.08490874618291855,0.08773096650838852,woman
235,0.042459189891815186,0.05479658767580986,woman
236,0.21644426882266998,0.20697098970413208,man
237,0.14919716119766235,0.13913047313690186,man
238,0.16375377774238586,0.15148772299289703,man
239,0.023859357461333275,0.05223933607339859,woman
240,0.2402929961681366,0.25896432995796204,woman
241,0.2402929961681366,0.25896432995796204,woman
242,0.2570820152759552,0.3629322946071625,woman
243,0.2570820152759552,0.3629322946071625,woman
244,0.07735277712345123,0.0879078209400177,woman
245,0.23619602620601654,0.19493132829666138,man
246,0.02829637937247753,0.03591378405690193,woman
247,0.0663365051150322,0.06233897805213928,man
248,0.0663365051150322,0.06233897805213928,man
249,0.14058159291744232,0.10686634480953217,man
250,0.08681798726320267,0.08368230611085892,man
251,0.16943514347076416,0.15294666588306427,man
252,0.16943514347076416,0.15294666588306427,man
253,-0.03791723772883415,-0.02949908934533596,woman
254,0.12688399851322174,0.14670410752296448,woman
255,-0.011044137179851532,-0.02511964552104473,man
256,0.05340766906738281,0.052378978580236435,man
257,0.15368108451366425,0.1394302248954773,man
258,0.08817383646965027,0.0927734300494194,woman
259,0.11548084020614624,0.12296374142169952,woman
260,0.07852526754140854,0.08511772006750107,woman
261,0.2045288383960724,0.17385442554950714,man
262,0.0774574726819992,0.09983184933662415,woman
263,0.10596141219139099,0.11626690626144409,woman
264,0.15638986229896545,0.13550584018230438,man
265,0.08046795427799225,0.08063466101884842,woman
266,0.09095465391874313,0.057714369148015976,man
267,0.23233868181705475,0.22142156958580017,man
268,0.2019115686416626,0.17147447168827057,man
269,0.20226727426052094,0.1616635024547577,man
270,-0.029597466811537743,-0.012604142539203167,woman
271,0.20013213157653809,0.16723796725273132,man
272,0.20013213157653809,0.16723796725273132,man
273,0.026871047914028168,0.032102711498737335,woman
274,0.04615356773138046,0.03808886185288429,man
275,0.013568714261054993,0.007034520152956247,man
276,0.04615356773138046,0.03808886185288429,man
277,0.03543633967638016,0.029984936118125916,man
278,0.04745086282491684,0.039897482842206955,man
279,0.04745086282491684,0.039897482842206955,man
280,0.04745086282491684,0.039897482842206955,man
281,0.04745086282491684,0.039897482842206955,man
282,0.04745086282491684,0.039897482842206955,man
283,0.03543633967638016,0.029984936118125916,man
284,0.04745086282491684,0.039897482842206955,man
285,0.04745086282491684,0.039897482842206955,man
286,0.11856074631214142,0.10930100828409195,man
287,0.03543633967638016,0.029984936118125916,man
288,0.10170990973711014,0.09606996923685074,man
289,0.04753239080309868,0.036328401416540146,man
290,0.24919500946998596,0.2867569625377655,woman
291,0.24919500946998596,0.2867569625377655,woman
292,-0.007717966102063656,0.006768354214727879,woman
293,0.23993335664272308,0.18813930451869965,man
294,0.23993335664272308,0.18813930451869965,man
295,0.23993335664272308,0.18813930451869965,man
296,0.23993335664272308,0.18813930451869965,man
297,-0.007717966102063656,0.006768354214727879,woman
298,0.11993169784545898,0.15225569903850555,woman
299,0.11993169784545898,0.15225569903850555,woman
300,0.16331921517848969,0.1670054793357849,woman
301,0.20252056419849396,0.18141064047813416,man
302,0.08431081473827362,0.08001545071601868,man
303,0.08431081473827362,0.08001545071601868,man
304,0.2539450228214264,0.19085055589675903,man
305,0.1495048999786377,0.1574365496635437,woman
306,0.1026206687092781,0.10756788402795792,woman
307,0.1026206687092781,0.10756788402795792,woman
308,0.24604441225528717,0.23633363842964172,man
309,0.13029085099697113,0.10518641769886017,man
310,0.09060410410165787,0.1009075790643692,woman
311,0.005719833076000214,0.017723863944411278,woman
312,0.005719833076000214,0.017723863944411278,woman
313,0.12256283313035965,0.09237416833639145,man
314,0.1361403465270996,0.1434343159198761,woman
315,0.1361403465270996,0.1434343159198761,woman
316,0.1518428921699524,0.12986406683921814,man
317,0.26289159059524536,0.20325960218906403,man
318,0.26289159059524536,0.20325960218906403,man
319,0.12380178272724152,0.1206444501876831,man
320,0.12184067070484161,0.0938877984881401,man
321,0.021439431235194206,0.009309266693890095,man
322,-0.01188654825091362,-0.022225819528102875,man
323,0.15046140551567078,0.13203294575214386,man
324,0.15046140551567078,0.13203294575214386,man
325,0.20778851211071014,0.22401468455791473,woman
326,0.20778851211071014,0.22401468455791473,woman
327,0.12336830049753189,0.1283436119556427,woman
328,0.07735277712345123,0.0879078209400177,woman
329,0.22053006291389465,0.2182433158159256,man
330,0.07735277712345123,0.0879078209400177,woman
331,0.22053006291389465,0.2182433158159256,man
332,0.15281270444393158,0.1353147327899933,man
333,0.1973782628774643,0.21103237569332123,woman
334,0.14717087149620056,0.1539618968963623,woman
335,0.08773323893547058,0.10076367110013962,woman
336,0.19223754107952118,0.14300520718097687,man
337,0.19223754107952118,0.14300520718097687,man
338,0.19223754107952118,0.14300520718097687,man
339,0.03304659202694893,0.031017012894153595,man
340,-0.00933529157191515,-0.027633104473352432,man
341,0.13586394488811493,0.14460036158561707,woman
342,0.11512789875268936,0.10305681079626083,man
343,0.06017392873764038,0.03712938725948334,man
344,0.23415185511112213,0.24656905233860016,woman
345,0.23415185511112213,0.24656905233860016,woman
346,0.10744527727365494,0.08928777277469635,man
347,0.05534294992685318,0.05303926020860672,man
348,0.06994418799877167,0.057725660502910614,man
349,0.1480739861726761,0.11499229818582535,man
350,0.1480739861726761,0.11499229818582535,man
351,0.18123389780521393,0.1353238970041275,man
352,0.22536024451255798,0.19768375158309937,man
353,0.22536024451255798,0.19768375158309937,man
354,0.206851065158844,0.21930870413780212,woman
355,0.17074525356292725,0.16826236248016357,man
356,0.12490085512399673,0.10619129985570908,man
357,0.02459706738591194,0.03810475766658783,woman
358,0.17234393954277039,0.13096244633197784,man
359,0.03797721117734909,0.03250508010387421,man
360,0.2162465900182724,0.19398929178714752,man
361,0.2162465900182724,0.19398929178714752,man
362,0.19417135417461395,0.16580617427825928,man
363,0.19417135417461395,0.16580617427825928,man
364,0.1790405511856079,0.19348517060279846,woman
365,0.017532682046294212,0.02428556978702545,woman
366,0.08184110373258591,0.07551496475934982,man
367,0.08280111104249954,0.07555220276117325,man
368,0.0753054991364479,0.06956979632377625,man
369,0.09076659381389618,0.07873515784740448,man
370,0.1349450647830963,0.13489635288715363,man
371,0.2343250811100006,0.20333163440227509,man
372,0.06892101466655731,0.07949428260326385,woman
373,0.1707795262336731,0.17976944148540497,woman
374,0.04971054568886757,0.06140357255935669,woman
375,0.42601343989372253,0.37401628494262695,man
376,0.42601343989372253,0.37401628494262695,man
377,-0.0423898883163929,-0.049716148525476456,man
378,0.10281526297330856,0.08516693860292435,man
379,0.10281526297330856,0.08516693860292435,man
380,0.09899229556322098,0.08073009550571442,man
381,0.17480623722076416,0.1495199203491211,man
382,0.17480623722076416,0.1495199203491211,man
383,0.1262241154909134,0.1255853772163391,man
384,0.06979791820049286,0.08294014632701874,woman
385,0.06738833338022232,0.06307919323444366,man
386,0.1476690173149109,0.12698817253112793,man
387,0.1476690173149109,0.12698817253112793,man
388,0.1502915471792221,0.1449897140264511,man
389,0.10220249742269516,0.10170052945613861,man
390,0.130107581615448,0.11325525492429733,man
391,0.09324993193149567,0.11309390515089035,woman
392,0.2002737671136856,0.22624020278453827,woman
393,0.20385971665382385,0.1961469054222107,man
394,0.13359984755516052,0.09096255898475647,man
395,0.12767431139945984,0.128029003739357,woman
396,0.19343094527721405,0.15401655435562134,man
397,0.19343094527721405,0.15401655435562134,man
398,0.05550570785999298,0.06312897801399231,woman
399,0.16918516159057617,0.12877769768238068,man
400,0.16918516159057617,0.12877769768238068,man
401,0.07651841640472412,0.07994262129068375,woman
402,0.07380015403032303,0.07938238978385925,woman
403,0.197649747133255,0.17897962033748627,man
404,0.12374997138977051,0.1108282133936882,man
405,0.2172412872314453,0.2211335450410843,woman
406,0.197649747133255,0.17897962033748627,man
407,0.12374997138977051,0.1108282133936882,man
408,0.037598926573991776,0.04445497691631317,woman
409,0.18296128511428833,0.17465375363826752,man
410,0.14760726690292358,0.1392119824886322,man
411,0.06730690598487854,0.07612190395593643,woman
412,0.18674106895923615,0.1875663548707962,woman
413,0.015033717267215252,0.026245754212141037,woman
414,0.11009372770786285,0.10901730507612228,man
415,0.11009372770786285,0.10901730507612228,man
416,-0.014884170144796371,-0.012014389969408512,woman
417,0.1495048999786377,0.1574365496635437,woman
418,0.22474543750286102,0.19368448853492737,man
419,0.18554046750068665,0.16372767090797424,man
420,0.0964149609208107,0.1407201886177063,woman
421,0.13833408057689667,0.10344886034727097,man
422,0.13833408057689667,0.10344886034727097,man
423,0.09625434130430222,0.09470031410455704,man
424,0.1598346084356308,0.12217295914888382,man
425,0.11541847884654999,0.14434240758419037,woman
426,0.1643504798412323,0.1533363163471222,man
427,0.10959967225790024,0.10793105512857437,man
428,0.05459866672754288,0.04944450408220291,man
429,0.1020253598690033,0.08832023292779922,man
430,0.22873708605766296,0.21521882712841034,man
431,0.050669725984334946,0.04811715707182884,man
432,0.15760169923305511,0.15355277061462402,man
433,0.15760169923305511,0.15355277061462402,man
434,0.2858257591724396,0.25181183218955994,man
435,0.23127074539661407,0.19022957980632782,man
436,0.065672367811203,0.07561236619949341,woman
437,0.065672367811203,0.07561236619949341,woman
438,0.14123442769050598,0.15374574065208435,woman
439,0.14123442769050598,0.15374574065208435,woman
440,0.10926119983196259,0.10343731939792633,man
441,0.15504248440265656,0.1466454118490219,man
442,0.15504248440265656,0.1466454118490219,man
443,0.06532204896211624,0.06443186849355698,man
444,0.0663365051150322,0.06233897805213928,man
445,0.07595377415418625,0.07155837118625641,man
446,0.007437003310769796,0.009529026225209236,woman
447,0.2077263742685318,0.1903512179851532,man
448,0.14439144730567932,0.1784738004207611,woman
449,0.10505799204111099,0.07163269072771072,man
450,0.06523013114929199,0.06806915253400803,woman
451,0.20113034546375275,0.25261878967285156,woman
452,0.20113034546375275,0.25261878967285156,woman
453,0.051094330847263336,0.06128890812397003,woman
454,0.20404551923274994,0.19822174310684204,man
455,0.06871461123228073,0.1023140400648117,woman
456,0.08824603259563446,0.05487692728638649,man
457,0.14182305335998535,0.1628287434577942,woman
458,0.18139836192131042,0.18569640815258026,woman
459,0.14858973026275635,0.13011325895786285,man
460,0.07020630687475204,0.060775164514780045,man
461,0.14990875124931335,0.1526850312948227,woman
462,0.050690650939941406,0.04372856020927429,man
463,0.10562065243721008,0.10109226405620575,man
464,0.09906088560819626,0.0868101716041565,man
465,0.0867876335978508,0.08447793871164322,man
466,0.09906088560819626,0.0868101716041565,man
467,0.08087120205163956,0.08871164917945862,woman
468,0.05420752614736557,0.04684090614318848,man
469,0.052070461213588715,0.028711305931210518,man
470,0.12707233428955078,0.12475666403770447,man
471,0.1190202459692955,0.11094068735837936,man
472,0.06262209266424179,0.05642027407884598,man
473,0.14525192975997925,0.13903920352458954,man
474,0.15768831968307495,0.12087973207235336,man
475,0.10237973928451538,0.09167537838220596,man
476,0.36816197633743286,0.2949667274951935,man
477,0.19268374145030975,0.16535992920398712,man
478,0.032371923327445984,0.013360871933400631,man
479,0.032371923327445984,0.013360871933400631,man
480,0.09704721719026566,0.09743807464838028,woman
481,0.03065134957432747,0.026526447385549545,man
482,0.09785491973161697,0.10169076174497604,woman
483,0.16879665851593018,0.16325871646404266,man
484,0.16879665851593018,0.16325871646404266,man
485,-0.014981694519519806,-0.013752346858382225,woman
486,0.14322760701179504,0.08878179639577866,man
487,0.197649747133255,0.17897962033748627,man
488,0.197649747133255,0.17897962033748627,man
489,0.1606057584285736,0.14716856181621552,man
490,0.11401432007551193,0.0954878106713295,man
491,0.11512789875268936,0.10305681079626083,man
492,0.12131835520267487,0.10662055015563965,man
493,0.11401432007551193,0.0954878106713295,man
494,0.1606057584285736,0.14716856181621552,man
495,0.0973694920539856,0.09378930181264877,man
496,0.1274619698524475,0.1088133454322815,man
497,0.1274619698524475,0.1088133454322815,man
498,-0.04475077614188194,-0.04726572707295418,man
499,-0.01917453669011593,-0.029292743653059006,man
500,-0.0017781733768060803,-0.011915224604308605,man
501,-0.02778683230280876,-0.036807455122470856,man
502,0.1643504798412323,0.1533363163471222,man
503,0.1643504798412323,0.1533363163471222,man
504,0.14207424223423004,0.11962059140205383,man
505,0.13425162434577942,0.12643617391586304,man
506,0.1268400102853775,0.1376471370458603,woman
507,0.1268400102853775,0.1376471370458603,woman
508,0.12748605012893677,0.05376031622290611,man
509,0.12748605012893677,0.05376031622290611,man
510,0.13833408057689667,0.10344886034727097,man
511,0.30217185616493225,0.27868878841400146,man
512,0.13833408057689667,0.10344886034727097,man
513,0.30217185616493225,0.27868878841400146,man
514,0.21118800342082977,0.20239602029323578,man
515,0.20252056419849396,0.18141064047813416,man
516,0.15405744314193726,0.1025497168302536,man
517,0.16583095490932465,0.16058121621608734,man
518,0.17091496288776398,0.17977048456668854,woman
519,0.021059319376945496,0.01172913983464241,man
520,0.1439463049173355,0.1258721947669983,man
521,0.09628905355930328,0.09408951550722122,man
522,0.09628905355930328,0.09408951550722122,man
523,0.1785488724708557,0.1798216551542282,woman
524,0.07492665201425552,0.0725075826048851,man
525,0.07492665201425552,0.0725075826048851,man
526,0.22234658896923065,0.2113495022058487,man
527,0.11292770504951477,0.1025286614894867,man
528,0.05042940005660057,0.04937861114740372,man
529,0.15933549404144287,0.14128638803958893,man
530,0.16506540775299072,0.14870600402355194,man
531,0.0940011590719223,0.12741181254386902,woman
532,0.16232118010520935,0.14930790662765503,man
533,0.13461443781852722,0.11836732178926468,man
534,0.12749910354614258,0.10689099878072739,man
535,0.34332025051116943,0.3026967942714691,man
536,0.1783457100391388,0.17068690061569214,man
537,0.22385159134864807,0.20367634296417236,man
538,0.012772389687597752,-0.01300108153373003,man
539,0.26021522283554077,0.24756117165088654,man
540,0.10343644767999649,0.0905732661485672,man
541,0.1255694478750229,0.11002626270055771,man
542,0.10179609805345535,0.08830218762159348,man
543,0.22918233275413513,0.25928744673728943,woman
544,0.17784425616264343,0.17132319509983063,man
545,0.17484305799007416,0.1486009955406189,man
546,0.17074525356292725,0.16826236248016357,man
547,0.17074525356292725,0.16826236248016357,man
548,0.10896040499210358,0.07291630655527115,man
549,0.11045201122760773,0.09347335249185562,man
550,0.1545458436012268,0.15013821423053741,man
551,0.056441426277160645,0.10937973856925964,woman
552,0.05750057101249695,0.04779863730072975,man
553,0.12241929024457932,0.1182331070303917,man
554,0.10020198673009872,0.06606400012969971,man
555,0.10020198673009872,0.06606400012969971,man
556,0.12698538601398468,0.10238641500473022,man
557,0.12698538601398468,0.10238641500473022,man
558,0.17893922328948975,0.14684075117111206,man
559,0.2985047399997711,0.3419671058654785,woman
560,0.1476690173149109,0.12698817253112793,man
561,0.10170990973711014,0.09606996923685074,man
562,0.10170990973711014,0.09606996923685074,man
563,-0.02193317748606205,-0.025314385071396828,man
564,0.024900635704398155,0.04981771484017372,woman
565,-0.027665328234434128,-0.019403532147407532,woman
566,-0.027665328234434128,-0.019403532147407532,woman
567,0.13218945264816284,0.13067369163036346,man
568,0.13218945264816284,0.13067369163036346,man
569,0.10578295588493347,0.1050490215420723,man
570,0.054493069648742676,0.02816254459321499,man
571,0.10899350792169571,0.10974790900945663,woman
572,0.10709692537784576,0.11696043610572815,woman
573,0.12633073329925537,0.12316714227199554,man
574,0.18886807560920715,0.18311266601085663,man
575,0.18886807560920715,0.18311266601085663,man
576,0.17366038262844086,0.17393876612186432,woman
577,0.16375377774238586,0.15148772299289703,man
578,0.16375377774238586,0.15148772299289703,man
579,0.05208338424563408,0.047235727310180664,man
580,0.1056981086730957,0.10437694936990738,man
581,0.1910003423690796,0.1588662713766098,man
582,0.1910003423690796,0.1588662713766098,man
583,-0.015607321634888649,-0.03060246631503105,man
584,0.13274207711219788,0.12654775381088257,man
585,0.15097081661224365,0.14064669609069824,man
586,0.15097081661224365,0.14064669609069824,man
587,0.19506558775901794,0.154006227850914,man
588,0.07121863961219788,0.07666108757257462,woman
589,0.03237932547926903,0.039119940251111984,woman
590,0.09607867896556854,0.09016869962215424,man
591,0.09607867896556854,0.09016869962215424,man
592,0.3317769467830658,0.23354174196720123,man
593,0.16135545074939728,0.09642933309078217,man
594,0.3317769467830658,0.23354174196720123,man
595,0.10811828076839447,0.10177639126777649,man
596,0.10811828076839447,0.10177639126777649,man
597,0.12637966871261597,0.09341321885585785,man
598,0.07662024348974228,0.061250049620866776,man
599,0.02510029822587967,-0.005590908229351044,man
600,0.10427413880825043,0.08496047556400299,man
601,0.11068486422300339,0.11586251109838486,woman
602,0.18538805842399597,0.1706322580575943,man
603,0.18538805842399597,0.1706322580575943,man
604,0.011638637632131577,-0.00046742524136789143,man
605,0.018606241792440414,0.031997546553611755,woman
606,0.1265665590763092,0.1162322461605072,man
607,0.1265665590763092,0.1162322461605072,man
608,-0.025470804423093796,-0.027070989832282066,man
609,-0.04123402014374733,-0.03668003901839256,woman
610,0.189001202583313,0.14363132417201996,man
611,0.012689418159425259,-0.0023583557922393084,man
612,0.189001202583313,0.14363132417201996,man
613,-0.05163183808326721,-0.05034562572836876,woman
614,0.05993180721998215,0.0804171934723854,woman
615,-0.010555699467658997,-0.002359243342652917,woman
616,0.15715299546718597,0.1340201199054718,man
617,0.10809003561735153,0.10563264787197113,man
618,0.12633073329925537,0.12316714227199554,man
619,0.06818930804729462,0.07139895856380463,woman
620,0.18554046750068665,0.16372767090797424,man
621,0.132078617811203,0.09521456807851791,man
622,0.132078617811203,0.09521456807851791,man
623,0.22230815887451172,0.20527559518814087,man
624,0.13220152258872986,0.11566074937582016,man
625,0.1447312831878662,0.10819587856531143,man
626,0.04753239080309868,0.036328401416540146,man
627,0.051094330847263336,0.06128890812397003,woman
628,0.20658785104751587,0.1938234269618988,man
629,0.04259549081325531,0.04673885926604271,woman
630,0.21827103197574615,0.19844521582126617,man
631,0.21827103197574615,0.19844521582126617,man
632,0.13234196603298187,0.12825478613376617,man
633,0.13234196603298187,0.12825478613376617,man
634,0.3419792056083679,0.287213534116745,man
635,0.24950580298900604,0.22234492003917694,man
636,0.3419792056083679,0.287213534116745,man
637,0.07391563057899475,0.07272633910179138,man
638,0.07391563057899475,0.07272633910179138,man
639,0.0697585791349411,0.06257748603820801,man
640,0.11293687671422958,0.10636142641305923,man
641,0.11293687671422958,0.10636142641305923,man
642,0.04420701786875725,0.04180058836936951,man
643,0.007397857960313559,0.008722301572561264,woman
644,0.17870791256427765,0.17244184017181396,man
645,0.07687582075595856,0.10526327788829803,woman
646,-0.03724917769432068,-0.03263280540704727,woman
647,0.19330163300037384,0.18872569501399994,man
648,0.20764338970184326,0.20566211640834808,man
649,0.3158140182495117,0.33076709508895874,woman
650,0.10343644767999649,0.0905732661485672,man
651,0.3863326907157898,0.2923872768878937,man
652,0.19420593976974487,0.2732018828392029,woman
653,0.3863326907157898,0.2923872768878937,man
654,0.14188264310359955,0.12283110618591309,man
655,0.14188264310359955,0.12283110618591309,man
656,-0.002755312016233802,-0.014458175748586655,man
657,-0.04123402014374733,-0.03668003901839256,woman
658,-0.04123402014374733,-0.03668003901839256,woman
659,-0.04123402014374733,-0.03668003901839256,woman
660,0.03361167386174202,0.02734433114528656,man
661,0.13157784938812256,0.1237289234995842,man
662,0.03747650235891342,0.03488039970397949,man
663,0.1785488724708557,0.1798216551542282,woman
664,0.1112988069653511,0.09024876356124878,man
665,0.2145197093486786,0.17895585298538208,man
666,-0.0008055269718170166,0.0022116939071565866,woman
667,0.14602191746234894,0.22888927161693573,woman
668,0.03433438763022423,0.01662941835820675,man
669,0.0981442853808403,0.09135600179433823,man
670,0.03962002322077751,0.06560534238815308,woman
671,0.10929601639509201,0.1135932132601738,woman
672,0.09340384602546692,0.08316480368375778,man
673,0.12710414826869965,0.1400342583656311,woman
674,0.08453371375799179,0.08861599117517471,woman
675,0.1508457064628601,0.10518965870141983,man
676,0.1508457064628601,0.10518965870141983,man
677,0.17056769132614136,0.16582955420017242,man
678,-0.000727832259144634,0.01832181215286255,woman
679,0.13959002494812012,0.12377025187015533,man
680,0.14412997663021088,0.13489380478858948,man
681,0.06434288620948792,0.056250691413879395,man
682,0.09909755736589432,0.09823764860630035,man
683,0.14419454336166382,0.10685065388679504,man
684,0.21040040254592896,0.18637405335903168,man
685,0.04021191596984863,0.047142304480075836,woman
686,0.16786731779575348,0.15394043922424316,man
687,0.16786731779575348,0.15394043922424316,man
688,0.1926288902759552,0.16226007044315338,man
689,0.12748605012893677,0.05376031622290611,man
690,0.12748605012893677,0.05376031622290611,man
691,0.02019304782152176,0.016421955078840256,man
692,0.1606968641281128,0.22861291468143463,woman
693,0.15789613127708435,0.1464458405971527,man
694,0.14602142572402954,0.14988760650157928,woman
695,0.13095374405384064,0.11738067120313644,man
696,0.0067299483343958855,0.009480590932071209,woman
697,0.10977891832590103,0.07459793239831924,man
698,0.10163997113704681,0.09180200099945068,man
699,0.1812109649181366,0.18044035136699677,man
700,0.1864108443260193,0.12663550674915314,man
701,0.12047522515058517,0.13850687444210052,woman
702,0.16147541999816895,0.1618286371231079,woman
703,0.17589439451694489,0.1649152636528015,man
704,0.2541615664958954,0.15918181836605072,man
705,0.2541615664958954,0.15918181836605072,man
706,0.09380269050598145,0.0682302862405777,man
707,0.30595502257347107,0.22625717520713806,man
708,0.09727750718593597,0.11730850487947464,woman
709,0.19859081506729126,0.17380772531032562,man
710,0.36003416776657104,0.4020420014858246,woman
711,0.023406101390719414,0.021315081045031548,man
712,0.03543633967638016,0.029984936118125916,man
713,0.07605698704719543,0.07868991792201996,woman
714,0.18123389780521393,0.1353238970041275,man
715,0.24507130682468414,0.19564026594161987,man
716,0.24507130682468414,0.19564026594161987,man
717,0.3863326907157898,0.2923872768878937,man
718,0.06624508649110794,0.048895057290792465,man
719,0.0060544065199792385,0.008748454973101616,woman
720,0.3863326907157898,0.2923872768878937,man
721,0.0607680082321167,0.048774417489767075,man
722,0.26512476801872253,0.24556908011436462,man
723,0.1375579684972763,0.15502198040485382,woman
724,0.13404832780361176,0.12550073862075806,man
725,0.187669575214386,0.18199151754379272,man
726,0.187669575214386,0.18199151754379272,man
727,0.13029003143310547,0.1324320137500763,woman
728,0.16724538803100586,0.1483275443315506,man
729,0.015430768951773643,-0.0028512992430478334,man
730,0.015430768951773643,-0.0028512992430478334,man
731,0.12698538601398468,0.10238641500473022,man
732,0.012249442748725414,-0.005308215972036123,man
733,0.17404823005199432,0.20904956758022308,woman
734,0.20070403814315796,0.21927332878112793,woman
735,0.2588823437690735,0.27516669034957886,woman
736,0.00171737652271986,-0.00017666351050138474,man
737,0.15260162949562073,0.12342032045125961,man
738,0.15260162949562073,0.12342032045125961,man
739,0.20744352042675018,0.26281869411468506,woman
