,ita,list_of_words,male,female,neutral,associated_word
0,A CALCIO,FOOTBALL,0.1551859825849533,0.1298348754644394,0.0847987979650497,male
1,A PALLAVOLO,AT VOLLEYBALL,0.1001086086034774,0.0899715572595596,0.0865540951490402,male
2,A SCUOLA,AT SCHOOL,0.0456102229654789,0.0489257797598838,0.0434373132884502,female
3,ABBINARE I COLORI,MATCH COLORS,0.0509965941309928,0.0477615445852279,0.1516824662685394,neutral
4,ACCOGLIENTE,WELCOMING,0.0499143227934837,0.0647229626774787,0.0837988033890724,neutral
5,ACCOMPAGNATRICE,COMPANION,0.1204992458224296,0.1245937347412109,0.0568520948290824,female
6,ACCUDIRE I FIGLI,CARING FOR THE CHILDREN,0.056592971086502,0.0632102563977241,0.0828643217682838,neutral
7,ADDESTRATORE DI CANI,DOG TRAINER,0.1054191812872886,0.0810684561729431,0.0663544163107872,male
8,AFFABILE,EASY GOING,0.0898424014449119,0.0870812684297561,0.09520123898983,neutral
9,AFFACCENDATA,BUSY,0.0256423763930797,0.0419585704803466,0.1308187693357467,neutral
10,AGENTE,AGENT,0.0727415084838867,0.0776371732354164,0.1140718981623649,neutral
11,AGENTE IMMOBILIARE,REAL ESTATE AGENT,0.0833980962634086,0.0639345496892929,0.0273722410202026,male
12,AGGIUSTARE,ADJUST,-0.0923511087894439,-0.0824711397290229,0.0762819498777389,neutral
13,AGGIUSTARE L'IMPIANTO ELETTRICO,ADJUST THE ELECTRICAL SYSTEM,-0.0922328308224678,-0.0809906497597694,0.0971928462386131,neutral
14,AGGIUSTATORE,ADJUSTER,0.0569267272949218,0.0695448070764541,0.0979619473218917,neutral
15,AGGIUSTATRICE,ADJUSTER,0.0569267272949218,0.0695448070764541,0.0979619473218917,neutral
16,AGGIUSTATUTTO,ADJUSTER,0.0569267272949218,0.0695448070764541,0.0979619473218917,neutral
17,AGRICOLTORE,FARMER,0.1477410048246383,0.1173140406608581,0.0638738423585891,male
18,AIUTANTE,SUPPORT WORKER,0.007620608434081,0.0133918607607483,0.0936289876699447,neutral
19,AIUTANTE DOMESTICO,DOMESTIC HELP,0.1608888804912567,0.1824550777673721,0.162111610174179,female
20,AIUTO,HELP,0.021372677758336,0.0364768616855144,0.1225745901465416,neutral
21,AL COMPUTER,AT THE PC,0.0842708870768547,0.0727728009223938,0.0695801973342895,male
22,ALLEATA,ALLY,0.0643885061144828,0.0593175627291202,0.2034318894147873,neutral
23,ALLENATORE,TRAINER,0.1801582276821136,0.1662373095750808,0.0890973284840583,male
24,ALLIEVA,STUDENT,0.2104004025459289,0.1863740533590316,0.098001554608345,male
25,ALLIEVO,STUDENT,0.2104004025459289,0.1863740533590316,0.098001554608345,male
26,ALPHA,ALPHA extension,0.0157740954309701,0.0315142497420311,0.0257658269256353,female
27,ALPINISTA,MOUNTAINEEPER,0.2477608621120453,0.2309521734714508,0.1196451336145401,male
28,ALTLETA,ATHLETE,0.2582942247390747,0.2363291382789611,0.1050700694322586,male
29,ALUNNA,STUDENT,0.2104004025459289,0.1863740533590316,0.098001554608345,male
30,ALUNNO,STUDENT,0.2104004025459289,0.1863740533590316,0.098001554608345,male
31,AMANTE,LOVER,0.2093708366155624,0.1854505687952041,0.1008675619959831,male
32,AMICA,FRIEND,0.1340505480766296,0.1108927428722381,0.138480544090271,neutral
33,AMICO,FRIEND,0.1340505480766296,0.1108927428722381,0.138480544090271,neutral
34,AMMAESTRATORE DI COCORITE,TRAINER OF PAROKETS,0.1857593357563018,0.1715529859066009,0.0858137682080268,male
35,AMMINISTRATORE,ADMINISTRATOR,0.1091140285134315,0.1106930747628212,0.0688121020793914,female
36,AMMINISTRATRICE,ADMINISTRATOR,0.1091140285134315,0.1106930747628212,0.0688121020793914,female
37,AMMINISTRATRICE DI CASA,HOUSE ADMINISTRATOR,0.1095996722579002,0.1079310551285743,0.0920004919171333,male
38,AMMINISTRATRICE DI CONDOMINIO,CONDOMINIUM ADMINISTRATOR,0.1198424473404884,0.1042092368006706,0.0884552970528602,male
39,ANALISTA,ANALYST,0.1122106686234474,0.116591103374958,0.0999309122562408,female
40,ANESTESISTA,ANESTHETIST,0.1136231869459152,0.1139444261789321,0.0916024670004844,female
41,ANIMALISTA,ANIMALIST,0.2951956987380981,0.303143560886383,0.1460269540548324,female
42,ANIMATORE,ANIMATOR,0.1440103501081466,0.1201679110527038,0.030410898849368,male
43,APICOLTORE,BEEKEEPER,0.1924943327903747,0.1867586821317672,0.0965376645326614,male
44,APPROFITTATORE,BENEFITER,0.1750912964344024,0.1658005863428115,0.1988774091005325,neutral
45,ARBITRO,REFEREE,0.055780503898859,0.077419176697731,0.0945215448737144,neutral
46,ARCHEOLOGA,ARCHAEOLOGIST,0.0780990719795227,0.0767262801527977,-0.0057654366828501,male
47,ARCHEOLOGO,ARCHAEOLOGIST,0.0780990719795227,0.0767262801527977,-0.0057654366828501,male
48,ARCHITETTO,ARCHITECT,0.144466295838356,0.1225365325808525,0.0259460154920816,male
49,ARCHITETTRICE,ARCHITECT,0.144466295838356,0.1225365325808525,0.0259460154920816,male
50,ARREDARE CASA,FURNISH HOME,0.0220593865960836,0.0272628758102655,0.0666066259145736,neutral
51,ARREDATORE,FURNISHER,0.2570253610610962,0.2562184929847717,0.1730059683322906,male
52,ARREDATRICE,FURNISHER,0.2570253610610962,0.2562184929847717,0.1730059683322906,male
53,ARROTINA,GRINDER,0.0745394602417945,0.0478551089763641,0.0458270497620105,male
54,ARTIGIANA,ARTISAN,0.1198524311184883,0.1098178327083587,0.0159902852028608,male
55,ARTIGIANO,ARTISAN,0.1198524311184883,0.1098178327083587,0.0159902852028608,male
56,ARTISTA,ARTIST,0.166268453001976,0.1545747965574264,0.0333759039640426,male
57,ASCOLTARE,TO LISTEN,0.039985105395317,0.0549313314259052,0.1030428558588028,neutral
58,ASCOLTATORE,LISTENER,0.1220953240990638,0.1155856549739837,0.0785756856203079,male
59,ASCOLTATRICE,LISTENER,0.1220953240990638,0.1155856549739837,0.0785756856203079,male
60,ASSESSORA,COUNCILOR,0.2589575350284576,0.2338778227567672,0.1853749901056289,male
61,ASSESSORE,COUNCILOR,0.2589575350284576,0.2338778227567672,0.1853749901056289,male
62,ASSICURATRICE,INSURER,0.0977073982357978,0.0888623967766761,0.1310528516769409,neutral
63,ASSISTENTE,ASSISTANT,0.1330837309360504,0.1574933677911758,0.0627069994807243,female
64,ASSISTENTE SOCIALE,SOCIAL WORKER,0.1697872728109359,0.1545247137546539,0.1047481745481491,male
65,ASTROFISICA,ASTROPHYSICS,0.058281160891056,0.0497142262756824,-0.0002065501030301,male
66,ASTRONAUTA,ASTRONAUT,0.1805710047483444,0.1456792652606964,0.0407788641750812,male
67,ATLETA,ATHLETE,0.2582942247390747,0.2363291382789611,0.1050700694322586,male
68,ATTORE,ACTOR,0.1607798039913177,0.1330119669437408,0.0754309892654419,male
69,ATTORE DI PROSA,PROSE ACTOR,0.0753230154514312,0.0540994778275489,0.0346537455916404,male
70,ATTRICE,ACTOR,0.1607798039913177,0.1330119669437408,0.0754309892654419,male
71,AUTISTA,DRIVER,0.1480739861726761,0.1149922981858253,0.1120464205741882,male
72,AUTOMOBILISTA,MOTORIST,0.2014960497617721,0.1929685622453689,0.0926993116736412,male
73,AUTORE,AUTHOR,0.1149530187249183,0.0945192947983741,0.0311191342771053,male
74,AVVITARE,SCREW,0.0489960350096225,0.0378878265619277,0.0535499490797519,neutral
75,AVVOCATO,LAWYER,0.0983163639903068,0.1005583703517913,0.0801278725266456,female
76,BABBO,DAD,0.1979092061519622,0.1036256551742553,0.0391697138547897,male
77,BABY SITTER,BABY SITTER,0.1730717569589615,0.1593968421220779,0.0753569900989532,male
78,BACIATRICE,KISSER,0.2598781585693359,0.2321695834398269,0.0569362714886665,male
79,BADANTE,CAREGIVER,0.1553846448659896,0.1673061102628708,0.0858457088470459,female
80,BAGNINA,LIFEGUARD,0.0873319208621978,0.0830278769135475,-0.0055238157510757,male
81,BAGNINO,LIFEGUARD,0.0873319208621978,0.0830278769135475,-0.0055238157510757,male
82,BALLARE,DANCE,0.0375973619520664,0.0655851364135742,-0.0180768184363842,female
83,BALLERINA,DANCER,0.1817741990089416,0.2122162282466888,0.0272106323391199,female
84,BALLERINO,DANCER,0.1817741990089416,0.2122162282466888,0.0272106323391199,female
85,BAMBINA,BABY,0.1460786908864975,0.1281946748495102,0.0585360340774059,male
86,BAMBINO,BABY,0.1460786908864975,0.1281946748495102,0.0585360340774059,male
87,BANCARIA,BANKING,0.0537975020706653,0.0543143600225448,0.0937718674540519,neutral
88,BANCARIO,BANKING,0.0537975020706653,0.0543143600225448,0.0937718674540519,neutral
89,BARBIERE,BARBER SHOP,0.1134820580482482,0.0859941691160202,0.1043397635221481,male
90,BARISTA,BARTENDER,0.1697177588939666,0.1671177744865417,0.027575546875596,male
91,BARZELLETTIERE,BARZELLETTERE,0.1592044830322265,0.1498730778694152,0.0928192734718322,male
92,BELLA,NICE,0.0529040843248367,0.0527748502790927,0.1013101711869239,neutral
93,BELLO,NICE,0.0529040843248367,0.0527748502790927,0.1013101711869239,neutral
94,BENZINAIA,GAS STATION,0.0437068194150924,0.0281467419117689,0.0760060176253318,neutral
95,BENZINAIO,GAS STATION,0.0437068194150924,0.0281467419117689,0.0760060176253318,neutral
96,BIDELLA,JANITOR,0.1772206425666809,0.1593860834836959,0.0809808075428009,male
97,BIDELLO,JANITOR,0.1772206425666809,0.1593860834836959,0.0809808075428009,male
98,BIMBA,CHILD,0.200132131576538,0.1672379672527313,0.0685976222157478,male
99,BIMBO,CHILD,0.200132131576538,0.1672379672527313,0.0685976222157478,male
100,BIOLOGA,BIOLOGIST,0.1551427096128463,0.1609444916248321,0.0327892191708087,female
101,BOCCHINARA,MOUTHPIECE,0.0937080606818199,0.0854653343558311,-0.0124897602945566,male
102,BRAV'UOMO,GOOD MAN,0.0134957181289792,0.0006944780470803,0.1283498257398605,neutral
103,BRAVA,GOOD BOY,0.0134957181289792,0.0006944780470803,0.1283498257398605,neutral
104,BRAVA PERSONA,GOOD PERSON,0.0134957181289792,0.0006944780470803,0.1283498257398605,neutral
105,BRAVO,GOOD BOY,0.0134957181289792,0.0006944780470803,0.1283498257398605,neutral
106,BRICOLEUR,BRICOLEUR,0.1826637238264084,0.1836130023002624,0.1131212338805198,female
107,BRICOLEUSE,BRICOLEUR,0.1826637238264084,0.1836130023002624,0.1131212338805198,female
108,BRICOMEN,BRICOLEUR,0.1826637238264084,0.1836130023002624,0.1131212338805198,female
109,BRUTTO,UGLY,0.0184259768575429,0.0105112334713339,0.1026635244488716,neutral
110,BUGIARDA,YOU LIAR,0.2323262989521026,0.2054203003644943,0.0842568352818489,male
111,BUONA,GOOD,0.0134957181289792,0.0006944780470803,0.1283498257398605,neutral
112,CACCIATORE,SOCCER PLAYER,0.2228108346462249,0.2153107821941375,0.0903140380978584,male
113,CACCIATRICE,SOCCER PLAYER,0.2228108346462249,0.2153107821941375,0.0903140380978584,male
114,CAGACAZZI,FUCKS,0.064607486128807,0.0587978959083557,-0.0003551421687006,male
115,CALCIATORE,SOCCER PLAYER,0.2228108346462249,0.2153107821941375,0.0903140380978584,male
116,CALCIATRICE,SOCCER PLAYER,0.2228108346462249,0.2153107821941375,0.0903140380978584,male
117,CALCOLATORE,COMPUTER,0.0797670111060142,0.0669383034110069,0.0948663204908371,neutral
118,CAMBIARE LAMPADINE,CHANGE LIGHT BULBS,-0.023017294704914,-0.005999572109431,0.0551991425454616,neutral
119,CAMBIARE LE LAMPADINE,CHANGE LIGHT BULBS,-0.023017294704914,-0.005999572109431,0.0551991425454616,neutral
120,CAMERIERA,WAITER,0.1442030668258667,0.1254497617483139,0.0392881408333778,male
121,CAMERIERE,WAITER,0.1442030668258667,0.1254497617483139,0.0392881408333778,male
122,CAMIONISTA,TRUCK DRIVER,0.118081122636795,0.0928199961781501,0.0917291566729545,male
123,CANTANTE,SINGER,0.1758449822664261,0.15969780087471,0.0271373223513364,male
124,CANTARE,SING,-0.0215895809233188,-0.0168459694832563,-0.001527932472527,neutral
125,CANTORE,SINGER,0.1758449822664261,0.15969780087471,0.0271373223513364,male
126,CAPO,HEAD,0.0677589029073715,0.0637115836143493,-0.0038566682487726,male
127,CAPO OFFICINA,WORKSHOP HEAD,0.0675813853740692,0.051330454647541,0.0247886274009943,male
128,CAPO PROGETTO,PROJECT LEADER,-0.0156073216348886,-0.030602466315031,0.0393910743296146,neutral
129,CAPOFAMIGLIA,HOUSEHOLDER,0.3021718561649322,0.2786887884140014,0.2530484199523926,male
130,CARABINIERE,CARABINIER,0.1105829253792762,0.0827299505472183,0.0316781513392925,male
131,CARDIOLOGA,CARDIOLOGIST,0.1361006945371627,0.1151590049266815,0.0394186601042747,male
132,CARPENTIERE,CARPENTER,0.2022672742605209,0.1616635024547577,0.0812110528349876,male
133,CARPENTIERIE,CARPENTER,0.2022672742605209,0.1616635024547577,0.0812110528349876,male
134,CASALINGA,HOMEMADE,0.1359624415636062,0.155203491449356,0.0075040683150291,female
135,CASALINGO,HOMEMADE,0.1359624415636062,0.155203491449356,0.0075040683150291,female
136,CASINISTA,CASINIST,0.2175717651844024,0.1975093632936477,0.1611979603767395,male
137,CASSIERE,CASHIER,0.1172060072422027,0.1126836761832237,0.0977091044187545,male
138,CAVALIERE,KNIGHT,0.1688690185546875,0.1334366500377655,0.0646626725792884,male
139,CESTISTA,BASKETBALL PLAYER,0.2105230540037155,0.186629056930542,0.0837894156575203,male
140,CHE CONTRIBUISCE  ALLA VITA QUOTIDIANA,THAT CONTRIBUTES TO EVERYDAY LIFE,0.0778058990836143,0.0791760608553886,0.1008783653378486,neutral
141,CHEF,CHEF,0.1378087252378463,0.1245257854461669,0.0835271552205085,male
142,CHIACCHIERONA,CHATTERY,0.1594172865152359,0.1463918089866638,0.2283691465854644,neutral
143,CHIACCHIERONE,CHATTERY,0.1594172865152359,0.1463918089866638,0.2283691465854644,neutral
144,CHIRURGO,SURGEON,0.1547918021678924,0.1342263370752334,0.0963179320096969,male
145,CHITARRISTA,GUITARIST,0.2406323850154876,0.2309805154800415,0.1025763228535652,male
146,CICCIONE,FAT,0.0828483402729034,0.0526515580713748,0.0413676984608173,male
147,CICLISTA,CYCLIST,0.1673270910978317,0.160993754863739,0.09999480843544,male
148,CITTADINA,CITIZEN,0.1812347620725631,0.1378543674945831,0.1677620708942413,male
149,CITTADINO,CITIZEN,0.1812347620725631,0.1378543674945831,0.1677620708942413,male
150,CLIENTE,CUSTOMER,0.1869084686040878,0.1452420204877853,0.1269865185022354,male
151,COGLIONE,ASSHOLE,0.1441945433616638,0.106850653886795,0.030126430094242,male
152,COGNATA,BROTHER IN LAW,0.2032041698694229,0.1541354954242706,0.1019946262240409,male
153,COGNATO,BROTHER IN LAW,0.2032041698694229,0.1541354954242706,0.1019946262240409,male
154,COINQUILINA,ROOMMATE,0.2021487206220626,0.1925882697105407,0.1116095408797264,male
155,COINQUILINO,ROOMMATE,0.2021487206220626,0.1925882697105407,0.1116095408797264,male
156,COLLABORARE ALLA STESURA DELL'OPERA,COLLABORATE IN THE DRAFTING OF THE WORK,0.0283060185611248,0.0158903412520885,0.0897054672241211,neutral
157,COLLABORATORE,COLLABORATOR,0.0612500756978988,0.0487290397286415,0.1087835654616355,neutral
158,COLLABORATORE IN CASA,HOME COLLABORATOR,0.038185890763998,0.0311722233891487,0.1175278350710868,neutral
159,COLLABORATORE PER LE FACCENDE DI CASA,COLLABORATOR FOR HOUSEWORK,0.0772676169872284,0.0671081840991973,0.1129087582230568,neutral
160,COLLABORATRICE,COLLABORATOR,0.0612500756978988,0.0487290397286415,0.1087835654616355,neutral
161,COLLEGA,COLLEAGUE,0.2120605111122131,0.189020350575447,0.1164977326989173,male
162,COMICA,COMIC,0.1509126722812652,0.1417190283536911,0.1029626280069351,male
163,COMICO,COMIC,0.1509126722812652,0.1417190283536911,0.1029626280069351,male
164,COMMERCIALISTA,BUSINESS CONSULTANT,0.0662450864911079,0.0488950572907924,0.0728025734424591,neutral
165,COMMERCIANTE,MERCHANT,0.1370506137609481,0.1234805583953857,0.0729045271873474,male
166,COMMESSA,SHOP ASSISTANT,0.0544201917946338,0.0492831729352474,0.0936097651720047,neutral
167,COMMESSO,SHOP ASSISTANT,0.0544201917946338,0.0492831729352474,0.0936097651720047,neutral
168,COMMISSARIA,COMMISSIONER,0.071880005300045,0.0832310989499092,0.0641192719340324,female
169,COMMITTENTE,CLIENT,0.1599260568618774,0.1097233965992927,0.1214942038059234,male
170,COMPAGNA,COMPANY,0.0570142678916454,0.033658031374216,0.0693116262555122,neutral
171,COMPAGNA DI LAVORO,WORK COMPANION,0.0099227419123053,0.019556351006031,0.0704702585935592,neutral
172,COMPAGNA DI STUDI,STUDENT COMPANION,0.2121287733316421,0.1946107894182205,0.1015263497829437,male
173,COMPAGNA DI VITA,LIFE PARTNER,0.0959430560469627,0.1002529039978981,0.016593923792243,female
174,COMPAGNO,COMPANY,0.0570142678916454,0.033658031374216,0.0693116262555122,neutral
175,COMPAGNO DI VITA,LIFE PARTNER,0.0959430560469627,0.1002529039978981,0.016593923792243,female
176,COMPETENTE,QUALIFIED,0.0697484761476516,0.0849174410104751,0.0629067420959472,female
177,COMPLICE,PARTNER IN CRIME,0.1450995504856109,0.1446141749620437,0.1567539274692535,neutral
178,CON CARLA,WITH CARLA,0.1620774269104004,0.212349072098732,0.1588308066129684,female
179,CON GLI AMICI,WITH FRIENDS,0.127422884106636,0.0998977050185203,0.1719633042812347,neutral
180,CON GLI ANIMALI,WITH ANIMALS,0.0907315239310264,0.1022276505827903,0.0688832551240921,female
181,CON I BAMBINI,WITH THE CHILDREN,0.182017982006073,0.1631027311086654,0.084148459136486,male
182,CON I FIGLI,WITH CHILDREN,0.1693101972341537,0.1468272805213928,0.0885635092854499,male
183,CON LA FAMIGLIA,WITH THE FAMILY,0.0842958316206932,0.0693089812994003,0.1099545508623123,neutral
184,CONDOTTIERO,LEADER,0.1480206102132797,0.1249339953064918,0.1033971533179283,male
185,CONDUCENTE,DRIVER,0.1480739861726761,0.1149922981858253,0.1120464205741882,male
186,CONDUTTORE,CONDUCTOR,0.0784618929028511,0.0782294049859047,0.1219702884554863,neutral
187,CONIUGE,SPOUSE,0.2045178115367889,0.2058102935552597,0.1100072562694549,female
188,CONSIGLIERA,COUNSELOR,0.1105361133813858,0.1083587706089019,0.0576870925724506,male
189,CONSIGLIERE,COUNSELOR,0.1105361133813858,0.1083587706089019,0.0576870925724506,male
190,CONSORTE,WIFE,0.2011303454637527,0.2526187896728515,0.1088031083345413,female
191,CONSULENTE,CONSULTANT,0.1082373112440109,0.0959316566586494,0.1300430744886398,neutral
192,CONTABILE,ACCOUNTANT,0.1081182807683944,0.1017763912677764,0.027187755331397,male
193,CONTADINO,FARMER,0.1477410048246383,0.1173140406608581,0.0638738423585891,male
194,CONTRALTO,ALTO,0.1645043790340423,0.1462483555078506,0.0856830552220344,male
195,CONVIVENTE,COhabitant,0.1982329487800598,0.2123323082923889,0.1105916425585746,female
196,COORDINATRICE,COORDINATOR,0.1044897735118866,0.1185929924249649,0.0479160249233245,female
197,COPILOTA,CO-PILOT,0.1273159086704254,0.1217115521430969,0.060383167117834,male
198,CORISTA,CHOIR,-0.0273763295263052,-0.0349816940724849,-0.045724656432867,male
199,CORRERE,RUN,0.055355254560709,0.0633470341563224,0.0504843369126319,female
200,CORRIDORE,RUNNER,0.1745934933423996,0.1566708087921142,0.0801861658692359,male
201,COSTRUTTORE,BUILDER,0.1698832064867019,0.1271321922540664,0.0599803924560546,male
202,CREATURA,CREATURE,0.1295161843299865,0.1309429556131363,0.0289098899811506,female
203,CRISTIANA,CHRISTIAN,0.1772624105215072,0.1563391834497451,0.1000096499919891,male
204,CRISTIANACCIO,CRISTIAN CHRISTIANS,0.1920399665832519,0.1859140247106552,0.0997251868247985,male
205,CRISTIANO,CHRISTIAN,0.1772624105215072,0.1563391834497451,0.1000096499919891,male
206,CRISTO,CHRIST,0.1910326480865478,0.1536469161510467,0.0832103714346885,male
207,CUCINARE,TO COOK,0.0613490641117095,0.0574240013957023,0.0673967152833938,neutral
208,CUCINARE L'ARROSTO,COOKING THE ROAST,-0.0123430844396352,-0.0066028391011059,0.0284326691180467,neutral
209,CUCINIERA,COOK,0.0223844200372695,0.0177383944392204,0.0478075742721557,neutral
210,CUGINA,COUSIN,0.1363423615694046,0.1352733820676803,0.0963634848594665,male
211,CUGINO,COUSIN,0.1363423615694046,0.1352733820676803,0.0963634848594665,male
212,CUOCA,COOK,0.0223844200372695,0.0177383944392204,0.0478075742721557,neutral
213,CUOCO,COOK,0.0223844200372695,0.0177383944392204,0.0478075742721557,neutral
214,DANZATRICE,DANCER,0.1817741990089416,0.2122162282466888,0.0272106323391199,female
215,DARSI DA FARE,GET TO DO,0.0606135688722133,0.069459892809391,0.1320108026266098,neutral
216,DATORE DI LAVORO,EMPLOYER,0.191314235329628,0.1748033761978149,0.1029613614082336,male
217,DATTILOGRAFA,TYPIST,0.166140466928482,0.1463851928710937,0.0485430620610713,male
218,DECORATRICE,DECORATOR,0.0824037566781044,0.0821477696299552,-0.0084928683936595,male
219,DENTISTA,DENTIST,0.1852784156799316,0.1644393056631088,0.1337575614452362,male
220,DESIGNER,DESIGNER,0.1056981086730957,0.1043769493699073,0.0374038256704807,male
221,DETECTIVE,DETECTIVES,0.0882394909858703,0.087910495698452,0.0519983544945716,male
222,DETERMINATA,DETERMINED,3.70456837117672e-05,0.0108328312635421,0.1100341826677322,neutral
223,DIAVOLO,DEVIL,0.0623601227998733,0.0524970069527626,0.102930448949337,neutral
224,DIETOLOGO,DIETICIAN,0.1222018077969551,0.1130586564540863,0.028886130079627,male
225,DIPENDENTE,EMPLOYEE,0.2162465900182724,0.1939892917871475,0.104438841342926,male
226,DIPINGERE,PAINT,0.0818367227911949,0.0781456008553505,0.0833935588598251,neutral
227,DIRETTORE,DIRECTOR,0.0709094032645225,0.0703463926911354,0.03691978007555,male
228,DIRETTRICE,DIRECTOR,0.0709094032645225,0.0703463926911354,0.03691978007555,male
229,DIRIGENTE,EXECUTIVE,0.0663365274667739,0.0591273941099643,0.0597453266382217,male
230,DISEGNARE,DRAW,0.0317428633570671,0.0312335267663002,0.0799127593636512,neutral
231,DISEGNATORE,DESIGNER,0.1056981086730957,0.1043769493699073,0.0374038256704807,male
232,DISEGNATRICE,DESIGNER,0.1056981086730957,0.1043769493699073,0.0374038256704807,male
233,DISOCCUPATO,UNEMPLOYED,0.1760976165533065,0.1568779945373535,0.1966113001108169,neutral
234,DISORDINATO,MESSY,0.0849087461829185,0.0877309665083885,0.1369884610176086,neutral
235,DISPONIBILE,AVAILABLE,0.0424591898918151,0.0547965876758098,0.1056219935417175,neutral
236,DIVULGATORE,RELEASER,0.2164442688226699,0.206970989704132,0.1052564606070518,male
237,DJ,DJs,0.1491971611976623,0.1391304731369018,0.0117530357092618,male
238,DOCENTE,PROFESSOR,0.1637537777423858,0.151487722992897,0.0935597419738769,male
239,DOLCE,SWEET,0.0238593574613332,0.0522393360733985,0.0699111074209213,neutral
240,DOMESTICA,DOMESTIC,0.2402929961681366,0.258964329957962,0.1596333533525467,female
241,DOMESTICO,DOMESTIC,0.2402929961681366,0.258964329957962,0.1596333533525467,female
242,DONNA,WOMAN,0.2570820152759552,0.3629322946071625,0.099229097366333,female
243,DONNA DI CASA,WOMAN OF THE HOUSE,0.2570820152759552,0.3629322946071625,0.099229097366333,female
244,DONNAIOLO,PLAY BOY,0.0773527771234512,0.0879078209400177,0.0630376115441322,female
245,DORMIGLIONE,SLEEPYLONE,0.2361960262060165,0.1949313282966613,0.1800436079502105,male
246,DORMIRE,SLEEP,0.0282963793724775,0.0359137840569019,0.0924380794167518,neutral
247,DOTTORE,DOCTOR,0.0663365051150322,0.0623389780521392,0.0532473102211952,male
248,DOTTORESSA,DOCTOR,0.0663365051150322,0.0623389780521392,0.0532473102211952,male
249,DRIVER,DRIVERS,0.1405815929174423,0.1068663448095321,0.1078311949968338,male
250,ECCELLENTE,EXCELLENT,0.0868179872632026,0.0836823061108589,0.1115672960877418,neutral
251,EDUCATORE,EDUCATOR,0.1694351434707641,0.1529466658830642,0.0402821078896522,male
252,EDUCATRICE,EDUCATOR,0.1694351434707641,0.1529466658830642,0.0402821078896522,male
253,EFFICIENTE,EFFICIENT,-0.0379172377288341,-0.0294990893453359,0.0528669208288192,neutral
254,EGOISTA,SELFISH,0.1268839985132217,0.1467041075229644,0.1194411888718605,female
255,ELEMENTO,ELEMENT,-0.0110441371798515,-0.0251196455210447,0.017045322805643,neutral
256,ELETTRAUTO,CAR ELECTRIC,0.0534076690673828,0.0523789785802364,0.0837665721774101,neutral
257,ELETTRICISTA,ELECTRICIAN,0.1536810845136642,0.1394302248954773,0.148476168513298,male
258,ESCORT,ESCORT,0.0881738364696502,0.0927734300494194,0.0790459886193275,female
259,ESPERTO,EXPERT,0.1154808402061462,0.1229637414216995,0.104437306523323,female
260,ESSERE,TO BE,0.0785252675414085,0.085117720067501,0.1252774745225906,neutral
261,ESSERE UMANO,HUMAN BEING,0.2045288383960724,0.1738544255495071,0.0796507447957992,male
262,ESSERE VIVENTE,LIVING BEING,0.0774574726819992,0.0998318493366241,0.037904754281044,female
263,ESTETISTA,BEAUTICIAN,0.1059614121913909,0.116266906261444,0.054698534309864,female
264,FABBRO,BLACKSMITH,0.1563898622989654,0.1355058401823043,0.0676248520612716,male
265,FACCENDIERE,CLERK,0.0804679542779922,0.0806346610188484,0.05630998685956,female
266,FACCHINO,PORTER,0.0909546539187431,0.0577143691480159,0.0504816360771656,male
267,FACTOTUM,FACTOTUM,0.2323386818170547,0.2214215695858001,0.1333282887935638,male
268,FAI DA TE,DO-IT-YOURSELF,0.2019115686416626,0.1714744716882705,0.0562687367200851,male
269,FALEGNAME,CARPENTER,0.2022672742605209,0.1616635024547577,0.0812110528349876,male
270,FANCAZZISTA,WONDERFUL,-0.0295974668115377,-0.0126041425392031,0.0454311035573482,neutral
271,FANCIULLA,CHILD,0.200132131576538,0.1672379672527313,0.0685976222157478,male
272,FANCIULLO,CHILD,0.200132131576538,0.1672379672527313,0.0685976222157478,male
273,FANNULLONE,LAUGHTER,0.0268710479140281,0.0321027114987373,0.0328370183706283,neutral
274,FARE COSE ANCHE MASCHILI,DOING MALE THINGS TOO,0.0461535677313804,0.0380888618528842,0.0207689832895994,male
275,FARE DOLCI,MAKING SWEETS,0.0135687142610549,0.0070345201529562,-0.0349663272500038,male
276,FARE I COMPITI,DOING HOMEWORK,0.0461535677313804,0.0380888618528842,0.0207689832895994,male
277,FARE I CONTI,MAKE THE ACCOUNTS,0.0354363396763801,0.0299849361181259,0.0325223505496978,male
278,FARE LA SPESA,DO THE SHOPPING,0.0474508628249168,0.0398974828422069,0.0273953191936016,male
279,FARE LAVORI PESANTI,DO HEAVY WORK,0.0474508628249168,0.0398974828422069,0.0273953191936016,male
280,FARE LE FACCENDE DI CASA,DO THE HOUSE CHORES,0.0474508628249168,0.0398974828422069,0.0273953191936016,male
281,FARE LE FACCENDE DOMESTICHE,DO THE HOUSEWORK,0.0474508628249168,0.0398974828422069,0.0273953191936016,male
282,FARE LE PULIZIE,DO THE CLEANING,0.0474508628249168,0.0398974828422069,0.0273953191936016,male
283,FARE PICCOLE RIPARAZIONI,MAKE MINOR REPAIRS,0.0354363396763801,0.0299849361181259,0.0325223505496978,male
284,FARE PICCOLI LAVORI DOMESTICI,DO SMALL HOUSEHOLD WORK,0.0474508628249168,0.0398974828422069,0.0273953191936016,male
285,FARE TUTTO,DO EVERYTHING,0.0474508628249168,0.0398974828422069,0.0273953191936016,male
286,FARMACISTA,PHARMACIST,0.1185607463121414,0.1093010082840919,0.0684352219104766,male
287,FARMI SENTIRE BENE,MAKE ME FEEL GOOD,0.0354363396763801,0.0299849361181259,0.0325223505496978,male
288,FATTORINO,DELIVERY MAN,0.1017099097371101,0.0960699692368507,0.0843178778886795,male
289,FESSO,FOOL,0.0475323908030986,0.0363284014165401,0.0492916777729988,neutral
290,FIDANZATA,FIANCÉ,0.2491950094699859,0.2867569625377655,0.1340625286102295,female
291,FIDANZATO,FIANCÉ,0.2491950094699859,0.2867569625377655,0.1340625286102295,female
292,FIGA,SOUNDS COOL,-0.0077179661020636,0.0067683542147278,0.0015385895967483,female
293,FIGLIA,SON,0.239933356642723,0.1881393045186996,0.1046564802527427,male
294,FIGLIO,SON,0.239933356642723,0.1881393045186996,0.1046564802527427,male
295,FIGLIOLA,SON,0.239933356642723,0.1881393045186996,0.1046564802527427,male
296,FIGLIOLO,SON,0.239933356642723,0.1881393045186996,0.1046564802527427,male
297,FIGO,SOUNDS COOL,-0.0077179661020636,0.0067683542147278,0.0015385895967483,female
298,FIORAIA,FLOWER SHOP,0.1199316978454589,0.1522556990385055,0.0433312989771366,female
299,FIORAIO,FLOWER SHOP,0.1199316978454589,0.1522556990385055,0.0433312989771366,female
300,FISIATRA,PHYSIATRIC,0.1633192151784896,0.1670054793357849,0.1454806476831436,female
301,FORNAIO,BAKER,0.2025205641984939,0.1814106404781341,0.1056938618421554,male
302,FOTOGRAFA,I PHOTOGRAPH,0.0843108147382736,0.0800154507160186,0.08563744276762,neutral
303,FOTOGRAFO,I PHOTOGRAPH,0.0843108147382736,0.0800154507160186,0.08563744276762,neutral
304,FRATELLO,BROTHER,0.2539450228214264,0.190850555896759,0.0700311139225959,male
305,FREELANCE,FREELANCE,0.1495048999786377,0.1574365496635437,0.0299082919955253,female
306,FRUTTIVENDOLA,GREENGROCER,0.1026206687092781,0.1075678840279579,0.1085053086280822,neutral
307,FRUTTIVENDOLO,GREENGROCER,0.1026206687092781,0.1075678840279579,0.1085053086280822,neutral
308,FUMETTISTA,CARTOONIST,0.2460444122552871,0.2363336384296417,0.11285150796175,male
309,FUNZIONARIO,OFFICER,0.1302908509969711,0.1051864176988601,0.1128145456314086,male
310,FURBO,CUNNING,0.0906041041016578,0.1009075790643692,0.0684638023376464,female
311,GELATAIA,ICE CREAM MAN,0.0057198330760002,0.0177238639444112,0.0554546974599361,neutral
312,GELATAIO,ICE CREAM MAN,0.0057198330760002,0.0177238639444112,0.0554546974599361,neutral
313,GENERO,SON IN LAW,0.1225628331303596,0.0923741683363914,0.0767799392342567,male
314,GENEROSA,GENEROUS,0.1361403465270996,0.1434343159198761,0.1147099509835243,female
315,GENEROSO,GENEROUS,0.1361403465270996,0.1434343159198761,0.1147099509835243,female
316,GENITORE,PARENT,0.1518428921699524,0.1298640668392181,0.0654128640890121,male
317,GENTILUOMO,GENTLEMAN,0.2628915905952453,0.203259602189064,0.0722199752926826,male
318,GENTLEMEN,GENTLEMAN,0.2628915905952453,0.203259602189064,0.0722199752926826,male
319,GEOLOGO,GEOLOGIST,0.1238017827272415,0.1206444501876831,0.0454774126410484,male
320,GEOMETRA,SURVEYOR,0.1218406707048416,0.0938877984881401,0.007095968350768,male
321,GESTIRE LAVORO E FAMIGLIA,MANAGING WORK AND FAMILY,0.0214394312351942,0.00930926669389,0.0200479757040739,male
322,GESTIRE LE SITUAZIONI,MANAGING SITUATIONS,-0.0118865482509136,-0.0222258195281028,-0.0032841765787452,neutral
323,GIARDINIERA,GARDENER,0.1504614055156707,0.1320329457521438,0.0720816105604171,male
324,GIARDINIERE,GARDENER,0.1504614055156707,0.1320329457521438,0.0720816105604171,male
325,GINECOLOGA,GYNECOLOGIST,0.2077885121107101,0.2240146845579147,0.0996220260858535,female
326,GINECOLOGO,GYNECOLOGIST,0.2077885121107101,0.2240146845579147,0.0996220260858535,female
327,GIOCARE,TO PLAY,0.1233683004975318,0.1283436119556427,0.0715123489499092,female
328,GIOCARE A TENNIS,PLAY TENNIS,0.0773527771234512,0.0879078209400177,0.0630376115441322,female
329,GIOCATORE,PLAYER,0.2205300629138946,0.2182433158159256,0.0766770914196968,male
330,GIOCATORE DI TENNIS,PLAY TENNIS,0.0773527771234512,0.0879078209400177,0.0630376115441322,female
331,GIOCATRICE,PLAYER,0.2205300629138946,0.2182433158159256,0.0766770914196968,male
332,GIOCATRICE DI GOLF,GOLF PLAYER,0.1528127044439315,0.1353147327899933,0.0698674842715263,male
333,GIOCHERELLONA,PLAYFUL,0.1973782628774643,0.2110323756933212,0.1760458499193191,female
334,GIOCOLIERE,JUGGLER,0.1471708714962005,0.1539618968963623,0.017841774970293,female
335,GIORNALISTA,JOURNALIST,0.0877332389354705,0.1007636711001396,0.0366431884467601,female
336,GIOVANE,YOUNG,0.1922375410795211,0.1430052071809768,0.0226303227245807,male
337,GIOVANOTTO,YOUNG MAN,0.1922375410795211,0.1430052071809768,0.0226303227245807,male
338,GIOVINE,YOUNG,0.1922375410795211,0.1430052071809768,0.0226303227245807,male
339,GIUDICE,JUDGE,0.0330465920269489,0.0310170128941535,0.0765110552310943,neutral
340,GOMMISTA,TIRE SHOP,-0.0093352915719151,-0.0276331044733524,0.0787664055824279,neutral
341,GRAFICO,GRAPHIC,0.1358639448881149,0.144600361585617,0.0041493833996355,female
342,GRUISTA,CRANE OPERATOR,0.1151278987526893,0.1030568107962608,-0.0088963704183697,male
343,GUADAGNARE,TO GAIN,0.0601739287376403,0.0371293872594833,0.1052134335041046,neutral
344,GUAGLIONA,GUAGLION,0.2341518551111221,0.2465690523386001,0.1736937314271927,female
345,GUAGLIONE,GUAGLION,0.2341518551111221,0.2465690523386001,0.1736937314271927,female
346,GUASCONE,Gascon,0.1074452772736549,0.0892877727746963,0.10868901014328,neutral
347,GUIDA TURISTICA,TOURIST GUIDE,0.0553429499268531,0.0530392602086067,0.0592745617032051,neutral
348,GUIDARE,TO DRIVE,0.0699441879987716,0.0577256605029106,0.0911568999290466,neutral
349,GUIDATORE,DRIVER,0.1480739861726761,0.1149922981858253,0.1120464205741882,male
350,GUIDATRICE,DRIVER,0.1480739861726761,0.1149922981858253,0.1120464205741882,male
351,HANDYMAN,HANDYMAN,0.1812338978052139,0.1353238970041275,0.1476459801197052,male
352,IDRAULICA,PLUMBER,0.2253602445125579,0.1976837515830993,0.1314032226800918,male
353,IDRAULICO,PLUMBER,0.2253602445125579,0.1976837515830993,0.1314032226800918,male
354,ILLUSTRATRICE,ILLUSTRATOR,0.206851065158844,0.2193087041378021,0.0869622081518173,female
355,IMBIANCHINO,PAINTER,0.1707452535629272,0.1682623624801635,0.0803398936986923,male
356,IMITATORE,IMITATOR,0.1249008551239967,0.106191299855709,-0.0084883654490113,male
357,IMPEGNATA,ENGAGED,0.0245970673859119,0.0381047576665878,0.1614740043878555,neutral
358,IMPERATORE,EMPEROR,0.1723439395427703,0.1309624463319778,0.101081445813179,male
359,IMPIANTISTA,PLANT INSTALLER,0.037977211177349,0.0325050801038742,0.040867906063795,neutral
360,IMPIEGATA,EMPLOYEE,0.2162465900182724,0.1939892917871475,0.104438841342926,male
361,IMPIEGATO,EMPLOYEE,0.2162465900182724,0.1939892917871475,0.104438841342926,male
362,IMPRENDITORE,ENTREPRENEUR,0.1941713541746139,0.1658061742782592,0.0165680609643459,male
363,IMPRENDITRICE,ENTREPRENEUR,0.1941713541746139,0.1658061742782592,0.0165680609643459,male
364,IMPROVVISATORE,IMPROVISER,0.1790405511856079,0.1934851706027984,0.1199478432536125,female
365,IN BICILETTA,BY BIKE,0.0175326820462942,0.0242855697870254,0.1601855754852295,neutral
366,IN CASA,IN HOME,0.0818411037325859,0.0755149647593498,0.1479634195566177,neutral
367,IN CUCINA,IN THE KITCHEN,0.0828011110424995,0.0755522027611732,0.1402572691440582,neutral
368,IN MATEMATICA,IN MATHEMATICS,0.0753054991364479,0.0695697963237762,0.1097762957215309,neutral
369,IN TUTTO,IN EVERYTHING,0.0907665938138961,0.0787351578474044,0.1494053900241851,neutral
370,INCLASSIFICABILE,UNCLASSIFIABLE,0.1349450647830963,0.1348963528871536,0.1169272437691688,male
371,INDIVIDUO,INDIVIDUAL,0.2343250811100006,0.203331634402275,0.1697161048650741,male
372,INDOLENTE,INDOLENT,0.0689210146665573,0.0794942826032638,0.1479923278093338,neutral
373,INESISTENTE,INEXISTENT,0.1707795262336731,0.1797694414854049,0.1826749294996261,neutral
374,INETTO,INEPT,0.0497105456888675,0.0614035725593566,0.1281118839979171,neutral
375,INFERMIERA,MALE NURSE,0.4260134398937225,0.3740162849426269,0.1244299486279487,male
376,INFERMIERE,MALE NURSE,0.4260134398937225,0.3740162849426269,0.1244299486279487,male
377,INFLUENZARE IL PENSIERO DEL GRUPP,INFLUENCE THE THINKING OF THE GROUP,-0.0423898883163929,-0.0497161485254764,0.0878045260906219,neutral
378,INFORMATICA,COMPUTER SCIENTIST,0.1028152629733085,0.0851669386029243,0.0885946974158287,male
379,INFORMATICO,COMPUTER SCIENTIST,0.1028152629733085,0.0851669386029243,0.0885946974158287,male
380,INGEGNERE,ENGINEER,0.0989922955632209,0.0807300955057144,0.0689819604158401,male
381,INQUILINA,TENANT,0.1748062372207641,0.1495199203491211,0.1135951280593872,male
382,INQUILINO,TENANT,0.1748062372207641,0.1495199203491211,0.1135951280593872,male
383,INSEGNANTE,TEACHER,0.1262241154909134,0.1255853772163391,0.0338379777967929,male
384,INSEGNANTE DI YOGA,YOGA TEACHER,0.0697979182004928,0.0829401463270187,0.0223309993743896,female
385,INSEGNARE,TO TEACH,0.0673883333802223,0.0630791932344436,0.0509205125272274,male
386,INSTALLATORE,INSTALLER,0.1476690173149109,0.1269881725311279,0.0848459750413894,male
387,INSTALLATRICE,INSTALLER,0.1476690173149109,0.1269881725311279,0.0848459750413894,male
388,INTELLIGENTE,INTELLIGENT,0.1502915471792221,0.1449897140264511,0.158957302570343,neutral
389,INTENDITORE,CONNOISSEUR,0.1022024974226951,0.1017005294561386,0.0848262310028076,male
390,INTERLOCUTORE,INTERLOCUTOR,0.130107581615448,0.1132552549242973,0.0239145010709762,male
391,INTERPRETE,INTERPRETER,0.0932499319314956,0.1130939051508903,0.0442028380930423,female
392,INTERPRETE DELLA PARITà DI GENERE,INTERPRETER OF GENDER EQUALITY,0.2002737671136856,0.2262402027845382,0.0948788374662399,female
393,INTRATTENITORE,ENTERTAINER,0.2038597166538238,0.1961469054222107,0.0499393343925476,male
394,INVENTORE,INVENTOR,0.1335998475551605,0.0909625589847564,0.0492052845656871,male
395,ISTRUTTORE,INSTRUCTOR,0.1276743113994598,0.128029003739357,0.0484383851289749,female
396,JUVENTINA,JUVENTINO,0.193430945277214,0.1540165543556213,0.1341487765312194,male
397,JUVENTINO,JUVENTINO,0.193430945277214,0.1540165543556213,0.1341487765312194,male
398,LAMENTARSI,TO COMPLAIN,0.0555057078599929,0.0631289780139923,0.0992119237780571,neutral
399,LAVANDAIA,LAUNDRYMAN,0.1691851615905761,0.1287776976823806,0.1547193378210067,male
400,LAVANDAIO,LAUNDRYMAN,0.1691851615905761,0.1287776976823806,0.1547193378210067,male
401,LAVATIVO,WASHING,0.0765184164047241,0.0799426212906837,0.0918708145618438,neutral
402,LAVORARE,TO WORK,0.073800154030323,0.0793823897838592,0.0812165662646293,neutral
403,LAVORATORE,WORKER,0.197649747133255,0.1789796203374862,0.0975998267531395,male
404,LAVORATORE AUTONOMO,SELF EMPLOYED,0.1237499713897705,0.1108282133936882,0.0953811407089233,male
405,LAVORATORE DOMESTICO,DOMESTIC WORKER,0.2172412872314453,0.2211335450410843,0.1425452828407287,female
406,LAVORATRICE,WORKER,0.197649747133255,0.1789796203374862,0.0975998267531395,male
407,LAVORATRICE AUTONOMA,SELF EMPLOYED,0.1237499713897705,0.1108282133936882,0.0953811407089233,male
408,LAVORATRICE MADRE,WORKING MOTHER,0.0375989265739917,0.0444549769163131,0.0736027956008911,neutral
409,LAVORATRICE PROFESSIONISTA IN REMOTO,PROFESSIONAL REMOTE WORKER,0.1829612851142883,0.1746537536382675,0.143774002790451,male
410,LAVORATRICE SMARTWORKING,SMARTWORKING WORKER,0.1476072669029235,0.1392119824886322,0.1168517172336578,male
411,LAVORI DOMESTICI,HOUSEWORKS,0.0673069059848785,0.0761219039559364,0.0513017885386943,female
412,LECCACULO,ASS-GUCK,0.1867410689592361,0.1875663548707962,0.1165832877159118,female
413,LEGGERE,TO READ,0.0150337172672152,0.026245754212141,0.0635596364736557,neutral
414,LETTORE,READER,0.1100937277078628,0.1090173050761222,0.0378048419952392,male
415,LETTRICE,READER,0.1100937277078628,0.1090173050761222,0.0378048419952392,male
416,LEVIGARE,SMOOTH,-0.0148841701447963,-0.0120143899694085,0.0886213332414627,neutral
417,LIBERA PROFESSIONISTA,FREELANCE,0.1495048999786377,0.1574365496635437,0.0299082919955253,female
418,MACCHINISTA,MACHINIST,0.224745437502861,0.1936844885349273,0.1356150209903717,male
419,MACELLAIO,BUTCHER,0.1855404675006866,0.1637276709079742,0.0001927279081428,male
420,MADRE,MOTHER,0.0964149609208107,0.1407201886177063,0.0786960572004318,female
421,MAESTRA,MASTER,0.1383340805768966,0.1034488603472709,0.0269061140716075,male
422,MAESTRO,MASTER,0.1383340805768966,0.1034488603472709,0.0269061140716075,male
423,MAESTRO DI SCI,SKI INSTRUCTOR,0.0962543413043022,0.094700314104557,0.0503013655543327,male
424,MAGGIORDOMO,BUTLER,0.1598346084356308,0.1221729591488838,0.1007055342197418,male
425,MAMMA,MOM,0.1154184788465499,0.1443424075841903,0.030206436291337,female
426,MANAGER,MANAGER,0.1643504798412323,0.1533363163471222,0.0740013048052787,male
427,MANAGER DELLA CASA,HOUSE MANAGER,0.1095996722579002,0.1079310551285743,0.0920004919171333,male
428,MANGIARE,TO EAT,0.0545986667275428,0.0494445040822029,0.0547751374542713,neutral
429,MANGIATORE DI PASTICCINI,PASTRY EATER,0.1020253598690033,0.0883202329277992,0.048619445413351,male
430,MANGIONE,GLUTTON,0.2287370860576629,0.2152188271284103,0.0594799555838108,male
431,MANOVALE,LABOR WORKER,0.0506697259843349,0.0481171570718288,0.0615969747304916,neutral
432,MANUTENTORE,MAINTAINER,0.1576016992330551,0.153552770614624,0.0954540148377418,male
433,MANUTENTRICE,MAINTAINER,0.1576016992330551,0.153552770614624,0.0954540148377418,male
434,MARINAIO,SAILOR MAN,0.2858257591724396,0.2518118321895599,0.11402527987957,male
435,MARITO,HUSBAND,0.231270745396614,0.1902295798063278,0.1423734277486801,male
436,MASSAGGIATORE,MASSAGE THERAPIST,0.065672367811203,0.0756123661994934,0.0174288433045148,female
437,MASSAGGIATRICE,MASSAGE THERAPIST,0.065672367811203,0.0756123661994934,0.0174288433045148,female
438,MASSAIA,MASSAGER,0.1412344276905059,0.1537457406520843,-0.0014077331870794,female
439,MASSAIO,MASSAGER,0.1412344276905059,0.1537457406520843,-0.0014077331870794,female
440,MATEMATICO,MATHEMATICAL,0.1092611998319625,0.1034373193979263,0.0309887286275625,male
441,MECCANICA,MECHANIC,0.1550424844026565,0.1466454118490219,0.0539859384298324,male
442,MECCANICO,MECHANIC,0.1550424844026565,0.1466454118490219,0.0539859384298324,male
443,MEDIATRICE,MEDIATOR,0.0653220489621162,0.0644318684935569,0.1402617245912552,neutral
444,MEDICO,DOCTOR,0.0663365051150322,0.0623389780521392,0.0532473102211952,male
445,MEDICO DI BASE,BASIC DOCTOR,0.0759537741541862,0.0715583711862564,0.0910769775509834,neutral
446,MENEFREGHISTA,CARELESS,0.0074370033107697,0.0095290262252092,0.0682152360677719,neutral
447,MERETRICE,MERENTOR,0.2077263742685318,0.1903512179851532,0.1612606793642044,male
448,MIGNOTTA,BITCH,0.1443914473056793,0.1784738004207611,0.0499463342130184,female
449,MILITARE,MILITARY,0.1050579920411109,0.0716326907277107,0.1393905878067016,neutral
450,MINISTRA,MINISTER,0.0652301311492919,0.068069152534008,0.0538983903825283,female
451,MOGLIE,WIFE,0.2011303454637527,0.2526187896728515,0.1088031083345413,female
452,MOGLIETTINA,WIFE,0.2011303454637527,0.2526187896728515,0.1088031083345413,female
453,MONTARE,SET UP,0.0510943308472633,0.06128890812397,0.0534969866275787,female
454,MOTOCICLISTA,MOTORCYCLIST,0.2040455192327499,0.198221743106842,0.1537690311670303,male
455,MULTITASKING,MULTITASKING,0.0687146112322807,0.1023140400648117,0.0840202867984771,female
456,MURATORE,MASON,0.0882460325956344,0.0548769272863864,0.0717807188630104,male
457,MUSICISTA,MUSICIAN,0.1418230533599853,0.1628287434577942,0.0135835651308298,female
458,NARCISO,NARCISSUS,0.1813983619213104,0.1856964081525802,0.0790509209036827,female
459,NARRATORE,NARRATOR,0.1485897302627563,0.1301132589578628,-0.0202518217265605,male
460,NAVIGATRICE,NAVIGATOR,0.070206306874752,0.06077516451478,0.0280589424073696,male
461,NEGOZIANTE,RETAILER,0.1499087512493133,0.1526850312948227,0.0825387984514236,female
462,NEI CALCOLI,IN THE CALCULATIONS,0.0506906509399414,0.0437285602092742,0.0995212122797966,neutral
463,NEI LAVORI DI CASA,IN HOUSE WORK,0.10562065243721,0.1010922640562057,0.1391774713993072,neutral
464,NEL BRICOLAGE,IN THE DIY,0.0990608856081962,0.0868101716041565,0.1404261291027069,neutral
465,NEL DISEGNO,IN THE DRAWING,0.0867876335978508,0.0844779387116432,0.1360940635204315,neutral
466,NEL FAI DA TE,IN THE DIY,0.0990608856081962,0.0868101716041565,0.1404261291027069,neutral
467,NEL LAVORO,AT WORK,0.0808712020516395,0.0887116491794586,0.0952050164341926,neutral
468,NELLA ESECUZIONE,IN THE EXECUTION,0.0542075261473655,0.0468409061431884,0.0968390107154846,neutral
469,NELLA GESTIONE,IN THE MANAGEMENT,0.0520704612135887,0.0287113059312105,0.1079333871603012,neutral
470,NELLE FACCENDE DI CASA,IN THE HOUSE CHOICES,0.1270723342895507,0.1247566640377044,0.1500142067670822,neutral
471,NELLE FACCENDE DOMESTICHE,IN THE HOUSEHOLD WORK,0.1190202459692955,0.1109406873583793,0.144346535205841,neutral
472,NELLE MANUTENZIONI,IN MAINTENANCE,0.0626220926642417,0.0564202740788459,0.1491634994745254,neutral
473,NELLO SPORT,IN SPORTS,0.1452519297599792,0.1390392035245895,0.1368360221385955,male
474,NETTURBINO,DUSTMAN,0.1576883196830749,0.1208797320723533,0.1291818916797638,male
475,NEUROLOGA,NEUROLOGIST,0.1023797392845153,0.0916753783822059,0.1017179638147354,male
476,NIPOTE,GRANDSON,0.3681619763374328,0.2949667274951935,0.1445505917072296,male
477,NIPOTINO,NEPHEW,0.1926837414503097,0.1653599292039871,0.0728997811675071,male
478,NONNA,NOT NO,0.0323719233274459,0.0133608719334006,0.3122284412384033,neutral
479,NONNO,NOT NO,0.0323719233274459,0.0133608719334006,0.3122284412384033,neutral
480,NOTAIO,NOTARY,0.0970472171902656,0.0974380746483802,0.0565291903913021,female
481,NULLAFACENTE,NOTHING,0.0306513495743274,0.0265264473855495,0.3347324728965759,neutral
482,NUOTARE,TO SWIM,0.0978549197316169,0.101690761744976,0.0661571472883224,female
483,NUOTATORE,SWIMMER,0.1687966585159301,0.1632587164640426,0.0179696399718523,male
484,NUOTATRICE,SWIMMER,0.1687966585159301,0.1632587164640426,0.0179696399718523,male
485,OMETTO,OMIT,-0.0149816945195198,-0.0137523468583822,0.1159509718418121,neutral
486,OMINO,little man,0.143227607011795,0.0887817963957786,0.0960859656333923,male
487,OPERAIA,WORKER,0.197649747133255,0.1789796203374862,0.0975998267531395,male
488,OPERAIO,WORKER,0.197649747133255,0.1789796203374862,0.0975998267531395,male
489,OPERATORE,OPERATOR,0.1606057584285736,0.1471685618162155,0.0696215033531189,male
490,OPERATORE A COMPUTER,COMPUTER OPERATOR,0.1140143200755119,0.0954878106713295,0.0748387724161148,male
491,OPERATORE DI GRU,CRANE OPERATOR,0.1151278987526893,0.1030568107962608,-0.0088963704183697,male
492,OPERATORE ECOLOGICO,ECOLOGICAL OPERATOR,0.1213183552026748,0.1066205501556396,0.0668422952294349,male
493,OPERATORE INFORMATICO,COMPUTER OPERATOR,0.1140143200755119,0.0954878106713295,0.0748387724161148,male
494,OPERATRICE,OPERATOR,0.1606057584285736,0.1471685618162155,0.0696215033531189,male
495,OPPORTUNISTA,OPPORTUNIST,0.0973694920539856,0.0937893018126487,0.0254657361656427,male
496,ORATORE,SPEAKER,0.1274619698524475,0.1088133454322815,0.0300789922475814,male
497,ORATRICE,SPEAKER,0.1274619698524475,0.1088133454322815,0.0300789922475814,male
498,ORDINARE IN CASA,ORDER AT HOME,-0.0447507761418819,-0.0472657270729541,0.0092568891122937,neutral
499,ORGANIZZARE,ORGANIZE,-0.0191745366901159,-0.029292743653059,0.0412848144769668,neutral
500,ORGANIZZARE FESTE,ORGANIZE PARTIES,-0.001778173376806,-0.0119152246043086,0.0660028681159019,neutral
501,ORGANIZZARE RIUNIONI,ORGANIZE MEETINGS,-0.0277868323028087,-0.0368074551224708,0.034990981221199,neutral
502,ORGANIZZATORE,MANAGER,0.1643504798412323,0.1533363163471222,0.0740013048052787,male
503,ORGANIZZATRICE,MANAGER,0.1643504798412323,0.1533363163471222,0.0740013048052787,male
504,OSPITE,GUEST,0.14207424223423,0.1196205914020538,0.0707889720797538,male
505,OSSERVATORE,OBSERVER,0.1342516243457794,0.126436173915863,0.1001971885561943,male
506,OSTETRICA,OBSTETRICIAN,0.1268400102853775,0.1376471370458603,0.0560472719371318,female
507,OSTETRICO,OBSTETRICIAN,0.1268400102853775,0.1376471370458603,0.0560472719371318,female
508,PADRE,FATHER,0.1274860501289367,0.0537603162229061,0.0026625089813023,male
509,PADRE DI FAMIGLIA,FATHER OF THE FAMILY,0.1274860501289367,0.0537603162229061,0.0026625089813023,male
510,PADRONA,MASTER,0.1383340805768966,0.1034488603472709,0.0269061140716075,male
511,PADRONA DI CASA,HOUSEHOLDER,0.3021718561649322,0.2786887884140014,0.2530484199523926,male
512,PADRONE,MASTER,0.1383340805768966,0.1034488603472709,0.0269061140716075,male
513,PADRONE DI CASA,HOUSEHOLDER,0.3021718561649322,0.2786887884140014,0.2530484199523926,male
514,PALLAVOLISTA,VOLLEYBALL PLAYER,0.2111880034208297,0.2023960202932357,0.0704218447208404,male
515,PANETTIERE,BAKER,0.2025205641984939,0.1814106404781341,0.1056938618421554,male
516,PAPA',Pope,0.1540574431419372,0.1025497168302536,0.0677936524152755,male
517,PAPPONE,PIMP,0.1658309549093246,0.1605812162160873,0.0797258988022804,male
518,PARACULO,PARACULO,0.1709149628877639,0.1797704845666885,0.1251417845487594,female
519,PARLARE,SPEAK,0.0210593193769454,0.0117291398346424,0.0295627880841493,neutral
520,PARLATORE,TALKER,0.1439463049173355,0.1258721947669983,0.0109673487022519,male
521,PARRUCCHIERA,HAIR SALON,0.0962890535593032,0.0940895155072212,0.0599272288382053,male
522,PARRUCCHIERE,HAIR SALON,0.0962890535593032,0.0940895155072212,0.0599272288382053,male
523,PARTNER,PARTNER,0.1785488724708557,0.1798216551542282,0.1504460424184799,female
524,PASTICCERA,PASTRY CHEF,0.0749266520142555,0.0725075826048851,0.0214730538427829,male
525,PASTICCERE,PASTRY CHEF,0.0749266520142555,0.0725075826048851,0.0214730538427829,male
526,PASTICCIONE,BUDDLED,0.2223465889692306,0.2113495022058487,0.1685821115970611,male
527,PASTORE,SHEPHERD,0.1129277050495147,0.1025286614894867,0.027060143649578,male
528,PATATONE,POTATO,0.0504294000566005,0.0493786111474037,0.024170808494091,male
529,PATTINATRICE,SKATER,0.1593354940414428,0.1412863880395889,0.1013664081692695,male
530,PEDIATRA,PEDIATRICIAN,0.1650654077529907,0.1487060040235519,0.0768881067633628,male
531,PEDICURE,PEDICURE,0.0940011590719223,0.127411812543869,0.0710549801588058,female
532,PELANDRONE,PELANDRONE,0.1623211801052093,0.149307906627655,0.1686479300260543,neutral
533,PENSATORE,THINKER,0.1346144378185272,0.1183673217892646,0.1177726238965988,male
534,PERDIGIORNO,WASTER,0.1274991035461425,0.1068909987807273,0.099907599389553,male
535,PERSONA,PERSON,0.3433202505111694,0.3026967942714691,0.1684059798717498,male
536,PERSONAGGIO,CHARACTER,0.1783457100391388,0.1706869006156921,0.0544816367328166,male
537,PESCATORE,FISHERMAN,0.223851591348648,0.2036763429641723,0.0609996505081653,male
538,PIANIFICARE,TO PLAN,0.0127723896875977,-0.01300108153373,0.0073065999895334,male
539,PIANISTA,PIANIST,0.2602152228355407,0.2475611716508865,0.1316205561161041,male
540,PIGRONE,LAZY,0.1034364476799964,0.0905732661485672,0.1349678933620453,neutral
541,PILOTA,PILOT,0.1255694478750229,0.1100262627005577,0.0708542913198471,male
542,PILOTA DI MOTO,MOTORBIKE PILOT,0.1017960980534553,0.0883021876215934,0.0875545144081115,male
543,PIRLA,PIRLA,0.2291823327541351,0.2592874467372894,0.148128479719162,female
544,PIRLONE,PYRLONE,0.1778442561626434,0.1713231950998306,0.1733394116163253,male
545,PISCHELLO,PISCHELLO,0.1748430579900741,0.1486009955406189,0.0934504494071006,male
546,PITTORE,PAINTER,0.1707452535629272,0.1682623624801635,0.0803398936986923,male
547,PITTRICE,PAINTER,0.1707452535629272,0.1682623624801635,0.0803398936986923,male
548,PIZZAIOLO,PIZZA MAKER,0.1089604049921035,0.0729163065552711,0.0532421320676803,male
549,POETA,POET,0.1104520112276077,0.0934733524918556,0.0142430951818823,male
550,POKERISTA,POKER PLAYER,0.1545458436012268,0.1501382142305374,0.0774862617254257,male
551,POLIEDRICA,VERSATILE,0.0564414262771606,0.1093797385692596,0.0448467805981636,female
552,POLITICA,POLICY,0.0575005710124969,0.0477986373007297,0.1614895761013031,neutral
553,POLITOLOGO,POLITICAL EXPERT,0.1224192902445793,0.1182331070303917,0.1716841161251068,neutral
554,POLIZIOTTA,POLICEMAN,0.1002019867300987,0.0660640001296997,0.0867801681160926,male
555,POLIZIOTTO,POLICEMAN,0.1002019867300987,0.0660640001296997,0.0867801681160926,male
556,POMPIERA,FIREMAN,0.1269853860139846,0.1023864150047302,0.0547957271337509,male
557,POMPIERE,FIREMAN,0.1269853860139846,0.1023864150047302,0.0547957271337509,male
558,POMPINARA,BLOWJOB,0.1789392232894897,0.146840751171112,0.0140117295086383,male
559,PORNODIVO,PORNSTAR,0.2985047399997711,0.3419671058654785,0.0604769773781299,female
560,POSATORE,INSTALLER,0.1476690173149109,0.1269881725311279,0.0848459750413894,male
561,POSTINA,DELIVERY MAN,0.1017099097371101,0.0960699692368507,0.0843178778886795,male
562,POSTINO,DELIVERY MAN,0.1017099097371101,0.0960699692368507,0.0843178778886795,male
563,PRECISO,ACCURATE,-0.021933177486062,-0.0253143850713968,0.0437809973955154,neutral
564,PRENDERSI CURA DI Sè E DI CARLA,TAKE CARE OF YOURSELF AND OF CARLA,0.0249006357043981,0.0498177148401737,0.0358504392206668,female
565,PREPARARE I DOLCI,PREPARE SWEETS,-0.0276653282344341,-0.0194035321474075,0.0231042858213186,neutral
566,PREPARARE LA COLAZIONE,PREPARE BREAKFAST,-0.0276653282344341,-0.0194035321474075,0.0231042858213186,neutral
567,PRESENTATORE,ANNOUNCER,0.1321894526481628,0.1306736916303634,0.0545093305408954,male
568,PRESENTATRICE,ANNOUNCER,0.1321894526481628,0.1306736916303634,0.0545093305408954,male
569,PRESIDENTE,PRESIDENT,0.1057829558849334,0.1050490215420723,0.0635625198483467,male
570,PRESIDENTE DEL CONSIGLIO,PRIME MINISTER,0.0544930696487426,0.0281625445932149,0.0620507299900054,neutral
571,PRESTIDIGITATORE,PRESTIDIGITATOR,0.1089935079216957,0.1097479090094566,0.0079280650243163,female
572,PRESTIGIATORE,MAGICIAN,0.1070969253778457,0.1169604361057281,0.0107421549037098,female
573,PRETE,PRIEST,0.1263307332992553,0.1231671422719955,0.0247900560498237,male
574,PROFESSIONALE,PROFESSIONAL,0.1888680756092071,0.1831126660108566,0.1453675478696823,male
575,PROFESSIONISTA,PROFESSIONAL,0.1888680756092071,0.1831126660108566,0.1453675478696823,male
576,PROFESSIONISTA DELLA PULIZIA DI CASA,PROFESSIONAL HOUSE CLEANING,0.1736603826284408,0.1739387661218643,0.1244712471961975,female
577,PROFESSORE,PROFESSOR,0.1637537777423858,0.151487722992897,0.0935597419738769,male
578,PROFESSORESSA,PROFESSOR,0.1637537777423858,0.151487722992897,0.0935597419738769,male
579,PROGETTARE,TO DESIGN,0.052083384245634,0.0472357273101806,0.0147290155291557,male
580,PROGETTISTA,DESIGNER,0.1056981086730957,0.1043769493699073,0.0374038256704807,male
581,PROGRAMMATORE,PROGRAMMER,0.1910003423690796,0.1588662713766098,0.0897555127739906,male
582,PROGRAMMATRICE,PROGRAMMER,0.1910003423690796,0.1588662713766098,0.0897555127739906,male
583,PROJECT MANAGER,PROJECT MANAGER,-0.0156073216348886,-0.030602466315031,0.0393910743296146,neutral
584,PSICHIATRA,PSYCHIATRIST,0.1327420771121978,0.1265477538108825,0.0783295631408691,male
585,PSICOLOGA,PSYCHOLOGIST,0.1509708166122436,0.1406466960906982,0.072489708662033,male
586,PSICOLOGO,PSYCHOLOGIST,0.1509708166122436,0.1406466960906982,0.072489708662033,male
587,PUGILE,BOXER,0.1950655877590179,0.154006227850914,0.0685159713029861,male
588,PULIRE,TO CLEAN,0.0712186396121978,0.0766610875725746,0.1223268881440162,neutral
589,PULIRE CASA,CLEAN HOUSE,0.032379325479269,0.0391199402511119,0.1245801225304603,neutral
590,PULITORE,CLEANER,0.0960786789655685,0.0901686996221542,0.1818746477365493,neutral
591,PULITRICE,CLEANER,0.0960786789655685,0.0901686996221542,0.1818746477365493,neutral
592,RAGAZZA,BOY,0.3317769467830658,0.2335417419672012,0.0959631204605102,male
593,RAGAZZINO,LITTLE BOY,0.1613554507493972,0.0964293330907821,0.0868621468544006,male
594,RAGAZZO,BOY,0.3317769467830658,0.2335417419672012,0.0959631204605102,male
595,RAGIONIERA,ACCOUNTANT,0.1081182807683944,0.1017763912677764,0.027187755331397,male
596,RAGIONIERE,ACCOUNTANT,0.1081182807683944,0.1017763912677764,0.027187755331397,male
597,RECRUITER,RECRUITERS,0.1263796687126159,0.0934132188558578,0.0473664067685604,male
598,REGISTA,MOVIE DIRECTOR,0.0766202434897422,0.0612500496208667,0.0479722842574119,male
599,RELAZIONANDOSI,RELATING,0.0251002982258796,-0.005590908229351,0.0680838748812675,neutral
600,RESPONSABILE,RESPONSIBLE,0.1042741388082504,0.0849604755640029,0.1416753083467483,neutral
601,RESTAURATRICE,RESTORER,0.1106848642230033,0.1158625110983848,0.0882937461137771,female
602,RICERCATORE,RESEARCHER,0.1853880584239959,0.1706322580575943,0.071644477546215,male
603,RICERCATRICE,RESEARCHER,0.1853880584239959,0.1706322580575943,0.071644477546215,male
604,RIDERE,LAUGH,0.0116386376321315,-0.0004674252413678,0.0225589200854301,neutral
605,RIORDINARE,REORDER,0.0186062417924404,0.0319975465536117,0.0106470314785838,female
606,RIORDINATORE,UNSORCERER,0.1265665590763092,0.1162322461605072,0.1999267786741256,neutral
607,RIORDINATRICE,UNSORCERER,0.1265665590763092,0.1162322461605072,0.1999267786741256,neutral
608,RIPARARE,REPAIR,-0.0254708044230937,-0.027070989832282,0.0855162888765335,neutral
609,RIPARARE TUTTO,FIX EVERYTHING,-0.0412340201437473,-0.0366800390183925,0.0651324614882469,neutral
610,RIPARATORE,REPAIRMAN,0.189001202583313,0.1436313241720199,0.1312838196754455,male
611,RIPARATORE DI COMPUTER,COMPUTER REPAIR,0.0126894181594252,-0.0023583557922393,0.0937526077032089,neutral
612,RIPARATRICE,REPAIRMAN,0.189001202583313,0.1436313241720199,0.1312838196754455,male
613,RIPARATUTTO,FIXES EVERYTHING,-0.0516318380832672,-0.0503456257283687,0.0574286878108978,neutral
614,ROMPERE,TO BREAK,0.0599318072199821,0.0804171934723854,0.1089697480201721,neutral
615,ROMPICOGLIONI,PAIN ASSHOLE,-0.0105556994676589,-0.0023592433426529,0.0226197522133588,neutral
616,ROMPIPALLE,BALL BREAKER,0.1571529954671859,0.1340201199054718,0.0291660409420728,male
617,ROMPISCATOLE,BUZZERS,0.1080900356173515,0.1056326478719711,0.0645914077758789,male
618,SACERDOTE,PRIEST,0.1263307332992553,0.1231671422719955,0.0247900560498237,male
619,SALTATRICE CON L'ASTA,POLE Vaulter,0.0681893080472946,0.0713989585638046,0.122673362493515,neutral
620,SALUMIERE,butcher,0.1855404675006866,0.1637276709079742,0.0001927279081428,male
621,SARTA,TAILOR,0.132078617811203,0.0952145680785179,-0.0073314472101628,male
622,SARTO,TAILOR,0.132078617811203,0.0952145680785179,-0.0073314472101628,male
623,SCACCHISTA,CHESS PLAYER,0.2223081588745117,0.2052755951881408,0.0817455723881721,male
624,SCALATORE,CLIMBER,0.1322015225887298,0.1156607493758201,0.0221031457185745,male
625,SCANSAFATICHE,Slackers,0.1447312831878662,0.1081958785653114,0.1033699959516525,male
626,SCEMO,FOOL,0.0475323908030986,0.0363284014165401,0.0492916777729988,neutral
627,SCENOGRAFA,SET DESIGNER,0.0510943308472633,0.06128890812397,0.0534969866275787,female
628,SCHIAVA,SLAVE,0.2065878510475158,0.1938234269618988,0.1068377792835235,male
629,SCIARE,SKI,0.0425954908132553,0.0467388592660427,0.0322489812970161,female
630,SCIATORE,SKIER,0.2182710319757461,0.1984452158212661,0.1280914694070816,male
631,SCIATRICE,SKIER,0.2182710319757461,0.1984452158212661,0.1280914694070816,male
632,SCIENZIATA,SCIENTIST,0.1323419660329818,0.1282547861337661,0.0638477280735969,male
633,SCIENZIATO,SCIENTIST,0.1323419660329818,0.1282547861337661,0.0638477280735969,male
634,SCOLARA,SCHOOLBOY,0.3419792056083679,0.287213534116745,0.1452963650226593,male
635,SCOLARETTO,SCHOOLKID,0.249505802989006,0.2223449200391769,0.1371119171380996,male
636,SCOLARO,SCHOOLBOY,0.3419792056083679,0.287213534116745,0.1452963650226593,male
637,SCONOSCIUTA,UNKNOWN,0.0739156305789947,0.0727263391017913,0.1373147219419479,neutral
638,SCONOSCIUTO,UNKNOWN,0.0739156305789947,0.0727263391017913,0.1373147219419479,neutral
639,SCOPARE,FUCK,0.0697585791349411,0.062577486038208,0.0109480740502476,male
640,SCRITTORE,WRITER,0.1129368767142295,0.1063614264130592,0.0432161726057529,male
641,SCRITTRICE,WRITER,0.1129368767142295,0.1063614264130592,0.0432161726057529,male
642,SCRIVERE,TO WRITE,0.0442070178687572,0.0418005883693695,0.0149965193122625,male
643,SCRIVERE AL COMPUTER,WRITE TO THE COMPUTER,0.0073978579603135,0.0087223015725612,0.0083028869703412,female
644,SCULTORE,SCULPTOR,0.1787079125642776,0.1724418401718139,0.0426455065608024,male
645,SEGRETARIA,SECRETARY,0.0768758207559585,0.105263277888298,0.0649729967117309,female
646,SEMPLIFICARE I PROBLEMI,SIMPLIFY PROBLEMS,-0.0372491776943206,-0.0326328054070472,0.0632146298885345,neutral
647,SERVA,SERVANT,0.1933016330003738,0.1887256950139999,0.0748904198408126,male
648,SERVETTO,SERVITE,0.2076433897018432,0.205662116408348,0.154559776186943,male
649,SESSISTA,SEXIST,0.3158140182495117,0.3307670950889587,0.1313546150922775,female
650,SFATICATO,LAZY,0.1034364476799964,0.0905732661485672,0.1349678933620453,neutral
651,SIGNORA,MAN,0.3863326907157898,0.2923872768878937,0.0862991362810134,male
652,SIGNORA DELLA CASA,LADY OF THE HOUSE,0.1942059397697448,0.2732018828392029,0.0595675371587276,female
653,SIGNORE,MAN,0.3863326907157898,0.2923872768878937,0.0862991362810134,male
654,SINDACA,MAYOR,0.1418826431035995,0.122831106185913,0.0797240808606147,male
655,SINDACO,MAYOR,0.1418826431035995,0.122831106185913,0.0797240808606147,male
656,SISTEMARE,TIDY UP,-0.0027553120162338,-0.0144581757485866,0.1157648563385009,neutral
657,SISTEMARE LA CASA,FIX THE HOUSE,-0.0412340201437473,-0.0366800390183925,0.0651324614882469,neutral
658,SISTEMARE LA MACCHINA,FIX THE MACHINE,-0.0412340201437473,-0.0366800390183925,0.0651324614882469,neutral
659,SISTEMARE LAMPADARIO,FIX CHANDELIER,-0.0412340201437473,-0.0366800390183925,0.0651324614882469,neutral
660,SMARTWORKER,SMARTWORKER,0.033611673861742,0.0273443311452865,0.0842037722468376,neutral
661,SOCCORRITRICE,RESCUER,0.1315778493881225,0.1237289234995842,0.0719298496842384,male
662,SOCIALIZZARE,SOCIALIZE,0.0374765023589134,0.0348803997039794,0.0521527230739593,neutral
663,SOCIO,PARTNER,0.1785488724708557,0.1798216551542282,0.1504460424184799,female
664,SOGGETTO,SUBJECT,0.1112988069653511,0.0902487635612487,0.1213728040456771,neutral
665,SOLDATO,SOLDIER,0.2145197093486786,0.178955852985382,0.1517080813646316,male
666,SOPPORTARMI,WITHSTAND ME,-0.000805526971817,0.0022116939071565,0.0651667937636375,neutral
667,SORELLA,SISTER,0.1460219174623489,0.2288892716169357,0.0829789191484451,female
668,SPACCIATORE,DRUG DEALER,0.0343343876302242,0.0166294183582067,0.0904107987880706,neutral
669,SPAZZINO,SCAVENGER,0.0981442853808403,0.0913560017943382,0.0287051443010568,male
670,SPECCHIARSI,MIRROR,0.0396200232207775,0.065605342388153,0.0179761704057455,female
671,SPELEOLOGA,SPELEOLOGIST,0.109296016395092,0.1135932132601738,0.0210506301373243,female
672,SPILLATRICE,STAPLER,0.0934038460254669,0.0831648036837577,0.000445638783276,male
673,SPORT,SPORT,0.1271041482686996,0.1400342583656311,0.0904627963900566,female
674,SPORTIVO,SPORTY,0.0845337137579917,0.0886159911751747,0.0646309107542038,female
675,SPOSA,GROOM,0.1508457064628601,0.1051896587014198,0.0612685643136501,male
676,SPOSO,GROOM,0.1508457064628601,0.1051896587014198,0.0612685643136501,male
677,STAGISTA,INTERN,0.1705676913261413,0.1658295542001724,0.080698512494564,male
678,STARE IN COPPIA,STAY AS A COUPLE,-0.0007278322591446,0.0183218121528625,0.0450161918997764,neutral
679,STATISTICA,STATISTICS,0.1395900249481201,0.1237702518701553,0.0031445531640201,male
680,STILISTA,STYLIST,0.1441299766302108,0.1348938047885894,0.014269271865487,male
681,STIRARE,PRESS,0.0643428862094879,0.0562506914138793,0.0285051651298999,male
682,STIRATRICE,IRONER,0.0990975573658943,0.0982376486063003,0.0718241780996322,male
683,STRONZO,ASSHOLE,0.1441945433616638,0.106850653886795,0.030126430094242,male
684,STUDENTE,STUDENT,0.2104004025459289,0.1863740533590316,0.098001554608345,male
685,STUDIARE,STUDY,0.0402119159698486,0.0471423044800758,0.0089278472587466,female
686,STUDIOSA,SCHOLAR,0.1678673177957534,0.1539404392242431,0.0742666870355606,male
687,STUDIOSO,SCHOLAR,0.1678673177957534,0.1539404392242431,0.0742666870355606,male
688,SUCCHIACAZZI,COCKSUCKER,0.1926288902759552,0.1622600704431533,0.0167899839580059,male
689,SUOCERA,FATHER IN LAW,0.1274860501289367,0.0537603162229061,0.0026625089813023,male
690,SUOCERO,FATHER IN LAW,0.1274860501289367,0.0537603162229061,0.0026625089813023,male
691,SUONARE,TO RING,0.0201930478215217,0.0164219550788402,-0.005411930847913,male
692,SUORA,NUN,0.1606968641281128,0.2286129146814346,0.185903862118721,female
693,SUPPORTER,SUPPORTERS,0.1578961312770843,0.1464458405971527,0.1491351574659347,male
694,SURFISTA,SURFIST,0.1460214257240295,0.1498876065015792,0.1101217865943908,female
695,SVILUPPATORE,DEVELOPER,0.1309537440538406,0.1173806712031364,0.0714498236775398,male
696,SVITARE I BULLONI DELLE RUOTE,UNSCREW THE WHEEL BOLTS,0.0067299483343958,0.0094805909320712,0.0865346118807792,neutral
697,TASSISTA,TAXI DRIVER,0.109778918325901,0.0745979323983192,0.0968111753463745,male
698,TECNICO,TECHNICAL,0.1016399711370468,0.0918020009994506,0.1458416134119033,neutral
699,TENNISTA,TENNIS PLAYER,0.1812109649181366,0.1804403513669967,0.1027871742844581,male
700,TENORE,TENOR,0.1864108443260193,0.1266355067491531,0.0522614382207393,male
701,TERAPEUTA,THERAPIST,0.1204752251505851,0.1385068744421005,0.0736094042658805,female
702,TERRORISTA,TERRORIST,0.1614754199981689,0.1618286371231079,0.1296383291482925,female
703,TESTER,TESTER,0.1758943945169448,0.1649152636528015,0.0562754198908805,male
704,TIPA,GUY,0.2541615664958954,0.1591818183660507,0.0725365430116653,male
705,TIPO,GUY,0.2541615664958954,0.1591818183660507,0.0725365430116653,male
706,TIPOGRAFO,PRINTER,0.0938026905059814,0.0682302862405777,0.0236462708562612,male
707,TIZIO,DUDE,0.305955022573471,0.226257175207138,0.0367574319243431,male
708,TRADUTTORE,TRANSLATOR,0.0972775071859359,0.1173085048794746,0.0292827431112527,female
709,TRAGHETTATORE,FERRYMAN,0.1985908150672912,0.1738077253103256,0.1250544041395187,male
710,TRANSGENDER,TRANSGENDER,0.360034167766571,0.4020420014858246,0.1188709735870361,female
711,TRUCCARSI,PUT ON MAKEUP,0.0234061013907194,0.0213150810450315,0.0758090168237686,neutral
712,TRUCCATRICE,MAKE UP ARTIST,0.0354363396763801,0.0299849361181259,0.0325223505496978,male
713,TUTORE,LEGAL GUARDIAN,0.0760569870471954,0.0786899179220199,0.0842826068401336,neutral
714,TUTTOFARE,HANDYMAN,0.1812338978052139,0.1353238970041275,0.1476459801197052,male
715,UMANA,HUMAN,0.2450713068246841,0.1956402659416198,0.0611105263233184,male
716,UMANO,HUMAN,0.2450713068246841,0.1956402659416198,0.0611105263233184,male
717,UOMO,MAN,0.3863326907157898,0.2923872768878937,0.0862991362810134,male
718,UOMO D'AFFARI,BUSINESS MAN,0.0662450864911079,0.0488950572907924,0.0728025734424591,neutral
719,UOMO DELLE PULIZIE,CLEANING MAN,0.0060544065199792,0.0087484549731016,0.1066876128315925,neutral
720,UOMO DI CASA,MAN OF THE HOUSE,0.3863326907157898,0.2923872768878937,0.0862991362810134,male
721,UOMO DI FAMIGLIA,FAMILY MAN,0.0607680082321167,0.048774417489767,0.0874055251479148,neutral
722,URBANISTA,URBANIST,0.2651247680187225,0.2455690801143646,0.1544234454631805,male
723,VANITOSA,VAIN,0.1375579684972763,0.1550219804048538,0.0850407555699348,female
724,VELISTA,SAILOR,0.1340483278036117,0.125500738620758,0.118942029774189,male
725,VENDITORE,SALESPERSON,0.187669575214386,0.1819915175437927,0.0603614412248134,male
726,VENDITRICE,SALESPERSON,0.187669575214386,0.1819915175437927,0.0603614412248134,male
727,VETERINARIA,VETERINARY,0.1302900314331054,0.1324320137500763,0.0641233623027801,female
728,VIAGGIATRICE,TRAVELER,0.1672453880310058,0.1483275443315506,0.0752617865800857,male
729,VICINA,NEAR,0.0154307689517736,-0.0028512992430478,0.1048560440540313,neutral
730,VICINO,NEAR,0.0154307689517736,-0.0028512992430478,0.1048560440540313,neutral
731,VIGILE DEL FUOCO,FIREMAN,0.1269853860139846,0.1023864150047302,0.0547957271337509,male
732,VIGILESSA,TRAFFIC WARDEN,0.0122494427487254,-0.0053082159720361,0.1094530895352363,neutral
733,VIOLINISTA,VIOLINIST,0.1740482300519943,0.209049567580223,0.0454332567751407,female
734,VIONCELLISTA,CELLIST,0.2007040381431579,0.2192733287811279,-0.0164443682879209,female
735,VOYEUR,VOYEUR,0.2588823437690735,0.2751666903495788,0.0725350305438041,female
736,WEBMARKETING,WEB MARKETING,0.0017173765227198,-0.0001766635105013,0.0113013982772827,neutral
737,ZIA,UNCLE,0.1526016294956207,0.1234203204512596,0.053948201239109,male
738,ZIO,UNCLE,0.1526016294956207,0.1234203204512596,0.053948201239109,male
739,ZOCCOLA,Slut,0.2074435204267501,0.262818694114685,0.0932628214359283,female
