,ita,list_of_words,man & synonyms,woman & synonyms,person & synonyms,associated_word
0,A CALCIO,FOOTBALL,0.1967635154724121,0.1568193286657333,0.1691644191741943,man & synonyms
1,A PALLAVOLO,AT VOLLEYBALL,0.1805240511894226,0.2008820921182632,0.1911242008209228,woman & synonyms
2,A SCUOLA,AT SCHOOL,0.1269086599349975,0.11139677464962,0.1053141057491302,man & synonyms
3,ABBINARE I COLORI,MATCH COLORS,0.1351577788591385,0.1195227801799774,0.1386122703552246,person & synonyms
4,ACCOGLIENTE,WELCOMING,0.0959817096590995,0.11696557700634,0.1126611456274986,woman & synonyms
5,ACCOMPAGNATRICE,COMPANION,0.1550650149583816,0.1746571213006973,0.2148876786231994,person & synonyms
6,ACCUDIRE I FIGLI,CARING FOR THE CHILDREN,0.0865390375256538,0.1164832264184951,0.1399275809526443,person & synonyms
7,ADDESTRATORE DI CANI,DOG TRAINER,0.1068222001194953,0.1030917167663574,0.1201263144612312,person & synonyms
8,AFFABILE,EASY GOING,0.130404382944107,0.1371387541294098,0.119582898914814,woman & synonyms
9,AFFACCENDATA,BUSY,0.0345778465270996,0.0698967576026916,0.1713402271270752,person & synonyms
10,AGENTE,AGENT,0.0686466246843338,0.1027718335390091,0.2530741989612579,person & synonyms
11,AGENTE IMMOBILIARE,REAL ESTATE AGENT,0.1026104614138603,0.0881420820951461,0.0755564793944358,man & synonyms
12,AGGIUSTARE,ADJUST,-0.0225428976118564,-0.0019156791968271,0.0271219909191131,person & synonyms
13,AGGIUSTARE L'IMPIANTO ELETTRICO,ADJUST THE ELECTRICAL SYSTEM,-0.0279399417340755,0.0045925355516374,0.0337428264319896,person & synonyms
14,AGGIUSTATORE,ADJUSTER,0.0595422014594078,0.1061734557151794,0.2184178829193115,person & synonyms
15,AGGIUSTATRICE,ADJUSTER,0.0595422014594078,0.1061734557151794,0.2184178829193115,person & synonyms
16,AGGIUSTATUTTO,ADJUSTER,0.0595422014594078,0.1061734557151794,0.2184178829193115,person & synonyms
17,AGRICOLTORE,FARMER,0.1679789423942566,0.215810552239418,0.2712597548961639,person & synonyms
18,AIUTANTE,SUPPORT WORKER,0.0629350990056991,0.0533510074019432,0.1060898005962371,person & synonyms
19,AIUTANTE DOMESTICO,DOMESTIC HELP,0.1653341501951217,0.2101927250623703,0.2160382717847824,person & synonyms
20,AIUTO,HELP,0.1048589348793029,0.1359755247831344,0.1424378752708435,person & synonyms
21,AL COMPUTER,AT THE PC,0.1798465996980667,0.1823110431432724,0.1691766381263733,woman & synonyms
22,ALLEATA,ALLY,0.1385984867811203,0.1211761310696601,0.1394554674625396,person & synonyms
23,ALLENATORE,TRAINER,0.1700473725795745,0.1509573310613632,0.2766325771808624,person & synonyms
24,ALLIEVA,STUDENT,0.1980960369110107,0.1806775331497192,0.2092483937740326,person & synonyms
25,ALLIEVO,STUDENT,0.1980960369110107,0.1806775331497192,0.2092483937740326,person & synonyms
26,ALPHA,ALPHA extension,0.0656289607286453,0.0927551463246345,0.0679887011647224,woman & synonyms
27,ALPINISTA,MOUNTAINEEPER,0.243294671177864,0.2169662415981292,0.2573597729206085,person & synonyms
28,ALTLETA,ATHLETE,0.2129014879465103,0.2057040482759475,0.3147634267807007,person & synonyms
29,ALUNNA,STUDENT,0.1980960369110107,0.1806775331497192,0.2092483937740326,person & synonyms
30,ALUNNO,STUDENT,0.1980960369110107,0.1806775331497192,0.2092483937740326,person & synonyms
31,AMANTE,LOVER,0.226572036743164,0.2211202532052993,0.2205054610967636,man & synonyms
32,AMICA,FRIEND,0.1872742176055908,0.1746947914361953,0.1754902750253677,man & synonyms
33,AMICO,FRIEND,0.1872742176055908,0.1746947914361953,0.1754902750253677,man & synonyms
34,AMMAESTRATORE DI COCORITE,TRAINER OF PAROKETS,0.1797585636377334,0.1490869522094726,0.2844699025154114,person & synonyms
35,AMMINISTRATORE,ADMINISTRATOR,0.1537074446678161,0.2237715721130371,0.1581734120845794,woman & synonyms
36,AMMINISTRATRICE,ADMINISTRATOR,0.1537074446678161,0.2237715721130371,0.1581734120845794,woman & synonyms
37,AMMINISTRATRICE DI CASA,HOUSE ADMINISTRATOR,0.1613455712795257,0.1791137754917144,0.1325098872184753,woman & synonyms
38,AMMINISTRATRICE DI CONDOMINIO,CONDOMINIUM ADMINISTRATOR,0.187721312046051,0.2283380031585693,0.153056114912033,woman & synonyms
39,ANALISTA,ANALYST,0.1080390214920044,0.1759792864322662,0.168254017829895,woman & synonyms
40,ANESTESISTA,ANESTHETIST,0.0996081084012985,0.1463276296854019,0.2162475287914276,person & synonyms
41,ANIMALISTA,ANIMALIST,0.2672111392021179,0.2260179072618484,0.3138113915920257,person & synonyms
42,ANIMATORE,ANIMATOR,0.1506662517786026,0.2117121368646621,0.2545184791088104,person & synonyms
43,APICOLTORE,BEEKEEPER,0.1872597187757492,0.2321209609508514,0.3164400458335876,person & synonyms
44,APPROFITTATORE,BENEFITER,0.1520788818597793,0.147204965353012,0.1933125108480453,person & synonyms
45,ARBITRO,REFEREE,0.0996056124567985,0.1432643085718155,0.1863905191421508,person & synonyms
46,ARCHEOLOGA,ARCHAEOLOGIST,0.0761350244283676,0.1505842208862304,0.2570281624794006,person & synonyms
47,ARCHEOLOGO,ARCHAEOLOGIST,0.0761350244283676,0.1505842208862304,0.2570281624794006,person & synonyms
48,ARCHITETTO,ARCHITECT,0.15371635556221,0.1722265630960464,0.2691841721534729,person & synonyms
49,ARCHITETTRICE,ARCHITECT,0.15371635556221,0.1722265630960464,0.2691841721534729,person & synonyms
50,ARREDARE CASA,FURNISH HOME,0.1099651455879211,0.082200601696968,0.0985010638833046,man & synonyms
51,ARREDATORE,FURNISHER,0.2455797642469406,0.1722344160079956,0.296359121799469,person & synonyms
52,ARREDATRICE,FURNISHER,0.2455797642469406,0.1722344160079956,0.296359121799469,person & synonyms
53,ARROTINA,GRINDER,0.1264448314905166,0.0855182036757469,0.1402902454137802,person & synonyms
54,ARTIGIANA,ARTISAN,0.1310209482908249,0.1561686694622039,0.2038595676422119,person & synonyms
55,ARTIGIANO,ARTISAN,0.1310209482908249,0.1561686694622039,0.2038595676422119,person & synonyms
56,ARTISTA,ARTIST,0.1435664147138595,0.1916421502828598,0.2502430379390716,person & synonyms
57,ASCOLTARE,TO LISTEN,0.1470838040113449,0.111254371702671,0.1368335038423538,man & synonyms
58,ASCOLTATORE,LISTENER,0.1615214645862579,0.1681884825229644,0.3023615777492523,person & synonyms
59,ASCOLTATRICE,LISTENER,0.1615214645862579,0.1681884825229644,0.3023615777492523,person & synonyms
60,ASSESSORA,COUNCILOR,0.2786274552345276,0.2040165215730667,0.3100685477256775,person & synonyms
61,ASSESSORE,COUNCILOR,0.2786274552345276,0.2040165215730667,0.3100685477256775,person & synonyms
62,ASSICURATRICE,INSURER,0.1535907089710235,0.1525874733924865,0.1535065323114395,man & synonyms
63,ASSISTENTE,ASSISTANT,0.1611203253269195,0.2144617885351181,0.2145842909812927,person & synonyms
64,ASSISTENTE SOCIALE,SOCIAL WORKER,0.1869728118181228,0.220392644405365,0.248186245560646,person & synonyms
65,ASTROFISICA,ASTROPHYSICS,0.0922855362296104,0.0471008233726024,0.0720234289765358,man & synonyms
66,ASTRONAUTA,ASTRONAUT,0.2010104805231094,0.1976344436407089,0.2808208763599396,person & synonyms
67,ATLETA,ATHLETE,0.2129014879465103,0.2057040482759475,0.3147634267807007,person & synonyms
68,ATTORE,ACTOR,0.1932001560926437,0.1781399995088577,0.2332731634378433,person & synonyms
69,ATTORE DI PROSA,PROSE ACTOR,0.1280349344015121,0.1143739819526672,0.1324628442525863,person & synonyms
70,ATTRICE,ACTOR,0.1932001560926437,0.1781399995088577,0.2332731634378433,person & synonyms
71,AUTISTA,DRIVER,0.1750851720571518,0.1601931452751159,0.2600376605987549,person & synonyms
72,AUTOMOBILISTA,MOTORIST,0.171119287610054,0.2174653857946396,0.3181109428405761,person & synonyms
73,AUTORE,AUTHOR,0.1038343012332916,0.1346589624881744,0.217990294098854,person & synonyms
74,AVVITARE,SCREW,0.0994816794991493,0.1112685203552246,0.0952672436833381,woman & synonyms
75,AVVOCATO,LAWYER,0.0952922329306602,0.1673585027456283,0.1766705811023712,person & synonyms
76,BABBO,DAD,0.3448513448238373,0.2122259587049484,0.2209741473197937,man & synonyms
77,BABY SITTER,BABY SITTER,0.1579601913690567,0.2115918397903442,0.2465407848358154,person & synonyms
78,BACIATRICE,KISSER,0.2258152812719345,0.2704092860221863,0.3165169358253479,person & synonyms
79,BADANTE,CAREGIVER,0.1493399888277053,0.2580564618110657,0.237895667552948,woman & synonyms
80,BAGNINA,LIFEGUARD,0.1347427070140838,0.1624429523944854,0.2947708666324615,person & synonyms
81,BAGNINO,LIFEGUARD,0.1347427070140838,0.1624429523944854,0.2947708666324615,person & synonyms
82,BALLARE,DANCE,0.1244528740644455,0.1386585235595703,0.1118440479040145,woman & synonyms
83,BALLERINA,DANCER,0.170904591679573,0.2543534934520721,0.2634160816669464,person & synonyms
84,BALLERINO,DANCER,0.170904591679573,0.2543534934520721,0.2634160816669464,person & synonyms
85,BAMBINA,BABY,0.1549099087715149,0.1736472100019455,0.1929637342691421,person & synonyms
86,BAMBINO,BABY,0.1549099087715149,0.1736472100019455,0.1929637342691421,person & synonyms
87,BANCARIA,BANKING,0.1161046102643013,0.1295442581176757,0.0747054889798164,woman & synonyms
88,BANCARIO,BANKING,0.1161046102643013,0.1295442581176757,0.0747054889798164,woman & synonyms
89,BARBIERE,BARBER SHOP,0.1966669559478759,0.1478629410266876,0.1618604362010955,man & synonyms
90,BARISTA,BARTENDER,0.1355735510587692,0.218650072813034,0.2811359763145447,person & synonyms
91,BARZELLETTIERE,BARZELLETTERE,0.1763768345117569,0.164652943611145,0.1679514348506927,man & synonyms
92,BELLA,NICE,0.1844085752964019,0.1507560610771179,0.1000020056962966,man & synonyms
93,BELLO,NICE,0.1844085752964019,0.1507560610771179,0.1000020056962966,man & synonyms
94,BENZINAIA,GAS STATION,0.083679087460041,0.121079683303833,0.1106061041355133,woman & synonyms
95,BENZINAIO,GAS STATION,0.083679087460041,0.121079683303833,0.1106061041355133,woman & synonyms
96,BIDELLA,JANITOR,0.2105741500854492,0.1895839124917984,0.3123188316822052,person & synonyms
97,BIDELLO,JANITOR,0.2105741500854492,0.1895839124917984,0.3123188316822052,person & synonyms
98,BIMBA,CHILD,0.1987058371305465,0.1570654660463333,0.1691968739032745,man & synonyms
99,BIMBO,CHILD,0.1987058371305465,0.1570654660463333,0.1691968739032745,man & synonyms
100,BIOLOGA,BIOLOGIST,0.1335486024618148,0.187389925122261,0.2425415813922882,person & synonyms
101,BOCCHINARA,MOUTHPIECE,0.127730131149292,0.1542463600635528,0.219501718878746,person & synonyms
102,BRAV'UOMO,GOOD MAN,0.1630418747663498,0.1025823727250099,0.0421430021524429,man & synonyms
103,BRAVA,GOOD BOY,0.1630418747663498,0.1025823727250099,0.0421430021524429,man & synonyms
104,BRAVA PERSONA,GOOD PERSON,0.1630418747663498,0.1025823727250099,0.0421430021524429,man & synonyms
105,BRAVO,GOOD BOY,0.1630418747663498,0.1025823727250099,0.0421430021524429,man & synonyms
106,BRICOLEUR,BRICOLEUR,0.1374768018722534,0.1341322362422943,0.1316671818494796,man & synonyms
107,BRICOLEUSE,BRICOLEUR,0.1374768018722534,0.1341322362422943,0.1316671818494796,man & synonyms
108,BRICOMEN,BRICOLEUR,0.1374768018722534,0.1341322362422943,0.1316671818494796,man & synonyms
109,BRUTTO,UGLY,0.0420523546636104,0.0654217079281807,0.0756134986877441,person & synonyms
110,BUGIARDA,YOU LIAR,0.2082663923501968,0.1992150098085403,0.3605930209159851,person & synonyms
111,BUONA,GOOD,0.1630418747663498,0.1025823727250099,0.0421430021524429,man & synonyms
112,CACCIATORE,SOCCER PLAYER,0.222828060388565,0.2591765522956848,0.2857288122177124,person & synonyms
113,CACCIATRICE,SOCCER PLAYER,0.222828060388565,0.2591765522956848,0.2857288122177124,person & synonyms
114,CAGACAZZI,FUCKS,0.1696543246507644,0.1617481112480163,0.0364016778767108,man & synonyms
115,CALCIATORE,SOCCER PLAYER,0.222828060388565,0.2591765522956848,0.2857288122177124,person & synonyms
116,CALCIATRICE,SOCCER PLAYER,0.222828060388565,0.2591765522956848,0.2857288122177124,person & synonyms
117,CALCOLATORE,COMPUTER,0.1175974160432815,0.1466774493455886,0.1622727960348129,person & synonyms
118,CAMBIARE LAMPADINE,CHANGE LIGHT BULBS,0.0437004305422306,0.058205347508192,0.1060336977243423,person & synonyms
119,CAMBIARE LE LAMPADINE,CHANGE LIGHT BULBS,0.0437004305422306,0.058205347508192,0.1060336977243423,person & synonyms
120,CAMERIERA,WAITER,0.1980354934930801,0.2070976942777633,0.2768832743167877,person & synonyms
121,CAMERIERE,WAITER,0.1980354934930801,0.2070976942777633,0.2768832743167877,person & synonyms
122,CAMIONISTA,TRUCK DRIVER,0.200649008154869,0.1867042779922485,0.2156106233596801,person & synonyms
123,CANTANTE,SINGER,0.1631902009248733,0.2428351044654846,0.2793911099433899,person & synonyms
124,CANTARE,SING,0.0465119890868663,0.0478168986737728,0.0597547516226768,person & synonyms
125,CANTORE,SINGER,0.1631902009248733,0.2428351044654846,0.2793911099433899,person & synonyms
126,CAPO,HEAD,0.1501093804836273,0.1445881724357605,0.2364464402198791,person & synonyms
127,CAPO OFFICINA,WORKSHOP HEAD,0.1230390146374702,0.1499228328466415,0.1795090436935424,person & synonyms
128,CAPO PROGETTO,PROJECT LEADER,0.036569993942976,0.0459530428051948,0.0847886055707931,person & synonyms
129,CAPOFAMIGLIA,HOUSEHOLDER,0.2694109082221985,0.2404716610908508,0.3626057803630829,person & synonyms
130,CARABINIERE,CARABINIER,0.1528651714324951,0.0976626351475715,0.2338349521160125,person & synonyms
131,CARDIOLOGA,CARDIOLOGIST,0.1793552041053772,0.1774222552776336,0.1990965455770492,person & synonyms
132,CARPENTIERE,CARPENTER,0.2278905659914016,0.1694261729717254,0.3344996571540832,person & synonyms
133,CARPENTIERIE,CARPENTER,0.2278905659914016,0.1694261729717254,0.3344996571540832,person & synonyms
134,CASALINGA,HOMEMADE,0.0539823547005653,0.0872364938259124,0.1405186802148819,person & synonyms
135,CASALINGO,HOMEMADE,0.0539823547005653,0.0872364938259124,0.1405186802148819,person & synonyms
136,CASINISTA,CASINIST,0.209348052740097,0.1500305384397506,0.1965193152427673,man & synonyms
137,CASSIERE,CASHIER,0.1535015255212783,0.1496471315622329,0.2203414738178253,person & synonyms
138,CAVALIERE,KNIGHT,0.2852875888347626,0.1808255314826965,0.1665565967559814,man & synonyms
139,CESTISTA,BASKETBALL PLAYER,0.2023741006851196,0.231201946735382,0.2564738988876343,person & synonyms
140,CHE CONTRIBUISCE  ALLA VITA QUOTIDIANA,THAT CONTRIBUTES TO EVERYDAY LIFE,0.1059126704931259,0.1421286165714264,0.1602715253829956,person & synonyms
141,CHEF,CHEF,0.1696849912405014,0.1717572659254074,0.1932572424411773,person & synonyms
142,CHIACCHIERONA,CHATTERY,0.1283511519432068,0.1130340099334716,0.1606786698102951,person & synonyms
143,CHIACCHIERONE,CHATTERY,0.1283511519432068,0.1130340099334716,0.1606786698102951,person & synonyms
144,CHIRURGO,SURGEON,0.1937091052532196,0.2009357810020446,0.2312385290861129,person & synonyms
145,CHITARRISTA,GUITARIST,0.2324331402778625,0.2438154518604278,0.2932987213134765,person & synonyms
146,CICCIONE,FAT,0.0971199348568916,0.0368344634771347,0.0992057099938392,person & synonyms
147,CICLISTA,CYCLIST,0.1533894538879394,0.2144747674465179,0.2984127998352051,person & synonyms
148,CITTADINA,CITIZEN,0.1793079525232315,0.2018654942512512,0.1787687093019485,woman & synonyms
149,CITTADINO,CITIZEN,0.1793079525232315,0.2018654942512512,0.1787687093019485,woman & synonyms
150,CLIENTE,CUSTOMER,0.2603503465652466,0.2279097735881805,0.2239736765623092,man & synonyms
151,COGLIONE,ASSHOLE,0.231088250875473,0.133997306227684,0.1325424015522003,man & synonyms
152,COGNATA,BROTHER IN LAW,0.3244759440422058,0.1794318854808807,0.1671664416790008,man & synonyms
153,COGNATO,BROTHER IN LAW,0.3244759440422058,0.1794318854808807,0.1671664416790008,man & synonyms
154,COINQUILINA,ROOMMATE,0.1677554994821548,0.1687855869531631,0.2196133881807327,person & synonyms
155,COINQUILINO,ROOMMATE,0.1677554994821548,0.1687855869531631,0.2196133881807327,person & synonyms
156,COLLABORARE ALLA STESURA DELL'OPERA,COLLABORATE IN THE DRAFTING OF THE WORK,0.1006954088807106,0.0868937075138092,0.0824699401855468,man & synonyms
157,COLLABORATORE,COLLABORATOR,0.1272332668304443,0.1303044855594635,0.1673362702131271,person & synonyms
158,COLLABORATORE IN CASA,HOME COLLABORATOR,0.0884572565555572,0.0621615722775459,0.0374328605830669,man & synonyms
159,COLLABORATORE PER LE FACCENDE DI CASA,COLLABORATOR FOR HOUSEWORK,0.1342980712652206,0.1508052349090576,0.1737888157367706,person & synonyms
160,COLLABORATRICE,COLLABORATOR,0.1272332668304443,0.1303044855594635,0.1673362702131271,person & synonyms
161,COLLEGA,COLLEAGUE,0.2109825313091278,0.2011895477771759,0.2622786462306976,person & synonyms
162,COMICA,COMIC,0.1428520083427429,0.1840606331825256,0.228380486369133,person & synonyms
163,COMICO,COMIC,0.1428520083427429,0.1840606331825256,0.228380486369133,person & synonyms
164,COMMERCIALISTA,BUSINESS CONSULTANT,0.1594578623771667,0.1754596829414367,0.0615194961428642,woman & synonyms
165,COMMERCIANTE,MERCHANT,0.1852857172489166,0.2114305198192596,0.2389117181301117,person & synonyms
166,COMMESSA,SHOP ASSISTANT,0.120729811489582,0.1129631623625755,0.1009570956230163,man & synonyms
167,COMMESSO,SHOP ASSISTANT,0.120729811489582,0.1129631623625755,0.1009570956230163,man & synonyms
168,COMMISSARIA,COMMISSIONER,0.1596694737672805,0.1723559200763702,0.1514550298452377,woman & synonyms
169,COMMITTENTE,CLIENT,0.2455049902200698,0.1816119700670242,0.2004614323377609,man & synonyms
170,COMPAGNA,COMPANY,0.1807036250829696,0.1921615898609161,0.0868394300341606,woman & synonyms
171,COMPAGNA DI LAVORO,WORK COMPANION,0.02963387966156,0.0728847086429596,0.1479787230491638,person & synonyms
172,COMPAGNA DI STUDI,STUDENT COMPANION,0.2150314152240753,0.202113538980484,0.2400988787412643,person & synonyms
173,COMPAGNA DI VITA,LIFE PARTNER,0.1030097752809524,0.19157575070858,0.1887386888265609,woman & synonyms
174,COMPAGNO,COMPANY,0.1807036250829696,0.1921615898609161,0.0868394300341606,woman & synonyms
175,COMPAGNO DI VITA,LIFE PARTNER,0.1030097752809524,0.19157575070858,0.1887386888265609,woman & synonyms
176,COMPETENTE,QUALIFIED,0.136920541524887,0.1266006231307983,0.1001278907060623,man & synonyms
177,COMPLICE,PARTNER IN CRIME,0.190582275390625,0.2298406958580017,0.1882478892803192,woman & synonyms
178,CON CARLA,WITH CARLA,0.1769794225692749,0.2467070519924163,0.203480839729309,woman & synonyms
179,CON GLI AMICI,WITH FRIENDS,0.1928592026233673,0.1468062400817871,0.1773726493120193,man & synonyms
180,CON GLI ANIMALI,WITH ANIMALS,0.1227407976984977,0.1203085631132125,0.1208246946334838,man & synonyms
181,CON I BAMBINI,WITH THE CHILDREN,0.1989024579524994,0.1546821445226669,0.1466111689805984,man & synonyms
182,CON I FIGLI,WITH CHILDREN,0.1963135749101638,0.1366257965564727,0.1460027545690536,man & synonyms
183,CON LA FAMIGLIA,WITH THE FAMILY,0.1769378185272216,0.1662742793560028,0.113267570734024,man & synonyms
184,CONDOTTIERO,LEADER,0.2591962516307831,0.2131709903478622,0.2180457115173339,man & synonyms
185,CONDUCENTE,DRIVER,0.1750851720571518,0.1601931452751159,0.2600376605987549,person & synonyms
186,CONDUTTORE,CONDUCTOR,0.1525531411170959,0.1697253882884979,0.239395260810852,person & synonyms
187,CONIUGE,SPOUSE,0.2135456800460815,0.2655835747718811,0.1872165650129318,woman & synonyms
188,CONSIGLIERA,COUNSELOR,0.1627981215715408,0.1633762568235397,0.2230261415243148,person & synonyms
189,CONSIGLIERE,COUNSELOR,0.1627981215715408,0.1633762568235397,0.2230261415243148,person & synonyms
190,CONSORTE,WIFE,0.2607835233211517,0.405921995639801,0.1580473035573959,woman & synonyms
191,CONSULENTE,CONSULTANT,0.1636558920145034,0.1604579240083694,0.1789653450250625,person & synonyms
192,CONTABILE,ACCOUNTANT,0.1507810801267624,0.2096328884363174,0.1742809414863586,woman & synonyms
193,CONTADINO,FARMER,0.1679789423942566,0.215810552239418,0.2712597548961639,person & synonyms
194,CONTRALTO,ALTO,0.1919161826372146,0.1915925741195678,0.1416079401969909,man & synonyms
195,CONVIVENTE,COhabitant,0.1469660997390747,0.2242935597896576,0.1686567664146423,woman & synonyms
196,COORDINATRICE,COORDINATOR,0.1675442159175872,0.1988618969917297,0.2942968010902405,person & synonyms
197,COPILOTA,CO-PILOT,0.1456862390041351,0.1963820159435272,0.2507825791835785,person & synonyms
198,CORISTA,CHOIR,0.0892195478081703,0.0680871978402137,0.063740074634552,man & synonyms
199,CORRERE,RUN,0.0583146475255489,0.0880125910043716,0.1854983121156692,person & synonyms
200,CORRIDORE,RUNNER,0.1544429063796997,0.1521451473236084,0.2937771081924438,person & synonyms
201,COSTRUTTORE,BUILDER,0.2003742605447769,0.1707868576049804,0.282484620809555,person & synonyms
202,CREATURA,CREATURE,0.1660485416650772,0.1586660295724868,0.2024050951004028,person & synonyms
203,CRISTIANA,CHRISTIAN,0.1581142544746399,0.1674985885620117,0.2366328537464141,person & synonyms
204,CRISTIANACCIO,CRISTIAN CHRISTIANS,0.1705793291330337,0.1782888323068618,0.2440554201602935,person & synonyms
205,CRISTIANO,CHRISTIAN,0.1581142544746399,0.1674985885620117,0.2366328537464141,person & synonyms
206,CRISTO,CHRIST,0.2467787563800811,0.1881214827299118,0.2968949675559997,person & synonyms
207,CUCINARE,TO COOK,0.1176536083221435,0.1234755218029022,0.14155875146389,person & synonyms
208,CUCINARE L'ARROSTO,COOKING THE ROAST,0.0346533022820949,0.0748668387532234,0.0712237954139709,woman & synonyms
209,CUCINIERA,COOK,0.0667866468429565,0.0981231927871704,0.1302181631326675,person & synonyms
210,CUGINA,COUSIN,0.1403169333934784,0.2105305194854736,0.161026194691658,woman & synonyms
211,CUGINO,COUSIN,0.1403169333934784,0.2105305194854736,0.161026194691658,woman & synonyms
212,CUOCA,COOK,0.0667866468429565,0.0981231927871704,0.1302181631326675,person & synonyms
213,CUOCO,COOK,0.0667866468429565,0.0981231927871704,0.1302181631326675,person & synonyms
214,DANZATRICE,DANCER,0.170904591679573,0.2543534934520721,0.2634160816669464,person & synonyms
215,DARSI DA FARE,GET TO DO,0.1017081663012504,0.1199209690093994,0.1803938448429107,person & synonyms
216,DATORE DI LAVORO,EMPLOYER,0.2096671164035797,0.2292277216911316,0.2336319088935852,person & synonyms
217,DATTILOGRAFA,TYPIST,0.1968954056501388,0.1906452775001526,0.2690736949443817,person & synonyms
218,DECORATRICE,DECORATOR,0.1193537935614585,0.1395216286182403,0.237026959657669,person & synonyms
219,DENTISTA,DENTIST,0.1994815170764923,0.226881593465805,0.2363335490226745,person & synonyms
220,DESIGNER,DESIGNER,0.1324539631605148,0.1500098556280136,0.209860697388649,person & synonyms
221,DETECTIVE,DETECTIVES,0.11544019728899,0.1241806745529174,0.1985052824020385,person & synonyms
222,DETERMINATA,DETERMINED,-0.0004113092727493,-0.0169005375355482,0.0421531051397323,person & synonyms
223,DIAVOLO,DEVIL,0.1320228427648544,0.0875209718942642,0.1560850739479065,person & synonyms
224,DIETOLOGO,DIETICIAN,0.1070563346147537,0.1585232466459274,0.2080584168434143,person & synonyms
225,DIPENDENTE,EMPLOYEE,0.2279536873102188,0.2002274096012115,0.2568566799163818,person & synonyms
226,DIPINGERE,PAINT,0.0841160416603088,0.141666904091835,0.1723977625370025,person & synonyms
227,DIRETTORE,DIRECTOR,0.1509694755077362,0.1690394878387451,0.1480555832386016,woman & synonyms
228,DIRETTRICE,DIRECTOR,0.1509694755077362,0.1690394878387451,0.1480555832386016,woman & synonyms
229,DIRIGENTE,EXECUTIVE,0.15956412255764,0.1837318390607834,0.1280330121517181,woman & synonyms
230,DISEGNARE,DRAW,0.0575213879346847,0.1089875549077987,0.1448729634284973,person & synonyms
231,DISEGNATORE,DESIGNER,0.1324539631605148,0.1500098556280136,0.209860697388649,person & synonyms
232,DISEGNATRICE,DESIGNER,0.1324539631605148,0.1500098556280136,0.209860697388649,person & synonyms
233,DISOCCUPATO,UNEMPLOYED,0.1137123554944992,0.1421133279800415,0.1453123986721038,person & synonyms
234,DISORDINATO,MESSY,0.1431100666522979,0.140616238117218,0.1661415994167328,person & synonyms
235,DISPONIBILE,AVAILABLE,-0.0037462988402694,0.0562745817005634,0.0677771642804145,person & synonyms
236,DIVULGATORE,RELEASER,0.1486626863479614,0.1132750958204269,0.2211036086082458,person & synonyms
237,DJ,DJs,0.1797510534524917,0.1853018999099731,0.2419590651988983,person & synonyms
238,DOCENTE,PROFESSOR,0.1972515285015106,0.214677631855011,0.2353645116090774,person & synonyms
239,DOLCE,SWEET,0.084768995642662,0.1389650106430053,0.0655253604054451,woman & synonyms
240,DOMESTICA,DOMESTIC,0.1893180906772613,0.2310095876455307,0.2444638162851333,person & synonyms
241,DOMESTICO,DOMESTIC,0.1893180906772613,0.2310095876455307,0.2444638162851333,person & synonyms
242,DONNA,WOMAN,0.294408768415451,0.5574634075164795,0.2022051960229873,woman & synonyms
243,DONNA DI CASA,WOMAN OF THE HOUSE,0.294408768415451,0.5574634075164795,0.2022051960229873,woman & synonyms
244,DONNAIOLO,PLAY BOY,0.1098948493599891,0.1349598616361618,0.152644544839859,person & synonyms
245,DORMIGLIONE,SLEEPYLONE,0.2102489620447158,0.1164720132946968,0.1868777871131897,man & synonyms
246,DORMIRE,SLEEP,0.0406855680048465,0.0553557910025119,0.076892539858818,person & synonyms
247,DOTTORE,DOCTOR,0.1160498335957527,0.1173256263136863,0.1336673200130462,person & synonyms
248,DOTTORESSA,DOCTOR,0.1160498335957527,0.1173256263136863,0.1336673200130462,person & synonyms
249,DRIVER,DRIVERS,0.1775456517934799,0.1645086854696273,0.2439470142126083,person & synonyms
250,ECCELLENTE,EXCELLENT,0.1610063463449478,0.0910545140504837,0.0534387603402137,man & synonyms
251,EDUCATORE,EDUCATOR,0.1791726350784301,0.2395086735486984,0.2770259380340576,person & synonyms
252,EDUCATRICE,EDUCATOR,0.1791726350784301,0.2395086735486984,0.2770259380340576,person & synonyms
253,EFFICIENTE,EFFICIENT,-0.0055405870079994,0.0386115163564682,0.0832391381263732,person & synonyms
254,EGOISTA,SELFISH,0.0619922652840614,0.1300742924213409,0.2527750134468078,person & synonyms
255,ELEMENTO,ELEMENT,0.0661522448062896,0.0436226315796375,0.086080364882946,person & synonyms
256,ELETTRAUTO,CAR ELECTRIC,0.102534644305706,0.121507428586483,0.0977487340569496,woman & synonyms
257,ELETTRICISTA,ELECTRICIAN,0.2039228975772857,0.2349233031272888,0.2687999010086059,person & synonyms
258,ESCORT,ESCORT,0.1907181292772293,0.1523381620645523,0.2222363650798797,person & synonyms
259,ESPERTO,EXPERT,0.1591916382312774,0.1858763694763183,0.1977058947086334,person & synonyms
260,ESSERE,TO BE,0.107714906334877,0.1071626171469688,0.1205832064151763,person & synonyms
261,ESSERE UMANO,HUMAN BEING,0.2858924865722656,0.238417774438858,0.2994343042373657,person & synonyms
262,ESSERE VIVENTE,LIVING BEING,0.0617716684937477,0.1698043346405029,0.195073589682579,person & synonyms
263,ESTETISTA,BEAUTICIAN,0.126112550497055,0.2107705473899841,0.2299811989068985,person & synonyms
264,FABBRO,BLACKSMITH,0.1926860213279724,0.1584529131650924,0.2735461592674255,person & synonyms
265,FACCENDIERE,CLERK,0.1409271210432052,0.1678159385919571,0.2065201103687286,person & synonyms
266,FACCHINO,PORTER,0.1390232890844345,0.1417291015386581,0.1846256703138351,person & synonyms
267,FACTOTUM,FACTOTUM,0.191274881362915,0.1629775017499923,0.2710694968700409,person & synonyms
268,FAI DA TE,DO-IT-YOURSELF,0.205332264304161,0.1085939705371856,0.1483284831047058,man & synonyms
269,FALEGNAME,CARPENTER,0.2278905659914016,0.1694261729717254,0.3344996571540832,person & synonyms
270,FANCAZZISTA,WONDERFUL,0.0488203577697277,0.0747967585921287,0.0055388747714459,woman & synonyms
271,FANCIULLA,CHILD,0.1987058371305465,0.1570654660463333,0.1691968739032745,man & synonyms
272,FANCIULLO,CHILD,0.1987058371305465,0.1570654660463333,0.1691968739032745,man & synonyms
273,FANNULLONE,LAUGHTER,0.0598426461219787,0.0859326347708702,0.0903501436114311,person & synonyms
274,FARE COSE ANCHE MASCHILI,DOING MALE THINGS TOO,0.0943252593278884,0.1091044917702674,0.0949971452355384,woman & synonyms
275,FARE DOLCI,MAKING SWEETS,0.0789414122700691,0.0767090022563934,0.1269549429416656,person & synonyms
276,FARE I COMPITI,DOING HOMEWORK,0.0943252593278884,0.1091044917702674,0.0949971452355384,woman & synonyms
277,FARE I CONTI,MAKE THE ACCOUNTS,0.0919500291347503,0.0863018780946731,0.1198507323861122,person & synonyms
278,FARE LA SPESA,DO THE SHOPPING,0.1001696437597274,0.1018532291054725,0.0762131959199905,woman & synonyms
279,FARE LAVORI PESANTI,DO HEAVY WORK,0.1001696437597274,0.1018532291054725,0.0762131959199905,woman & synonyms
280,FARE LE FACCENDE DI CASA,DO THE HOUSE CHORES,0.1001696437597274,0.1018532291054725,0.0762131959199905,woman & synonyms
281,FARE LE FACCENDE DOMESTICHE,DO THE HOUSEWORK,0.1001696437597274,0.1018532291054725,0.0762131959199905,woman & synonyms
282,FARE LE PULIZIE,DO THE CLEANING,0.1001696437597274,0.1018532291054725,0.0762131959199905,woman & synonyms
283,FARE PICCOLE RIPARAZIONI,MAKE MINOR REPAIRS,0.0919500291347503,0.0863018780946731,0.1198507323861122,person & synonyms
284,FARE PICCOLI LAVORI DOMESTICI,DO SMALL HOUSEHOLD WORK,0.1001696437597274,0.1018532291054725,0.0762131959199905,woman & synonyms
285,FARE TUTTO,DO EVERYTHING,0.1001696437597274,0.1018532291054725,0.0762131959199905,woman & synonyms
286,FARMACISTA,PHARMACIST,0.1069838851690292,0.1617698669433593,0.199492871761322,person & synonyms
287,FARMI SENTIRE BENE,MAKE ME FEEL GOOD,0.0919500291347503,0.0863018780946731,0.1198507323861122,person & synonyms
288,FATTORINO,DELIVERY MAN,0.1927721053361892,0.1489764004945755,0.1469748467206955,man & synonyms
289,FESSO,FOOL,0.1413459330797195,0.1038793250918388,0.1220242530107498,man & synonyms
290,FIDANZATA,FIANCÉ,0.1829450577497482,0.1896306723356247,0.212564617395401,person & synonyms
291,FIDANZATO,FIANCÉ,0.1829450577497482,0.1896306723356247,0.212564617395401,person & synonyms
292,FIGA,SOUNDS COOL,0.0951601713895797,0.0862231403589248,0.0882876068353653,man & synonyms
293,FIGLIA,SON,0.353117287158966,0.1480603665113449,0.2096704989671707,man & synonyms
294,FIGLIO,SON,0.353117287158966,0.1480603665113449,0.2096704989671707,man & synonyms
295,FIGLIOLA,SON,0.353117287158966,0.1480603665113449,0.2096704989671707,man & synonyms
296,FIGLIOLO,SON,0.353117287158966,0.1480603665113449,0.2096704989671707,man & synonyms
297,FIGO,SOUNDS COOL,0.0951601713895797,0.0862231403589248,0.0882876068353653,man & synonyms
298,FIORAIA,FLOWER SHOP,0.1099323779344558,0.1688253879547119,0.0787093937397003,woman & synonyms
299,FIORAIO,FLOWER SHOP,0.1099323779344558,0.1688253879547119,0.0787093937397003,woman & synonyms
300,FISIATRA,PHYSIATRIC,0.1309699416160583,0.135001078248024,0.2383512258529663,person & synonyms
301,FORNAIO,BAKER,0.1817184090614318,0.2227707505226135,0.2517961263656616,person & synonyms
302,FOTOGRAFA,I PHOTOGRAPH,0.1144267991185188,0.1244462355971336,0.1419802904129028,person & synonyms
303,FOTOGRAFO,I PHOTOGRAPH,0.1144267991185188,0.1244462355971336,0.1419802904129028,person & synonyms
304,FRATELLO,BROTHER,0.3790175318717956,0.173071414232254,0.1715597212314605,man & synonyms
305,FREELANCE,FREELANCE,0.0800870582461357,0.1640560775995254,0.1925673931837082,person & synonyms
306,FRUTTIVENDOLA,GREENGROCER,0.138490229845047,0.1780823469161987,0.2223557233810424,person & synonyms
307,FRUTTIVENDOLO,GREENGROCER,0.138490229845047,0.1780823469161987,0.2223557233810424,person & synonyms
308,FUMETTISTA,CARTOONIST,0.2226697951555252,0.2694944143295288,0.3567453920841217,person & synonyms
309,FUNZIONARIO,OFFICER,0.2179872840642929,0.1328858882188797,0.1818072646856308,man & synonyms
310,FURBO,CUNNING,0.1192570999264717,0.1124678030610084,0.0700414329767227,man & synonyms
311,GELATAIA,ICE CREAM MAN,0.0472402423620224,0.0786532759666442,0.0891487076878547,person & synonyms
312,GELATAIO,ICE CREAM MAN,0.0472402423620224,0.0786532759666442,0.0891487076878547,person & synonyms
313,GENERO,SON IN LAW,0.2115366458892822,0.1339026689529419,0.1581796258687973,man & synonyms
314,GENEROSA,GENEROUS,0.1574624478816986,0.1781167089939117,0.198280319571495,person & synonyms
315,GENEROSO,GENEROUS,0.1574624478816986,0.1781167089939117,0.198280319571495,person & synonyms
316,GENITORE,PARENT,0.1547074317932129,0.1638820618391037,0.1898633986711502,person & synonyms
317,GENTILUOMO,GENTLEMAN,0.4403697252273559,0.2853496670722961,0.2558327615261078,man & synonyms
318,GENTLEMEN,GENTLEMAN,0.4403697252273559,0.2853496670722961,0.2558327615261078,man & synonyms
319,GEOLOGO,GEOLOGIST,0.1484578996896743,0.2000612467527389,0.1960873305797577,woman & synonyms
320,GEOMETRA,SURVEYOR,0.1568578332662582,0.151800200343132,0.2477665692567825,person & synonyms
321,GESTIRE LAVORO E FAMIGLIA,MANAGING WORK AND FAMILY,0.0549476705491542,0.0758440792560577,0.1102532148361206,person & synonyms
322,GESTIRE LE SITUAZIONI,MANAGING SITUATIONS,0.0342822186648845,0.0758642181754112,0.0993705242872238,person & synonyms
323,GIARDINIERA,GARDENER,0.146982729434967,0.1593218296766281,0.2540084719657898,person & synonyms
324,GIARDINIERE,GARDENER,0.146982729434967,0.1593218296766281,0.2540084719657898,person & synonyms
325,GINECOLOGA,GYNECOLOGIST,0.2250882685184478,0.3212024569511413,0.1797642707824707,woman & synonyms
326,GINECOLOGO,GYNECOLOGIST,0.2250882685184478,0.3212024569511413,0.1797642707824707,woman & synonyms
327,GIOCARE,TO PLAY,0.1469324827194214,0.1450336277484893,0.1797877103090286,person & synonyms
328,GIOCARE A TENNIS,PLAY TENNIS,0.1098948493599891,0.1349598616361618,0.152644544839859,person & synonyms
329,GIOCATORE,PLAYER,0.2087768912315368,0.2485734671354293,0.2985908389091491,person & synonyms
330,GIOCATORE DI TENNIS,PLAY TENNIS,0.1098948493599891,0.1349598616361618,0.152644544839859,person & synonyms
331,GIOCATRICE,PLAYER,0.2087768912315368,0.2485734671354293,0.2985908389091491,person & synonyms
332,GIOCATRICE DI GOLF,GOLF PLAYER,0.1796383708715438,0.2114561796188354,0.2092726379632949,woman & synonyms
333,GIOCHERELLONA,PLAYFUL,0.1410918235778808,0.1609240025281906,0.2412761151790619,person & synonyms
334,GIOCOLIERE,JUGGLER,0.1469311863183975,0.1970394700765609,0.3731938004493713,person & synonyms
335,GIORNALISTA,JOURNALIST,0.0796393156051635,0.1904304176568985,0.2114070802927017,person & synonyms
336,GIOVANE,YOUNG,0.1708376109600067,0.1568260639905929,0.196704551577568,person & synonyms
337,GIOVANOTTO,YOUNG MAN,0.1708376109600067,0.1568260639905929,0.196704551577568,person & synonyms
338,GIOVINE,YOUNG,0.1708376109600067,0.1568260639905929,0.196704551577568,person & synonyms
339,GIUDICE,JUDGE,0.1059903800487518,0.1141420155763626,0.1917720884084701,person & synonyms
340,GOMMISTA,TIRE SHOP,0.0049631190486252,0.0243536550551652,0.0540215745568275,person & synonyms
341,GRAFICO,GRAPHIC,0.1053978577256202,0.1794527024030685,0.1335773319005966,woman & synonyms
342,GRUISTA,CRANE OPERATOR,0.1404338926076889,0.2058219909667968,0.2762163877487182,person & synonyms
343,GUADAGNARE,TO GAIN,0.1098484843969345,0.0966423004865646,0.1036163568496704,man & synonyms
344,GUAGLIONA,GUAGLION,0.1928060054779052,0.1883068084716797,0.1762284934520721,man & synonyms
345,GUAGLIONE,GUAGLION,0.1928060054779052,0.1883068084716797,0.1762284934520721,man & synonyms
346,GUASCONE,Gascon,0.1215118095278739,0.0895203500986099,0.0677951276302337,man & synonyms
347,GUIDA TURISTICA,TOURIST GUIDE,0.1081309169530868,0.1565061658620834,0.2282269448041916,person & synonyms
348,GUIDARE,TO DRIVE,0.1031990721821785,0.073855273425579,0.1749187409877777,person & synonyms
349,GUIDATORE,DRIVER,0.1750851720571518,0.1601931452751159,0.2600376605987549,person & synonyms
350,GUIDATRICE,DRIVER,0.1750851720571518,0.1601931452751159,0.2600376605987549,person & synonyms
351,HANDYMAN,HANDYMAN,0.2853785455226898,0.1560233384370803,0.2801889777183532,man & synonyms
352,IDRAULICA,PLUMBER,0.2745312750339508,0.2114104032516479,0.2436412125825882,man & synonyms
353,IDRAULICO,PLUMBER,0.2745312750339508,0.2114104032516479,0.2436412125825882,man & synonyms
354,ILLUSTRATRICE,ILLUSTRATOR,0.1481309533119201,0.2071158736944198,0.2710599601268768,person & synonyms
355,IMBIANCHINO,PAINTER,0.1546893864870071,0.188526839017868,0.2743446230888366,person & synonyms
356,IMITATORE,IMITATOR,0.1182900816202163,0.1317992061376571,0.2874390184879303,person & synonyms
357,IMPEGNATA,ENGAGED,0.0025755614042282,0.0273220799863338,0.135114848613739,person & synonyms
358,IMPERATORE,EMPEROR,0.2409702092409134,0.2130336910486221,0.2031366676092147,man & synonyms
359,IMPIANTISTA,PLANT INSTALLER,0.0417518503963947,0.0488111712038517,0.1114295870065689,person & synonyms
360,IMPIEGATA,EMPLOYEE,0.2279536873102188,0.2002274096012115,0.2568566799163818,person & synonyms
361,IMPIEGATO,EMPLOYEE,0.2279536873102188,0.2002274096012115,0.2568566799163818,person & synonyms
362,IMPRENDITORE,ENTREPRENEUR,0.1873368769884109,0.2412793487310409,0.2732489109039306,person & synonyms
363,IMPRENDITRICE,ENTREPRENEUR,0.1873368769884109,0.2412793487310409,0.2732489109039306,person & synonyms
364,IMPROVVISATORE,IMPROVISER,0.1681326329708099,0.1234812289476394,0.2689882218837738,person & synonyms
365,IN BICILETTA,BY BIKE,0.0583699084818363,0.0837145745754242,0.0778798535466194,woman & synonyms
366,IN CASA,IN HOME,0.1142460852861404,0.0652383416891098,0.1235738024115562,person & synonyms
367,IN CUCINA,IN THE KITCHEN,0.113409973680973,0.0818727761507034,0.1199623867869377,person & synonyms
368,IN MATEMATICA,IN MATHEMATICS,0.1117366999387741,0.0886600539088249,0.1077372580766677,man & synonyms
369,IN TUTTO,IN EVERYTHING,0.1193226128816604,0.0740114226937294,0.1270109415054321,person & synonyms
370,INCLASSIFICABILE,UNCLASSIFIABLE,0.1197230666875839,0.06484005600214,0.074022576212883,man & synonyms
371,INDIVIDUO,INDIVIDUAL,0.2418711930513382,0.2049820274114608,0.2979715764522552,person & synonyms
372,INDOLENTE,INDOLENT,-0.0095411958172917,0.0143903857097029,0.112705186009407,person & synonyms
373,INESISTENTE,INEXISTENT,0.1369425058364868,0.1109588369727134,0.1458461880683899,person & synonyms
374,INETTO,INEPT,0.047741562128067,0.0623831264674663,0.1234537363052368,person & synonyms
375,INFERMIERA,MALE NURSE,0.5267533659934998,0.3737781047821045,0.2514561414718628,man & synonyms
376,INFERMIERE,MALE NURSE,0.5267533659934998,0.3737781047821045,0.2514561414718628,man & synonyms
377,INFLUENZARE IL PENSIERO DEL GRUPP,INFLUENCE THE THINKING OF THE GROUP,-0.0068332785740494,0.0174172315746545,0.0552248880267143,person & synonyms
378,INFORMATICA,COMPUTER SCIENTIST,0.1399478316307068,0.174914538860321,0.2041963189840316,person & synonyms
379,INFORMATICO,COMPUTER SCIENTIST,0.1399478316307068,0.174914538860321,0.2041963189840316,person & synonyms
380,INGEGNERE,ENGINEER,0.1497024893760681,0.1885841488838195,0.2055261582136154,person & synonyms
381,INQUILINA,TENANT,0.1540161073207855,0.1604824513196945,0.2115026116371154,person & synonyms
382,INQUILINO,TENANT,0.1540161073207855,0.1604824513196945,0.2115026116371154,person & synonyms
383,INSEGNANTE,TEACHER,0.1866288632154464,0.2111029922962188,0.2582318782806396,person & synonyms
384,INSEGNANTE DI YOGA,YOGA TEACHER,0.1260238140821457,0.1630777716636657,0.1973892301321029,person & synonyms
385,INSEGNARE,TO TEACH,0.1234623491764068,0.090277761220932,0.2041808366775512,person & synonyms
386,INSTALLATORE,INSTALLER,0.1033992022275924,0.1060940623283386,0.1258700340986251,person & synonyms
387,INSTALLATRICE,INSTALLER,0.1033992022275924,0.1060940623283386,0.1258700340986251,person & synonyms
388,INTELLIGENTE,INTELLIGENT,0.1633335202932357,0.1206219419836998,0.1907352805137634,person & synonyms
389,INTENDITORE,CONNOISSEUR,0.1191005334258079,0.1681752800941467,0.1686881929636001,person & synonyms
390,INTERLOCUTORE,INTERLOCUTOR,0.2326130270957946,0.214515283703804,0.3056447803974151,person & synonyms
391,INTERPRETE,INTERPRETER,0.1261238604784011,0.1946848928928375,0.2806868255138397,person & synonyms
392,INTERPRETE DELLA PARITà DI GENERE,INTERPRETER OF GENDER EQUALITY,0.2473875284194946,0.322918027639389,0.2638099193572998,woman & synonyms
393,INTRATTENITORE,ENTERTAINER,0.2045632749795913,0.2591269314289093,0.3079904019832611,person & synonyms
394,INVENTORE,INVENTOR,0.192411869764328,0.1878557652235031,0.259785532951355,person & synonyms
395,ISTRUTTORE,INSTRUCTOR,0.1787041574716568,0.206894502043724,0.2321064174175262,person & synonyms
396,JUVENTINA,JUVENTINO,0.1689396053552627,0.1030771285295486,0.1775926798582077,person & synonyms
397,JUVENTINO,JUVENTINO,0.1689396053552627,0.1030771285295486,0.1775926798582077,person & synonyms
398,LAMENTARSI,TO COMPLAIN,0.1555851697921753,0.0941051766276359,0.0684298649430275,man & synonyms
399,LAVANDAIA,LAUNDRYMAN,0.271411120891571,0.1974694281816482,0.2889558672904968,person & synonyms
400,LAVANDAIO,LAUNDRYMAN,0.271411120891571,0.1974694281816482,0.2889558672904968,person & synonyms
401,LAVATIVO,WASHING,0.1084969937801361,0.1100571230053901,0.1896460950374603,person & synonyms
402,LAVORARE,TO WORK,0.0901082903146743,0.1080436930060386,0.1857817023992538,person & synonyms
403,LAVORATORE,WORKER,0.1804183572530746,0.2103904038667678,0.2836291491985321,person & synonyms
404,LAVORATORE AUTONOMO,SELF EMPLOYED,0.1028204336762428,0.1053327694535255,0.163478672504425,person & synonyms
405,LAVORATORE DOMESTICO,DOMESTIC WORKER,0.1704903244972229,0.2305162996053695,0.2560124695301056,person & synonyms
406,LAVORATRICE,WORKER,0.1804183572530746,0.2103904038667678,0.2836291491985321,person & synonyms
407,LAVORATRICE AUTONOMA,SELF EMPLOYED,0.1028204336762428,0.1053327694535255,0.163478672504425,person & synonyms
408,LAVORATRICE MADRE,WORKING MOTHER,0.0410058833658695,0.0910650193691253,0.1786085218191146,person & synonyms
409,LAVORATRICE PROFESSIONISTA IN REMOTO,PROFESSIONAL REMOTE WORKER,0.125764712691307,0.1687707155942917,0.241327702999115,person & synonyms
410,LAVORATRICE SMARTWORKING,SMARTWORKING WORKER,0.1525716930627823,0.159768670797348,0.2403815388679504,person & synonyms
411,LAVORI DOMESTICI,HOUSEWORKS,0.1306279152631759,0.1536459028720855,0.171487420797348,person & synonyms
412,LECCACULO,ASS-GUCK,0.2549792826175689,0.1525143384933471,0.1263788789510727,man & synonyms
413,LEGGERE,TO READ,0.1067050769925117,0.1236440539360046,0.1237547099590301,person & synonyms
414,LETTORE,READER,0.1524201929569244,0.1665467917919159,0.2585455477237701,person & synonyms
415,LETTRICE,READER,0.1524201929569244,0.1665467917919159,0.2585455477237701,person & synonyms
416,LEVIGARE,SMOOTH,0.0627636313438415,0.0483261682093143,0.1121958270668983,person & synonyms
417,LIBERA PROFESSIONISTA,FREELANCE,0.0800870582461357,0.1640560775995254,0.1925673931837082,person & synonyms
418,MACCHINISTA,MACHINIST,0.2614640593528747,0.230112537741661,0.2566492259502411,man & synonyms
419,MACELLAIO,BUTCHER,0.2491336166858673,0.1868115365505218,0.2537160515785217,person & synonyms
420,MADRE,MOTHER,0.1169639900326728,0.2942311763763428,0.118412047624588,woman & synonyms
421,MAESTRA,MASTER,0.2396194636821746,0.1965185850858688,0.1548560857772827,man & synonyms
422,MAESTRO,MASTER,0.2396194636821746,0.1965185850858688,0.1548560857772827,man & synonyms
423,MAESTRO DI SCI,SKI INSTRUCTOR,0.1488081961870193,0.196342259645462,0.2242017984390258,person & synonyms
424,MAGGIORDOMO,BUTLER,0.2432961761951446,0.1956202983856201,0.2346029132604599,man & synonyms
425,MAMMA,MOM,0.1731819957494735,0.3260854482650757,0.151283860206604,woman & synonyms
426,MANAGER,MANAGER,0.2174000889062881,0.2541693747043609,0.2057806253433227,woman & synonyms
427,MANAGER DELLA CASA,HOUSE MANAGER,0.1613455712795257,0.1791137754917144,0.1325098872184753,woman & synonyms
428,MANGIARE,TO EAT,0.0996481627225875,0.0757674649357795,0.11813236027956,person & synonyms
429,MANGIATORE DI PASTICCINI,PASTRY EATER,0.110103003680706,0.1731359660625457,0.1550139188766479,woman & synonyms
430,MANGIONE,GLUTTON,0.1603781580924987,0.1750114560127258,0.2632265388965606,person & synonyms
431,MANOVALE,LABOR WORKER,0.0749372988939285,0.1104485467076301,0.1506730914115905,person & synonyms
432,MANUTENTORE,MAINTAINER,0.1693145334720611,0.167391687631607,0.3140248656272888,person & synonyms
433,MANUTENTRICE,MAINTAINER,0.1693145334720611,0.167391687631607,0.3140248656272888,person & synonyms
434,MARINAIO,SAILOR MAN,0.3945780396461487,0.3199902474880218,0.2649862766265869,man & synonyms
435,MARITO,HUSBAND,0.2931783199310303,0.2349710762500763,0.1708644479513168,man & synonyms
436,MASSAGGIATORE,MASSAGE THERAPIST,0.1066315770149231,0.154384508728981,0.1856326907873153,person & synonyms
437,MASSAGGIATRICE,MASSAGE THERAPIST,0.1066315770149231,0.154384508728981,0.1856326907873153,person & synonyms
438,MASSAIA,MASSAGER,0.1513913422822952,0.2120158970355987,0.2633393406867981,person & synonyms
439,MASSAIO,MASSAGER,0.1513913422822952,0.2120158970355987,0.2633393406867981,person & synonyms
440,MATEMATICO,MATHEMATICAL,0.1010012254118919,0.1268733143806457,0.1125652566552162,woman & synonyms
441,MECCANICA,MECHANIC,0.1840151846408844,0.2214266061782837,0.2523336112499237,person & synonyms
442,MECCANICO,MECHANIC,0.1840151846408844,0.2214266061782837,0.2523336112499237,person & synonyms
443,MEDIATRICE,MEDIATOR,0.1234549731016159,0.1603090614080429,0.2269012480974197,person & synonyms
444,MEDICO,DOCTOR,0.1160498335957527,0.1173256263136863,0.1336673200130462,person & synonyms
445,MEDICO DI BASE,BASIC DOCTOR,0.1512491106986999,0.1308469325304031,0.0937445089221,man & synonyms
446,MENEFREGHISTA,CARELESS,0.0334465652704238,0.0396132059395313,0.1460489183664322,person & synonyms
447,MERETRICE,MERENTOR,0.2280814498662948,0.1975006461143493,0.1989821642637252,man & synonyms
448,MIGNOTTA,BITCH,0.1439928710460662,0.2209724187850952,0.1241439208388328,woman & synonyms
449,MILITARE,MILITARY,0.2131422907114029,0.1071433722972869,0.1382498890161514,man & synonyms
450,MINISTRA,MINISTER,0.2085992991924286,0.2107376754283905,0.1388638168573379,woman & synonyms
451,MOGLIE,WIFE,0.2607835233211517,0.405921995639801,0.1580473035573959,woman & synonyms
452,MOGLIETTINA,WIFE,0.2607835233211517,0.405921995639801,0.1580473035573959,woman & synonyms
453,MONTARE,SET UP,0.097476378083229,0.1149177253246307,0.1676347851753235,person & synonyms
454,MOTOCICLISTA,MOTORCYCLIST,0.1830860078334808,0.2304040491580963,0.336170881986618,person & synonyms
455,MULTITASKING,MULTITASKING,0.0821657851338386,0.1603895723819732,0.1972574889659881,person & synonyms
456,MURATORE,MASON,0.1970912218093872,0.1288501918315887,0.1426122337579727,man & synonyms
457,MUSICISTA,MUSICIAN,0.1499078869819641,0.2178244888782501,0.2601906359195709,person & synonyms
458,NARCISO,NARCISSUS,0.1269147247076034,0.1142877340316772,0.1643672585487365,person & synonyms
459,NARRATORE,NARRATOR,0.1494875401258468,0.2101150453090667,0.2934370338916778,person & synonyms
460,NAVIGATRICE,NAVIGATOR,0.1584350019693374,0.1749202609062194,0.1870676577091217,person & synonyms
461,NEGOZIANTE,RETAILER,0.1575392782688141,0.1187528744339943,0.1900282204151153,person & synonyms
462,NEI CALCOLI,IN THE CALCULATIONS,0.0733840391039848,0.0702153220772743,0.1028794273734092,person & synonyms
463,NEI LAVORI DI CASA,IN HOUSE WORK,0.1431616246700287,0.1323263049125671,0.1485080569982528,person & synonyms
464,NEL BRICOLAGE,IN THE DIY,0.1191886886954307,0.0753826797008514,0.1273775398731231,person & synonyms
465,NEL DISEGNO,IN THE DRAWING,0.1082912683486938,0.1069797724485397,0.1462448835372924,person & synonyms
466,NEL FAI DA TE,IN THE DIY,0.1191886886954307,0.0753826797008514,0.1273775398731231,person & synonyms
467,NEL LAVORO,AT WORK,0.1356465220451355,0.1562851369380951,0.2003389149904251,person & synonyms
468,NELLA ESECUZIONE,IN THE EXECUTION,0.081391230225563,0.061634786427021,0.1300950497388839,person & synonyms
469,NELLA GESTIONE,IN THE MANAGEMENT,0.0976770743727684,0.0583226606249809,0.0786003693938255,man & synonyms
470,NELLE FACCENDE DI CASA,IN THE HOUSE CHOICES,0.1608408540487289,0.1538762748241424,0.1574593037366867,man & synonyms
471,NELLE FACCENDE DOMESTICHE,IN THE HOUSEHOLD WORK,0.1369844824075698,0.1023230850696563,0.160874530673027,person & synonyms
472,NELLE MANUTENZIONI,IN MAINTENANCE,0.1059480607509613,0.0844994634389877,0.1062096431851387,person & synonyms
473,NELLO SPORT,IN SPORTS,0.122379146516323,0.1030201688408851,0.2010343372821808,person & synonyms
474,NETTURBINO,DUSTMAN,0.2129575610160827,0.1492035984992981,0.2810892462730407,person & synonyms
475,NEUROLOGA,NEUROLOGIST,0.1417423635721206,0.1870778352022171,0.2051877230405807,person & synonyms
476,NIPOTE,GRANDSON,0.3802802264690399,0.2285604327917099,0.2401878982782364,man & synonyms
477,NIPOTINO,NEPHEW,0.228923425078392,0.1557631194591522,0.1925267875194549,man & synonyms
478,NONNA,NOT NO,0.0966262966394424,0.0518617108464241,-0.0317397192120552,man & synonyms
479,NONNO,NOT NO,0.0966262966394424,0.0518617108464241,-0.0317397192120552,man & synonyms
480,NOTAIO,NOTARY,0.0935526266694068,0.1099613606929779,0.241164356470108,person & synonyms
481,NULLAFACENTE,NOTHING,0.0693337246775627,0.0562113411724567,0.0355175361037254,man & synonyms
482,NUOTARE,TO SWIM,0.1449154168367386,0.146009936928749,0.1356639862060547,woman & synonyms
483,NUOTATORE,SWIMMER,0.1503400653600692,0.2205687016248703,0.3173079490661621,person & synonyms
484,NUOTATRICE,SWIMMER,0.1503400653600692,0.2205687016248703,0.3173079490661621,person & synonyms
485,OMETTO,OMIT,0.0152665032073855,0.0099308537319302,0.0142515758052468,man & synonyms
486,OMINO,little man,0.2503319084644317,0.126158058643341,0.1447062045335769,man & synonyms
487,OPERAIA,WORKER,0.1804183572530746,0.2103904038667678,0.2836291491985321,person & synonyms
488,OPERAIO,WORKER,0.1804183572530746,0.2103904038667678,0.2836291491985321,person & synonyms
489,OPERATORE,OPERATOR,0.1808389276266098,0.1991927176713943,0.3308870792388916,person & synonyms
490,OPERATORE A COMPUTER,COMPUTER OPERATOR,0.1621069312095642,0.2002348154783249,0.2428489625453949,person & synonyms
491,OPERATORE DI GRU,CRANE OPERATOR,0.1404338926076889,0.2058219909667968,0.2762163877487182,person & synonyms
492,OPERATORE ECOLOGICO,ECOLOGICAL OPERATOR,0.1184167638421058,0.1771010309457779,0.2486153542995453,person & synonyms
493,OPERATORE INFORMATICO,COMPUTER OPERATOR,0.1621069312095642,0.2002348154783249,0.2428489625453949,person & synonyms
494,OPERATRICE,OPERATOR,0.1808389276266098,0.1991927176713943,0.3308870792388916,person & synonyms
495,OPPORTUNISTA,OPPORTUNIST,0.0600206330418586,0.0834048017859458,0.2878625392913818,person & synonyms
496,ORATORE,SPEAKER,0.1989974826574325,0.1918480098247528,0.2688897252082824,person & synonyms
497,ORATRICE,SPEAKER,0.1989974826574325,0.1918480098247528,0.2688897252082824,person & synonyms
498,ORDINARE IN CASA,ORDER AT HOME,0.1543404310941696,0.1117929741740226,0.0326087214052677,man & synonyms
499,ORGANIZZARE,ORGANIZE,0.0873051807284355,0.0466712079942226,0.061683814972639,man & synonyms
500,ORGANIZZARE FESTE,ORGANIZE PARTIES,0.0923112034797668,0.0808558017015457,0.0921948626637458,man & synonyms
501,ORGANIZZARE RIUNIONI,ORGANIZE MEETINGS,0.0808632150292396,0.0647184997797012,0.0649712160229682,man & synonyms
502,ORGANIZZATORE,MANAGER,0.2174000889062881,0.2541693747043609,0.2057806253433227,woman & synonyms
503,ORGANIZZATRICE,MANAGER,0.2174000889062881,0.2541693747043609,0.2057806253433227,woman & synonyms
504,OSPITE,GUEST,0.1605853289365768,0.1883011758327484,0.1756091862916946,woman & synonyms
505,OSSERVATORE,OBSERVER,0.1549566090106964,0.1753826737403869,0.3488357663154602,person & synonyms
506,OSTETRICA,OBSTETRICIAN,0.1392048150300979,0.2554582357406616,0.1958355009555816,woman & synonyms
507,OSTETRICO,OBSTETRICIAN,0.1392048150300979,0.2554582357406616,0.1958355009555816,woman & synonyms
508,PADRE,FATHER,0.2552062273025512,0.1440048664808273,0.1204374358057975,man & synonyms
509,PADRE DI FAMIGLIA,FATHER OF THE FAMILY,0.2552062273025512,0.1440048664808273,0.1204374358057975,man & synonyms
510,PADRONA,MASTER,0.2396194636821746,0.1965185850858688,0.1548560857772827,man & synonyms
511,PADRONA DI CASA,HOUSEHOLDER,0.2694109082221985,0.2404716610908508,0.3626057803630829,person & synonyms
512,PADRONE,MASTER,0.2396194636821746,0.1965185850858688,0.1548560857772827,man & synonyms
513,PADRONE DI CASA,HOUSEHOLDER,0.2694109082221985,0.2404716610908508,0.3626057803630829,person & synonyms
514,PALLAVOLISTA,VOLLEYBALL PLAYER,0.2126380205154419,0.2569717466831207,0.2848316729068756,person & synonyms
515,PANETTIERE,BAKER,0.1817184090614318,0.2227707505226135,0.2517961263656616,person & synonyms
516,PAPA',Pope,0.249722883105278,0.1907582283020019,0.1945036947727203,man & synonyms
517,PAPPONE,PIMP,0.196598932147026,0.2193482667207718,0.2202072292566299,person & synonyms
518,PARACULO,PARACULO,0.1736379116773605,0.1126796603202819,0.1795046627521515,person & synonyms
519,PARLARE,SPEAK,0.1037781611084938,0.087311640381813,0.1175670847296714,person & synonyms
520,PARLATORE,TALKER,0.1884375810623169,0.1970089823007583,0.3053590059280395,person & synonyms
521,PARRUCCHIERA,HAIR SALON,0.1329642236232757,0.1376969665288925,0.1632464975118637,person & synonyms
522,PARRUCCHIERE,HAIR SALON,0.1329642236232757,0.1376969665288925,0.1632464975118637,person & synonyms
523,PARTNER,PARTNER,0.2074063271284103,0.2543733417987823,0.1984943896532058,woman & synonyms
524,PASTICCERA,PASTRY CHEF,0.1174549385905265,0.1894917786121368,0.0825553238391876,woman & synonyms
525,PASTICCERE,PASTRY CHEF,0.1174549385905265,0.1894917786121368,0.0825553238391876,woman & synonyms
526,PASTICCIONE,BUDDLED,0.2157847136259079,0.1218311488628387,0.194700539112091,man & synonyms
527,PASTORE,SHEPHERD,0.1610292792320251,0.1331170797348022,0.2461899220943451,person & synonyms
528,PATATONE,POTATO,0.0689878091216087,0.1116146445274353,0.0780718624591827,woman & synonyms
529,PATTINATRICE,SKATER,0.1640144288539886,0.1736133992671966,0.280628889799118,person & synonyms
530,PEDIATRA,PEDIATRICIAN,0.1683190166950225,0.2053650915622711,0.1913784891366958,woman & synonyms
531,PEDICURE,PEDICURE,0.130799114704132,0.1888373494148254,0.1382217556238174,woman & synonyms
532,PELANDRONE,PELANDRONE,0.0804013386368751,0.0708960369229316,0.1603266447782516,person & synonyms
533,PENSATORE,THINKER,0.1567628234624862,0.1626815944910049,0.2466906905174255,person & synonyms
534,PERDIGIORNO,WASTER,0.088867038488388,0.1016556173563003,0.2735998630523681,person & synonyms
535,PERSONA,PERSON,0.3808675408363342,0.339513212442398,0.5028253197669983,person & synonyms
536,PERSONAGGIO,CHARACTER,0.2164933532476425,0.2283157706260681,0.2458367198705673,person & synonyms
537,PESCATORE,FISHERMAN,0.2165447175502777,0.2427375614643097,0.2893045842647552,person & synonyms
538,PIANIFICARE,TO PLAN,0.0834311619400978,0.0560650415718555,0.0815630480647087,man & synonyms
539,PIANISTA,PIANIST,0.2306973338127136,0.2351854294538498,0.3204305171966553,person & synonyms
540,PIGRONE,LAZY,0.0559198372066021,0.0746906697750091,0.1653617918491363,person & synonyms
541,PILOTA,PILOT,0.1283324062824249,0.1654142141342163,0.2505243122577667,person & synonyms
542,PILOTA DI MOTO,MOTORBIKE PILOT,0.1357806026935577,0.1762872040271759,0.2185086607933044,person & synonyms
543,PIRLA,PIRLA,0.1822227537631988,0.2056751847267151,0.205314889550209,woman & synonyms
544,PIRLONE,PYRLONE,0.1441384702920913,0.0969702899456024,0.1290025413036346,man & synonyms
545,PISCHELLO,PISCHELLO,0.1597538441419601,0.0628088936209678,0.1358993649482727,man & synonyms
546,PITTORE,PAINTER,0.1546893864870071,0.188526839017868,0.2743446230888366,person & synonyms
547,PITTRICE,PAINTER,0.1546893864870071,0.188526839017868,0.2743446230888366,person & synonyms
548,PIZZAIOLO,PIZZA MAKER,0.1955862939357757,0.182227224111557,0.156934306025505,man & synonyms
549,POETA,POET,0.1318106800317764,0.1410151124000549,0.2364478707313537,person & synonyms
550,POKERISTA,POKER PLAYER,0.1712830513715744,0.2110406458377838,0.2385652810335159,person & synonyms
551,POLIEDRICA,VERSATILE,0.0378042571246624,0.1112086847424507,0.1623173654079437,person & synonyms
552,POLITICA,POLICY,0.1158360913395881,0.1483443975448608,0.0941950753331184,woman & synonyms
553,POLITOLOGO,POLITICAL EXPERT,0.152713656425476,0.1950883418321609,0.2059821784496307,person & synonyms
554,POLIZIOTTA,POLICEMAN,0.1670622378587722,0.1145916804671287,0.1795488893985748,person & synonyms
555,POLIZIOTTO,POLICEMAN,0.1670622378587722,0.1145916804671287,0.1795488893985748,person & synonyms
556,POMPIERA,FIREMAN,0.1893381029367447,0.1531006246805191,0.195891797542572,person & synonyms
557,POMPIERE,FIREMAN,0.1893381029367447,0.1531006246805191,0.195891797542572,person & synonyms
558,POMPINARA,BLOWJOB,0.2410150915384292,0.171518325805664,0.1393031924962997,man & synonyms
559,PORNODIVO,PORNSTAR,0.2178579717874527,0.3278737664222717,0.2290570437908172,woman & synonyms
560,POSATORE,INSTALLER,0.1033992022275924,0.1060940623283386,0.1258700340986251,person & synonyms
561,POSTINA,DELIVERY MAN,0.1927721053361892,0.1489764004945755,0.1469748467206955,man & synonyms
562,POSTINO,DELIVERY MAN,0.1927721053361892,0.1489764004945755,0.1469748467206955,man & synonyms
563,PRECISO,ACCURATE,0.0057204854674637,-0.0069218729622662,0.0252880603075027,person & synonyms
564,PRENDERSI CURA DI Sè E DI CARLA,TAKE CARE OF YOURSELF AND OF CARLA,0.0516246408224105,0.1103964745998382,0.156300738453865,person & synonyms
565,PREPARARE I DOLCI,PREPARE SWEETS,0.0494346693158149,0.0196565054357051,0.0772353932261467,person & synonyms
566,PREPARARE LA COLAZIONE,PREPARE BREAKFAST,0.0494346693158149,0.0196565054357051,0.0772353932261467,person & synonyms
567,PRESENTATORE,ANNOUNCER,0.1695642918348312,0.2215079516172409,0.2792742550373077,person & synonyms
568,PRESENTATRICE,ANNOUNCER,0.1695642918348312,0.2215079516172409,0.2792742550373077,person & synonyms
569,PRESIDENTE,PRESIDENT,0.142928659915924,0.2181947231292724,0.1550939977169037,woman & synonyms
570,PRESIDENTE DEL CONSIGLIO,PRIME MINISTER,0.1317567080259323,0.0920698195695877,0.1048074141144752,man & synonyms
571,PRESTIDIGITATORE,PRESTIDIGITATOR,0.0912991017103195,0.1494566202163696,0.2891896069049835,person & synonyms
572,PRESTIGIATORE,MAGICIAN,0.1271760910749435,0.1917251944541931,0.2066734284162521,person & synonyms
573,PRETE,PRIEST,0.2152013778686523,0.1633870750665664,0.1986314058303833,man & synonyms
574,PROFESSIONALE,PROFESSIONAL,0.1618854403495788,0.200184628367424,0.2355342954397201,person & synonyms
575,PROFESSIONISTA,PROFESSIONAL,0.1618854403495788,0.200184628367424,0.2355342954397201,person & synonyms
576,PROFESSIONISTA DELLA PULIZIA DI CASA,PROFESSIONAL HOUSE CLEANING,0.1690267622470855,0.231441244482994,0.2419046908617019,person & synonyms
577,PROFESSORE,PROFESSOR,0.1972515285015106,0.214677631855011,0.2353645116090774,person & synonyms
578,PROFESSORESSA,PROFESSOR,0.1972515285015106,0.214677631855011,0.2353645116090774,person & synonyms
579,PROGETTARE,TO DESIGN,0.0965939909219741,0.0580010749399662,0.1032028719782829,person & synonyms
580,PROGETTISTA,DESIGNER,0.1324539631605148,0.1500098556280136,0.209860697388649,person & synonyms
581,PROGRAMMATORE,PROGRAMMER,0.2068505883216858,0.1937804520130157,0.2631739377975464,person & synonyms
582,PROGRAMMATRICE,PROGRAMMER,0.2068505883216858,0.1937804520130157,0.2631739377975464,person & synonyms
583,PROJECT MANAGER,PROJECT MANAGER,0.036569993942976,0.0459530428051948,0.0847886055707931,person & synonyms
584,PSICHIATRA,PSYCHIATRIST,0.1493160873651504,0.1604194045066833,0.2380392402410507,person & synonyms
585,PSICOLOGA,PSYCHOLOGIST,0.1359718143939972,0.1684019118547439,0.2702868282794952,person & synonyms
586,PSICOLOGO,PSYCHOLOGIST,0.1359718143939972,0.1684019118547439,0.2702868282794952,person & synonyms
587,PUGILE,BOXER,0.1825192719697952,0.1663669496774673,0.2694975137710571,person & synonyms
588,PULIRE,TO CLEAN,0.140615701675415,0.1044043824076652,0.1304530203342437,man & synonyms
589,PULIRE CASA,CLEAN HOUSE,0.1045612320303917,0.0801796838641166,0.1193010285496711,person & synonyms
590,PULITORE,CLEANER,0.130574345588684,0.1149896830320358,0.208940789103508,person & synonyms
591,PULITRICE,CLEANER,0.130574345588684,0.1149896830320358,0.208940789103508,person & synonyms
592,RAGAZZA,BOY,0.4466929733753204,0.180588811635971,0.1923940181732177,man & synonyms
593,RAGAZZINO,LITTLE BOY,0.2512596845626831,0.0824879854917526,0.0930567607283592,man & synonyms
594,RAGAZZO,BOY,0.4466929733753204,0.180588811635971,0.1923940181732177,man & synonyms
595,RAGIONIERA,ACCOUNTANT,0.1507810801267624,0.2096328884363174,0.1742809414863586,woman & synonyms
596,RAGIONIERE,ACCOUNTANT,0.1507810801267624,0.2096328884363174,0.1742809414863586,woman & synonyms
597,RECRUITER,RECRUITERS,0.1856896579265594,0.1297347098588943,0.2007007747888565,person & synonyms
598,REGISTA,MOVIE DIRECTOR,0.1353608071804046,0.1619901806116104,0.1362497806549072,woman & synonyms
599,RELAZIONANDOSI,RELATING,0.0781770944595336,0.0395608395338058,0.1227063685655593,person & synonyms
600,RESPONSABILE,RESPONSIBLE,0.1038149520754814,0.085385575890541,0.1365149170160293,person & synonyms
601,RESTAURATRICE,RESTORER,0.1521643996238708,0.182864710688591,0.2338209897279739,person & synonyms
602,RICERCATORE,RESEARCHER,0.156991571187973,0.170566439628601,0.2304147779941558,person & synonyms
603,RICERCATRICE,RESEARCHER,0.156991571187973,0.170566439628601,0.2304147779941558,person & synonyms
604,RIDERE,LAUGH,0.0524008832871913,0.0668902993202209,0.04313375800848,woman & synonyms
605,RIORDINARE,REORDER,0.1518649756908416,0.1168072819709777,0.0647511854767799,man & synonyms
606,RIORDINATORE,UNSORCERER,0.188478022813797,0.0925940722227096,0.2171149402856826,person & synonyms
607,RIORDINATRICE,UNSORCERER,0.188478022813797,0.0925940722227096,0.2171149402856826,person & synonyms
608,RIPARARE,REPAIR,0.0768824815750122,0.0391936860978603,0.0822692885994911,person & synonyms
609,RIPARARE TUTTO,FIX EVERYTHING,0.0430120900273323,0.017227241769433,0.0381665602326393,man & synonyms
610,RIPARATORE,REPAIRMAN,0.2948987185955047,0.2284945547580719,0.2631525099277496,man & synonyms
611,RIPARATORE DI COMPUTER,COMPUTER REPAIR,0.094304509460926,0.093001015484333,0.1177991479635238,person & synonyms
612,RIPARATRICE,REPAIRMAN,0.2948987185955047,0.2284945547580719,0.2631525099277496,man & synonyms
613,RIPARATUTTO,FIXES EVERYTHING,0.0341234877705574,0.0111794238910079,0.0301978345960378,man & synonyms
614,ROMPERE,TO BREAK,0.0933521091938018,0.1029695868492126,0.1483041942119598,person & synonyms
615,ROMPICOGLIONI,PAIN ASSHOLE,0.0416367277503013,0.0190015472471714,0.0274305250495672,man & synonyms
616,ROMPIPALLE,BALL BREAKER,0.1955155134201049,0.191438153386116,0.1614856123924255,man & synonyms
617,ROMPISCATOLE,BUZZERS,0.1229643523693084,0.0971922427415847,0.1693214178085327,person & synonyms
618,SACERDOTE,PRIEST,0.2152013778686523,0.1633870750665664,0.1986314058303833,man & synonyms
619,SALTATRICE CON L'ASTA,POLE Vaulter,0.1013358682394027,0.0806145742535591,0.1368551403284073,person & synonyms
620,SALUMIERE,butcher,0.2491336166858673,0.1868115365505218,0.2537160515785217,person & synonyms
621,SARTA,TAILOR,0.2339313328266143,0.1497553586959839,0.206368014216423,man & synonyms
622,SARTO,TAILOR,0.2339313328266143,0.1497553586959839,0.206368014216423,man & synonyms
623,SCACCHISTA,CHESS PLAYER,0.233746126294136,0.2458189576864242,0.2603691816329956,person & synonyms
624,SCALATORE,CLIMBER,0.1162372827529907,0.0831965282559394,0.221016451716423,person & synonyms
625,SCANSAFATICHE,Slackers,0.1428421586751938,0.0778510943055152,0.2233903557062149,person & synonyms
626,SCEMO,FOOL,0.1413459330797195,0.1038793250918388,0.1220242530107498,man & synonyms
627,SCENOGRAFA,SET DESIGNER,0.097476378083229,0.1149177253246307,0.1676347851753235,person & synonyms
628,SCHIAVA,SLAVE,0.2367105931043625,0.2203420847654342,0.2464735954999923,person & synonyms
629,SCIARE,SKI,0.0582893751561641,0.0989945530891418,0.1290006041526794,person & synonyms
630,SCIATORE,SKIER,0.2192745357751846,0.2320093959569931,0.3110711574554443,person & synonyms
631,SCIATRICE,SKIER,0.2192745357751846,0.2320093959569931,0.3110711574554443,person & synonyms
632,SCIENZIATA,SCIENTIST,0.1437321454286575,0.1738648861646652,0.226247638463974,person & synonyms
633,SCIENZIATO,SCIENTIST,0.1437321454286575,0.1738648861646652,0.226247638463974,person & synonyms
634,SCOLARA,SCHOOLBOY,0.4368881583213806,0.236839473247528,0.2310736179351806,man & synonyms
635,SCOLARETTO,SCHOOLKID,0.267897754907608,0.1635125130414962,0.2527803778648376,man & synonyms
636,SCOLARO,SCHOOLBOY,0.4368881583213806,0.236839473247528,0.2310736179351806,man & synonyms
637,SCONOSCIUTA,UNKNOWN,0.0041287844069302,0.0387076959013938,0.0999455600976944,person & synonyms
638,SCONOSCIUTO,UNKNOWN,0.0041287844069302,0.0387076959013938,0.0999455600976944,person & synonyms
639,SCOPARE,FUCK,0.1641809344291687,0.1597794294357299,0.0315202958881855,man & synonyms
640,SCRITTORE,WRITER,0.0984325632452964,0.1444039642810821,0.2302522808313369,person & synonyms
641,SCRITTRICE,WRITER,0.0984325632452964,0.1444039642810821,0.2302522808313369,person & synonyms
642,SCRIVERE,TO WRITE,0.1074732840061187,0.0934362262487411,0.1091648191213607,person & synonyms
643,SCRIVERE AL COMPUTER,WRITE TO THE COMPUTER,0.0634158477187156,0.0682893320918083,0.1036740392446518,person & synonyms
644,SCULTORE,SCULPTOR,0.1369716674089431,0.2079569995403289,0.286951869726181,person & synonyms
645,SEGRETARIA,SECRETARY,0.1835518032312393,0.2196641713380813,0.132293701171875,woman & synonyms
646,SEMPLIFICARE I PROBLEMI,SIMPLIFY PROBLEMS,0.0355693437159061,0.0508912652730941,0.0115117030218243,woman & synonyms
647,SERVA,SERVANT,0.235343724489212,0.2295431941747665,0.2253167033195495,man & synonyms
648,SERVETTO,SERVITE,0.2754381597042084,0.1843381226062774,0.174526110291481,man & synonyms
649,SESSISTA,SEXIST,0.3800067901611328,0.3745962381362915,0.2487201392650604,man & synonyms
650,SFATICATO,LAZY,0.0559198372066021,0.0746906697750091,0.1653617918491363,person & synonyms
651,SIGNORA,MAN,0.5932546854019165,0.3728943765163421,0.3437371551990509,man & synonyms
652,SIGNORA DELLA CASA,LADY OF THE HOUSE,0.3133323490619659,0.5315086841583252,0.1872791200876236,woman & synonyms
653,SIGNORE,MAN,0.5932546854019165,0.3728943765163421,0.3437371551990509,man & synonyms
654,SINDACA,MAYOR,0.2197501361370086,0.2628583312034607,0.2042066901922226,woman & synonyms
655,SINDACO,MAYOR,0.2197501361370086,0.2628583312034607,0.2042066901922226,woman & synonyms
656,SISTEMARE,TIDY UP,0.0957915037870407,0.0721132457256317,0.0650049224495887,man & synonyms
657,SISTEMARE LA CASA,FIX THE HOUSE,0.0430120900273323,0.017227241769433,0.0381665602326393,man & synonyms
658,SISTEMARE LA MACCHINA,FIX THE MACHINE,0.0430120900273323,0.017227241769433,0.0381665602326393,man & synonyms
659,SISTEMARE LAMPADARIO,FIX CHANDELIER,0.0430120900273323,0.017227241769433,0.0381665602326393,man & synonyms
660,SMARTWORKER,SMARTWORKER,0.0212605018168687,0.0357366241514682,0.1228010803461074,person & synonyms
661,SOCCORRITRICE,RESCUER,0.2085198611021042,0.206534668803215,0.3060151040554046,person & synonyms
662,SOCIALIZZARE,SOCIALIZE,0.1048153266310691,0.1198239475488662,0.1272957324981689,person & synonyms
663,SOCIO,PARTNER,0.2074063271284103,0.2543733417987823,0.1984943896532058,woman & synonyms
664,SOGGETTO,SUBJECT,0.1510319262742996,0.1136220023036003,0.1937013268470764,person & synonyms
665,SOLDATO,SOLDIER,0.2648893594741821,0.1610109210014343,0.1967801600694656,man & synonyms
666,SOPPORTARMI,WITHSTAND ME,0.0132730994373559,-0.0014117308892309,0.085238479077816,person & synonyms
667,SORELLA,SISTER,0.2077859491109848,0.3214952945709228,0.1104856729507446,woman & synonyms
668,SPACCIATORE,DRUG DEALER,0.056422259658575,0.0649672821164131,0.0840544402599334,person & synonyms
669,SPAZZINO,SCAVENGER,0.0356470309197902,0.0534204803407192,0.266461580991745,person & synonyms
670,SPECCHIARSI,MIRROR,0.0378395393490791,0.1048096269369125,0.1652135252952575,person & synonyms
671,SPELEOLOGA,SPELEOLOGIST,0.1288075298070907,0.1668839901685714,0.2507233023643493,person & synonyms
672,SPILLATRICE,STAPLER,0.1553687155246734,0.0668947249650955,0.203483447432518,person & synonyms
673,SPORT,SPORT,0.1094123423099517,0.1551797837018966,0.1913534998893737,person & synonyms
674,SPORTIVO,SPORTY,0.134128913283348,0.1215116530656814,0.1392633616924286,person & synonyms
675,SPOSA,GROOM,0.2368943095207214,0.1233659759163856,0.1596413254737854,man & synonyms
676,SPOSO,GROOM,0.2368943095207214,0.1233659759163856,0.1596413254737854,man & synonyms
677,STAGISTA,INTERN,0.1747204065322876,0.1761041134595871,0.1610733270645141,woman & synonyms
678,STARE IN COPPIA,STAY AS A COUPLE,0.0562296099960804,0.0620701313018798,0.0996107459068298,person & synonyms
679,STATISTICA,STATISTICS,0.1324475407600402,0.1399195492267608,0.1236165016889572,woman & synonyms
680,STILISTA,STYLIST,0.1807922720909118,0.198021113872528,0.223500445485115,person & synonyms
681,STIRARE,PRESS,0.0952960550785064,0.0968082770705223,0.1900677382946014,person & synonyms
682,STIRATRICE,IRONER,0.0926177725195884,0.081037051975727,0.1402143985033035,person & synonyms
683,STRONZO,ASSHOLE,0.231088250875473,0.133997306227684,0.1325424015522003,man & synonyms
684,STUDENTE,STUDENT,0.1980960369110107,0.1806775331497192,0.2092483937740326,person & synonyms
685,STUDIARE,STUDY,0.0809657052159309,0.0911916270852088,0.1247410550713539,person & synonyms
686,STUDIOSA,SCHOLAR,0.207619771361351,0.19068044424057,0.2344537079334259,person & synonyms
687,STUDIOSO,SCHOLAR,0.207619771361351,0.19068044424057,0.2344537079334259,person & synonyms
688,SUCCHIACAZZI,COCKSUCKER,0.2496818751096725,0.1800086349248886,0.184681087732315,man & synonyms
689,SUOCERA,FATHER IN LAW,0.2552062273025512,0.1440048664808273,0.1204374358057975,man & synonyms
690,SUOCERO,FATHER IN LAW,0.2552062273025512,0.1440048664808273,0.1204374358057975,man & synonyms
691,SUONARE,TO RING,0.1144222691655159,0.079631395637989,0.1211544945836067,person & synonyms
692,SUORA,NUN,0.1979027390480041,0.3202984035015106,0.208290621638298,woman & synonyms
693,SUPPORTER,SUPPORTERS,0.1754286140203476,0.1329409182071685,0.2382802963256836,person & synonyms
694,SURFISTA,SURFIST,0.1606271713972091,0.12448650598526,0.1857011765241623,person & synonyms
695,SVILUPPATORE,DEVELOPER,0.1465920060873031,0.1549648344516754,0.2327264696359634,person & synonyms
696,SVITARE I BULLONI DELLE RUOTE,UNSCREW THE WHEEL BOLTS,0.0471846424043178,0.0835622400045394,0.08525962382555,person & synonyms
697,TASSISTA,TAXI DRIVER,0.1631486415863037,0.1354058682918548,0.1981364041566848,person & synonyms
698,TECNICO,TECHNICAL,0.1460452377796173,0.1127610728144645,0.1302635669708252,man & synonyms
699,TENNISTA,TENNIS PLAYER,0.1969285011291504,0.2357696294784546,0.2436095476150512,person & synonyms
700,TENORE,TENOR,0.2505044341087341,0.1279545128345489,0.1542618870735168,man & synonyms
701,TERAPEUTA,THERAPIST,0.1271639466285705,0.2093741446733474,0.2569612562656402,person & synonyms
702,TERRORISTA,TERRORIST,0.144764557480812,0.150423914194107,0.2614063322544098,person & synonyms
703,TESTER,TESTER,0.1410799026489257,0.1458684355020523,0.2888447344303131,person & synonyms
704,TIPA,GUY,0.5198215842247009,0.2342102378606796,0.2134205102920532,man & synonyms
705,TIPO,GUY,0.5198215842247009,0.2342102378606796,0.2134205102920532,man & synonyms
706,TIPOGRAFO,PRINTER,0.1351583302021026,0.1104557365179061,0.1664541810750961,person & synonyms
707,TIZIO,DUDE,0.6039838194847107,0.3457591831684112,0.2400761097669601,man & synonyms
708,TRADUTTORE,TRANSLATOR,0.1518674194812774,0.2091697603464126,0.3075070381164551,person & synonyms
709,TRAGHETTATORE,FERRYMAN,0.2964171469211578,0.2415098696947097,0.3667216002941131,person & synonyms
710,TRANSGENDER,TRANSGENDER,0.290796548128128,0.3706909716129303,0.2560833990573883,woman & synonyms
711,TRUCCARSI,PUT ON MAKEUP,0.1351208388805389,0.0928253680467605,0.1342346668243408,man & synonyms
712,TRUCCATRICE,MAKE UP ARTIST,0.0919500291347503,0.0863018780946731,0.1198507323861122,person & synonyms
713,TUTORE,LEGAL GUARDIAN,0.1286800056695938,0.1514112651348114,0.1673105061054229,person & synonyms
714,TUTTOFARE,HANDYMAN,0.2853785455226898,0.1560233384370803,0.2801889777183532,man & synonyms
715,UMANA,HUMAN,0.3319109082221985,0.2541097998619079,0.3335183560848236,person & synonyms
716,UMANO,HUMAN,0.3319109082221985,0.2541097998619079,0.3335183560848236,person & synonyms
717,UOMO,MAN,0.5932546854019165,0.3728943765163421,0.3437371551990509,man & synonyms
718,UOMO D'AFFARI,BUSINESS MAN,0.1594578623771667,0.1754596829414367,0.0615194961428642,woman & synonyms
719,UOMO DELLE PULIZIE,CLEANING MAN,0.0757762193679809,0.0750150084495544,0.1221819296479225,person & synonyms
720,UOMO DI CASA,MAN OF THE HOUSE,0.5932546854019165,0.3728943765163421,0.3437371551990509,man & synonyms
721,UOMO DI FAMIGLIA,FAMILY MAN,0.1608332246541977,0.1765981763601303,0.0886742398142814,woman & synonyms
722,URBANISTA,URBANIST,0.2300560921430587,0.2175388485193252,0.2953756153583526,person & synonyms
723,VANITOSA,VAIN,0.1126156374812126,0.139160469174385,0.1655147820711136,person & synonyms
724,VELISTA,SAILOR,0.2140530794858932,0.1920380890369415,0.1732293367385864,man & synonyms
725,VENDITORE,SALESPERSON,0.2231588214635849,0.2576037347316742,0.3308786451816559,person & synonyms
726,VENDITRICE,SALESPERSON,0.2231588214635849,0.2576037347316742,0.3308786451816559,person & synonyms
727,VETERINARIA,VETERINARY,0.1450528800487518,0.1619371473789215,0.1731829047203064,person & synonyms
728,VIAGGIATRICE,TRAVELER,0.1406623721122741,0.1777562648057937,0.2910759449005127,person & synonyms
729,VICINA,NEAR,0.0381972230970859,0.0033105835318565,0.0859578028321266,person & synonyms
730,VICINO,NEAR,0.0381972230970859,0.0033105835318565,0.0859578028321266,person & synonyms
731,VIGILE DEL FUOCO,FIREMAN,0.1893381029367447,0.1531006246805191,0.195891797542572,person & synonyms
732,VIGILESSA,TRAFFIC WARDEN,0.0923523679375648,0.1171031966805458,0.1322672814130783,person & synonyms
733,VIOLINISTA,VIOLINIST,0.1934816092252731,0.2317342907190323,0.2974547445774078,person & synonyms
734,VIONCELLISTA,CELLIST,0.1702936440706253,0.2462802827358245,0.3098416328430176,person & synonyms
735,VOYEUR,VOYEUR,0.222687691450119,0.2559831738471985,0.3508210778236389,person & synonyms
736,WEBMARKETING,WEB MARKETING,0.0733807384967804,0.0982466414570808,0.1417142003774643,person & synonyms
737,ZIA,UNCLE,0.2736210823059082,0.2216355502605438,0.2313447892665863,man & synonyms
738,ZIO,UNCLE,0.2736210823059082,0.2216355502605438,0.2313447892665863,man & synonyms
739,ZOCCOLA,Slut,0.2142737805843353,0.3267897069454193,0.163851723074913,woman & synonyms
