,ita,list_of_words,MAN,WOMAN,PERSON,associated_word
0,A CALCIO,FOOTBALL,0.0912391170859336,0.140247032046318,0.1335954070091247,woman
1,A PALLAVOLO,AT VOLLEYBALL,0.0523695014417171,0.1342722624540329,0.132421001791954,woman
2,A SCUOLA,AT SCHOOL,-0.0557837635278701,0.0697045996785163,0.0817044824361801,person
3,ABBINARE I COLORI,MATCH COLORS,0.0189437456429004,0.1064166352152824,0.1293420195579528,person
4,ACCOGLIENTE,WELCOMING,-0.1004076823592186,0.0552718043327331,0.065517358481884,person
5,ACCOMPAGNATRICE,COMPANION,-0.0003642253868747,0.0944983437657356,0.1649921536445617,person
6,ACCUDIRE I FIGLI,CARING FOR THE CHILDREN,-0.0373028144240379,0.0915810093283653,0.1008229926228523,person
7,ADDESTRATORE DI CANI,DOG TRAINER,0.0426071733236312,0.066978208720684,0.1080198585987091,person
8,AFFABILE,EASY GOING,0.0254561454057693,0.0924671664834022,0.0959657952189445,person
9,AFFACCENDATA,BUSY,-0.0399399138987064,0.0100925406441092,0.0903650373220443,person
10,AGENTE,AGENT,0.0222042109817266,0.0745314806699752,0.1900933384895324,person
11,AGENTE IMMOBILIARE,REAL ESTATE AGENT,-0.0150142246857285,0.082890048623085,0.1097794249653816,person
12,AGGIUSTARE,ADJUST,-0.0426534637808799,-0.0242339950054883,0.0015456862747669,person
13,AGGIUSTARE L'IMPIANTO ELETTRICO,ADJUST THE ELECTRICAL SYSTEM,-0.0404796078801155,-0.0295744836330413,0.0024965442717075,person
14,AGGIUSTATORE,ADJUSTER,0.0116176391020417,0.1129846647381782,0.1691892296075821,person
15,AGGIUSTATRICE,ADJUSTER,0.0116176391020417,0.1129846647381782,0.1691892296075821,person
16,AGGIUSTATUTTO,ADJUSTER,0.0116176391020417,0.1129846647381782,0.1691892296075821,person
17,AGRICOLTORE,FARMER,0.0483974292874336,0.153043508529663,0.2066710591316223,person
18,AIUTANTE,SUPPORT WORKER,-0.0432801619172096,0.0514823235571384,0.0769242346286773,person
19,AIUTANTE DOMESTICO,DOMESTIC HELP,0.0315795503556728,0.1316159516572952,0.1229610368609428,woman
20,AIUTO,HELP,-0.0281900763511657,0.0273014437407255,0.0669256076216697,person
21,AL COMPUTER,AT THE PC,0.0127065563574433,0.1230455487966537,0.1070193499326706,woman
22,ALLEATA,ALLY,-0.0018891729414463,0.0585740245878696,0.0885329470038414,person
23,ALLENATORE,TRAINER,0.0318112410604953,0.1194489076733589,0.2139700353145599,person
24,ALLIEVA,STUDENT,0.0347621329128742,0.1186059713363647,0.1759187877178192,person
25,ALLIEVO,STUDENT,0.0347621329128742,0.1186059713363647,0.1759187877178192,person
26,ALPHA,ALPHA extension,0.0014681426109746,0.0463342629373073,0.0272629018872976,woman
27,ALPINISTA,MOUNTAINEEPER,0.1942865997552871,0.1737864464521408,0.2528459727764129,person
28,ALTLETA,ATHLETE,0.0856960341334343,0.1774363219738006,0.2675814926624298,person
29,ALUNNA,STUDENT,0.0347621329128742,0.1186059713363647,0.1759187877178192,person
30,ALUNNO,STUDENT,0.0347621329128742,0.1186059713363647,0.1759187877178192,person
31,AMANTE,LOVER,0.0624318644404411,0.1532331258058548,0.2026142328977584,person
32,AMICA,FRIEND,0.0821402892470359,0.09736218303442,0.216457337141037,person
33,AMICO,FRIEND,0.0821402892470359,0.09736218303442,0.216457337141037,person
34,AMMAESTRATORE DI COCORITE,TRAINER OF PAROKETS,0.0449781976640224,0.1229250878095626,0.2243177145719528,person
35,AMMINISTRATORE,ADMINISTRATOR,-0.0284518469125032,0.1222248375415802,0.1554558426141739,person
36,AMMINISTRATRICE,ADMINISTRATOR,-0.0284518469125032,0.1222248375415802,0.1554558426141739,person
37,AMMINISTRATRICE DI CASA,HOUSE ADMINISTRATOR,0.0434665419161319,0.1204237714409828,0.1172495782375335,woman
38,AMMINISTRATRICE DI CONDOMINIO,CONDOMINIUM ADMINISTRATOR,-0.0069582839496433,0.1204221472144126,0.1474041640758514,person
39,ANALISTA,ANALYST,-0.0149044031277298,0.1082080230116844,0.1170387715101242,person
40,ANESTESISTA,ANESTHETIST,-0.0066403038799762,0.0909208953380584,0.1202869340777397,person
41,ANIMALISTA,ANIMALIST,0.1688507795333862,0.2457684874534607,0.2782186567783355,person
42,ANIMATORE,ANIMATOR,0.0008251593681052,0.0765731856226921,0.1790251731872558,person
43,APICOLTORE,BEEKEEPER,0.0588891133666038,0.1508650928735733,0.2274678349494934,person
44,APPROFITTATORE,BENEFITER,0.1072111874818801,0.1287176609039306,0.1782503128051757,person
45,ARBITRO,REFEREE,-0.0419278591871261,0.0768146961927414,0.117518849670887,person
46,ARCHEOLOGA,ARCHAEOLOGIST,-0.0035803434439003,0.1199526935815811,0.1546885371208191,person
47,ARCHEOLOGO,ARCHAEOLOGIST,-0.0035803434439003,0.1199526935815811,0.1546885371208191,person
48,ARCHITETTO,ARCHITECT,0.0284898690879344,0.1566749215126037,0.2267897576093673,person
49,ARCHITETTRICE,ARCHITECT,0.0284898690879344,0.1566749215126037,0.2267897576093673,person
50,ARREDARE CASA,FURNISH HOME,0.042523119598627,0.065733402967453,0.0670204237103462,person
51,ARREDATORE,FURNISHER,0.179031029343605,0.2097493708133697,0.2583570480346679,person
52,ARREDATRICE,FURNISHER,0.179031029343605,0.2097493708133697,0.2583570480346679,person
53,ARROTINA,GRINDER,0.0697031319141388,0.0679358169436454,0.0783496424555778,person
54,ARTIGIANA,ARTISAN,0.0276965368539094,0.0872624292969703,0.1338319033384323,person
55,ARTIGIANO,ARTISAN,0.0276965368539094,0.0872624292969703,0.1338319033384323,person
56,ARTISTA,ARTIST,0.0346127934753894,0.1159616783261299,0.1753762066364288,person
57,ASCOLTARE,TO LISTEN,0.0095220413058996,0.0611037649214267,0.1043719574809074,person
58,ASCOLTATORE,LISTENER,0.0361701622605323,0.1232515275478363,0.2515040338039398,person
59,ASCOLTATRICE,LISTENER,0.0361701622605323,0.1232515275478363,0.2515040338039398,person
60,ASSESSORA,COUNCILOR,0.1739871054887771,0.2659752964973449,0.3107222318649292,person
61,ASSESSORE,COUNCILOR,0.1739871054887771,0.2659752964973449,0.3107222318649292,person
62,ASSICURATRICE,INSURER,0.0181887261569499,0.1050145030021667,0.1268124729394912,person
63,ASSISTENTE,ASSISTANT,-0.0056049213744699,0.089229516685009,0.1237479150295257,person
64,ASSISTENTE SOCIALE,SOCIAL WORKER,0.0340040996670722,0.1381611675024032,0.2235713303089141,person
65,ASTROFISICA,ASTROPHYSICS,-0.0161564592272043,0.0137150632217526,0.0230848044157028,person
66,ASTRONAUTA,ASTRONAUT,0.0257095675915479,0.1104622557759285,0.2097647339105606,person
67,ATLETA,ATHLETE,0.0856960341334343,0.1774363219738006,0.2675814926624298,person
68,ATTORE,ACTOR,0.0512564033269882,0.0922944769263267,0.1895082890987396,person
69,ATTORE DI PROSA,PROSE ACTOR,-0.0092138554900884,0.032508123666048,0.0954048559069633,person
70,ATTRICE,ACTOR,0.0512564033269882,0.0922944769263267,0.1895082890987396,person
71,AUTISTA,DRIVER,0.0601748712360858,0.1127674207091331,0.1937839835882187,person
72,AUTOMOBILISTA,MOTORIST,0.0483702458441257,0.1528710126876831,0.2590540051460266,person
73,AUTORE,AUTHOR,-0.030325623229146,0.0730566456913948,0.1752218157052993,person
74,AVVITARE,SCREW,0.0383593253791332,0.0680538937449455,0.052617497742176,woman
75,AVVOCATO,LAWYER,-0.0128867197781801,0.1062532588839531,0.1257079094648361,person
76,BABBO,DAD,0.0943411514163017,0.0770015940070152,0.1474304795265197,person
77,BABY SITTER,BABY SITTER,0.0113026732578873,0.1368142515420913,0.1760165095329284,person
78,BACIATRICE,KISSER,0.0544380545616149,0.1842272579669952,0.269467681646347,person
79,BADANTE,CAREGIVER,-0.010208467952907,0.1539509296417236,0.1505613774061203,woman
80,BAGNINA,LIFEGUARD,0.0182453151792287,0.1003182530403137,0.1738882809877395,person
81,BAGNINO,LIFEGUARD,0.0182453151792287,0.1003182530403137,0.1738882809877395,person
82,BALLARE,DANCE,0.0252183061093091,0.0740916877985,0.0966728925704956,person
83,BALLERINA,DANCER,0.039651982486248,0.1637114435434341,0.2375948280096054,person
84,BALLERINO,DANCER,0.039651982486248,0.1637114435434341,0.2375948280096054,person
85,BAMBINA,BABY,-0.002551000798121,0.1067473664879798,0.1415478289127349,person
86,BAMBINO,BABY,-0.002551000798121,0.1067473664879798,0.1415478289127349,person
87,BANCARIA,BANKING,0.0080903703346848,0.1027482971549034,0.0865334495902061,woman
88,BANCARIO,BANKING,0.0080903703346848,0.1027482971549034,0.0865334495902061,woman
89,BARBIERE,BARBER SHOP,0.0712141320109367,0.0884539559483528,0.1360768675804138,person
90,BARISTA,BARTENDER,0.0290102735161781,0.1374071091413498,0.2012228220701217,person
91,BARZELLETTIERE,BARZELLETTERE,0.0993221923708915,0.1523877829313278,0.1301733702421188,woman
92,BELLA,NICE,-0.0357783660292625,0.0536374002695083,0.1074080318212509,person
93,BELLO,NICE,-0.0357783660292625,0.0536374002695083,0.1074080318212509,person
94,BENZINAIA,GAS STATION,0.0019825960043817,0.0515983253717422,0.0609550774097442,person
95,BENZINAIO,GAS STATION,0.0019825960043817,0.0515983253717422,0.0609550774097442,person
96,BIDELLA,JANITOR,0.0457425527274608,0.1566852182149887,0.2234677523374557,person
97,BIDELLO,JANITOR,0.0457425527274608,0.1566852182149887,0.2234677523374557,person
98,BIMBA,CHILD,-0.0111029800027608,0.0972833707928657,0.1290779113769531,person
99,BIMBO,CHILD,-0.0111029800027608,0.0972833707928657,0.1290779113769531,person
100,BIOLOGA,BIOLOGIST,0.0043209567666053,0.125181958079338,0.1381081044673919,person
101,BOCCHINARA,MOUTHPIECE,0.0527753978967666,0.1279513835906982,0.1349543631076812,person
102,BRAV'UOMO,GOOD MAN,-0.0405986681580543,0.0003569587424863,0.0498641356825828,person
103,BRAVA,GOOD BOY,-0.0405986681580543,0.0003569587424863,0.0498641356825828,person
104,BRAVA PERSONA,GOOD PERSON,-0.0405986681580543,0.0003569587424863,0.0498641356825828,person
105,BRAVO,GOOD BOY,-0.0405986681580543,0.0003569587424863,0.0498641356825828,person
106,BRICOLEUR,BRICOLEUR,0.0683484598994255,0.1144469678401947,0.1082608103752136,woman
107,BRICOLEUSE,BRICOLEUR,0.0683484598994255,0.1144469678401947,0.1082608103752136,woman
108,BRICOMEN,BRICOLEUR,0.0683484598994255,0.1144469678401947,0.1082608103752136,woman
109,BRUTTO,UGLY,-0.0162792615592479,0.0788731202483177,0.0733376294374466,woman
110,BUGIARDA,YOU LIAR,0.0907971635460853,0.2369549423456192,0.3893338441848755,person
111,BUONA,GOOD,-0.0405986681580543,0.0003569587424863,0.0498641356825828,person
112,CACCIATORE,SOCCER PLAYER,0.070745013654232,0.1823505163192749,0.252663105726242,person
113,CACCIATRICE,SOCCER PLAYER,0.070745013654232,0.1823505163192749,0.252663105726242,person
114,CAGACAZZI,FUCKS,0.0212766751646995,0.0853646770119667,0.02536834590137,woman
115,CALCIATORE,SOCCER PLAYER,0.070745013654232,0.1823505163192749,0.252663105726242,person
116,CALCIATRICE,SOCCER PLAYER,0.070745013654232,0.1823505163192749,0.252663105726242,person
117,CALCOLATORE,COMPUTER,0.0216634087264537,0.1076170653104782,0.0829018056392669,woman
118,CAMBIARE LAMPADINE,CHANGE LIGHT BULBS,-0.0109746027737855,0.0017794911982491,0.0815312415361404,person
119,CAMBIARE LE LAMPADINE,CHANGE LIGHT BULBS,-0.0109746027737855,0.0017794911982491,0.0815312415361404,person
120,CAMERIERA,WAITER,0.035313181579113,0.1295399367809295,0.2242051512002945,person
121,CAMERIERE,WAITER,0.035313181579113,0.1295399367809295,0.2242051512002945,person
122,CAMIONISTA,TRUCK DRIVER,0.0604101382195949,0.1000145450234413,0.1471157670021057,person
123,CANTANTE,SINGER,0.0343220941722393,0.1473599374294281,0.2365901172161102,person
124,CANTARE,SING,-0.0006124392384663,0.0042814356274902,0.0465986132621765,person
125,CANTORE,SINGER,0.0343220941722393,0.1473599374294281,0.2365901172161102,person
126,CAPO,HEAD,-0.023506324738264,0.0867842361330986,0.1532754153013229,person
127,CAPO OFFICINA,WORKSHOP HEAD,-0.0263022258877754,0.0731977820396423,0.1034907400608062,person
128,CAPO PROGETTO,PROJECT LEADER,0.0008636974380351,0.0143159423023462,0.0601847842335701,person
129,CAPOFAMIGLIA,HOUSEHOLDER,0.1482555866241455,0.2273332774639129,0.3502625226974487,person
130,CARABINIERE,CARABINIER,0.0569242127239704,0.0605630986392498,0.1667155474424362,person
131,CARDIOLOGA,CARDIOLOGIST,-0.0164697933942079,0.1139351725578308,0.1245918124914169,person
132,CARPENTIERE,CARPENTER,0.0878595635294914,0.1655291765928268,0.2398001998662948,person
133,CARPENTIERIE,CARPENTER,0.0878595635294914,0.1655291765928268,0.2398001998662948,person
134,CASALINGA,HOMEMADE,0.0177241954952478,0.1401945948600769,0.0907409861683845,woman
135,CASALINGO,HOMEMADE,0.0177241954952478,0.1401945948600769,0.0907409861683845,woman
136,CASINISTA,CASINIST,0.1426311284303665,0.1909052282571792,0.1934429109096527,person
137,CASSIERE,CASHIER,0.0197514817118644,0.1073359325528144,0.1742376685142517,person
138,CAVALIERE,KNIGHT,0.0238606315106153,0.1076050624251365,0.1295533776283264,person
139,CESTISTA,BASKETBALL PLAYER,0.0729490891098976,0.1568339020013809,0.2394673228263855,person
140,CHE CONTRIBUISCE  ALLA VITA QUOTIDIANA,THAT CONTRIBUTES TO EVERYDAY LIFE,0.0249013360589742,0.0995635241270065,0.1288777738809585,person
141,CHEF,CHEF,0.0522531606256961,0.1176410242915153,0.1436890512704849,person
142,CHIACCHIERONA,CHATTERY,0.1072224378585815,0.1052526161074638,0.1560449749231338,person
143,CHIACCHIERONE,CHATTERY,0.1072224378585815,0.1052526161074638,0.1560449749231338,person
144,CHIRURGO,SURGEON,0.0362052433192729,0.1392974406480789,0.1525349020957946,person
145,CHITARRISTA,GUITARIST,0.1020186617970466,0.1381293833255767,0.2639582455158233,person
146,CICCIONE,FAT,0.002902700798586,0.0681775510311126,0.0789217352867126,person
147,CICLISTA,CYCLIST,0.0285355765372514,0.1300031393766403,0.2289278507232666,person
148,CITTADINA,CITIZEN,-0.0028546229004859,0.1019665151834487,0.1499099731445312,person
149,CITTADINO,CITIZEN,-0.0028546229004859,0.1019665151834487,0.1499099731445312,person
150,CLIENTE,CUSTOMER,0.0621442422270774,0.1256089657545089,0.1999385505914688,person
151,COGLIONE,ASSHOLE,0.0635539516806602,0.1002247333526611,0.1224258691072464,person
152,COGNATA,BROTHER IN LAW,0.0908555015921592,0.0927161499857902,0.1535149365663528,person
153,COGNATO,BROTHER IN LAW,0.0908555015921592,0.0927161499857902,0.1535149365663528,person
154,COINQUILINA,ROOMMATE,0.0305222123861312,0.1084897965192794,0.2020408809185028,person
155,COINQUILINO,ROOMMATE,0.0305222123861312,0.1084897965192794,0.2020408809185028,person
156,COLLABORARE ALLA STESURA DELL'OPERA,COLLABORATE IN THE DRAFTING OF THE WORK,0.0229907184839248,0.0405709370970726,0.0689127445220947,person
157,COLLABORATORE,COLLABORATOR,0.002424873644486,0.0456728562712669,0.1498231887817382,person
158,COLLABORATORE IN CASA,HOME COLLABORATOR,0.0068835690617561,0.0367193147540092,0.0524519309401512,person
159,COLLABORATORE PER LE FACCENDE DI CASA,COLLABORATOR FOR HOUSEWORK,0.0254291947931051,0.0775070488452911,0.1413539797067642,person
160,COLLABORATRICE,COLLABORATOR,0.002424873644486,0.0456728562712669,0.1498231887817382,person
161,COLLEGA,COLLEAGUE,0.0099150240421295,0.1349121630191803,0.2287714779376983,person
162,COMICA,COMIC,0.0298450980335474,0.1251966506242752,0.1383851319551468,person
163,COMICO,COMIC,0.0298450980335474,0.1251966506242752,0.1383851319551468,person
164,COMMERCIALISTA,BUSINESS CONSULTANT,-0.024117961525917,0.0724521651864051,0.0755841359496116,person
165,COMMERCIANTE,MERCHANT,0.0333627499639987,0.1049889847636222,0.1853451579809188,person
166,COMMESSA,SHOP ASSISTANT,0.0121025647968053,0.0491479150950908,0.0921822264790535,person
167,COMMESSO,SHOP ASSISTANT,0.0121025647968053,0.0491479150950908,0.0921822264790535,person
168,COMMISSARIA,COMMISSIONER,-0.0288286823779344,0.0952898785471916,0.1142357587814331,person
169,COMMITTENTE,CLIENT,0.0513762608170509,0.1173946633934974,0.1619458049535751,person
170,COMPAGNA,COMPANY,0.002050744369626,0.0568949393928051,0.1163078919053077,person
171,COMPAGNA DI LAVORO,WORK COMPANION,-0.0059094075113534,0.0605014488101005,0.0817965790629386,person
172,COMPAGNA DI STUDI,STUDENT COMPANION,0.0433871373534202,0.1301405578851699,0.2148386836051941,person
173,COMPAGNA DI VITA,LIFE PARTNER,0.0295837074518203,0.1315139681100845,0.1617126017808914,person
174,COMPAGNO,COMPANY,0.002050744369626,0.0568949393928051,0.1163078919053077,person
175,COMPAGNO DI VITA,LIFE PARTNER,0.0295837074518203,0.1315139681100845,0.1617126017808914,person
176,COMPETENTE,QUALIFIED,-0.0154334045946598,0.0958701968193054,0.0846343785524368,woman
177,COMPLICE,PARTNER IN CRIME,0.0402087084949016,0.1763948500156402,0.1737300604581833,woman
178,CON CARLA,WITH CARLA,0.1466603875160217,0.2720216810703277,0.2195757776498794,woman
179,CON GLI AMICI,WITH FRIENDS,0.0858539566397667,0.1005477756261825,0.2266239523887634,person
180,CON GLI ANIMALI,WITH ANIMALS,0.0382882989943027,0.0546831339597702,0.0567517429590225,person
181,CON I BAMBINI,WITH THE CHILDREN,0.0175932478159666,0.1115985959768295,0.1135133281350135,person
182,CON I FIGLI,WITH CHILDREN,0.0114245163276791,0.0977843701839447,0.1096002086997032,person
183,CON LA FAMIGLIA,WITH THE FAMILY,0.0446737445890903,0.1264297664165496,0.1194909363985061,woman
184,CONDOTTIERO,LEADER,0.0849527865648269,0.1269135773181915,0.217536449432373,person
185,CONDUCENTE,DRIVER,0.0601748712360858,0.1127674207091331,0.1937839835882187,person
186,CONDUTTORE,CONDUCTOR,0.0456109791994094,0.0785730332136154,0.1798926144838333,person
187,CONIUGE,SPOUSE,0.0401836521923542,0.2384067326784134,0.1558704525232315,woman
188,CONSIGLIERA,COUNSELOR,-0.0222249310463666,0.1127568855881691,0.1720147728919983,person
189,CONSIGLIERE,COUNSELOR,-0.0222249310463666,0.1127568855881691,0.1720147728919983,person
190,CONSORTE,WIFE,0.0556856282055377,0.3378883302211761,0.1286969631910324,woman
191,CONSULENTE,CONSULTANT,0.0202005952596664,0.1020733118057251,0.112969160079956,person
192,CONTABILE,ACCOUNTANT,-0.0228798203170299,0.1013353988528251,0.1610037088394165,person
193,CONTADINO,FARMER,0.0483974292874336,0.153043508529663,0.2066710591316223,person
194,CONTRALTO,ALTO,0.0224322490394115,0.1009405404329299,0.1201617568731308,person
195,CONVIVENTE,COhabitant,0.0581209175288677,0.2032568156719207,0.1475300341844558,woman
196,COORDINATRICE,COORDINATOR,0.0315777063369751,0.1452473700046539,0.2347735911607742,person
197,COPILOTA,CO-PILOT,-0.0035092420876026,0.0999121144413948,0.1649521887302398,person
198,CORISTA,CHOIR,-0.0368088521063327,0.0003951229155063,0.0708263665437698,person
199,CORRERE,RUN,0.0306632854044437,0.1153812780976295,0.1177302971482276,person
200,CORRIDORE,RUNNER,0.0797353833913803,0.1388902813196182,0.2168477326631546,person
201,COSTRUTTORE,BUILDER,0.0587547123432159,0.1372194588184356,0.2154760509729385,person
202,CREATURA,CREATURE,0.0588215179741382,0.0916779264807701,0.1229673698544502,person
203,CRISTIANA,CHRISTIAN,0.0133451111614704,0.137066513299942,0.2133145779371261,person
204,CRISTIANACCIO,CRISTIAN CHRISTIANS,0.0360263846814632,0.1606315374374389,0.2427211105823516,person
205,CRISTIANO,CHRISTIAN,0.0133451111614704,0.137066513299942,0.2133145779371261,person
206,CRISTO,CHRIST,0.029576264321804,0.1430091261863708,0.2798699736595154,person
207,CUCINARE,TO COOK,0.0483520776033401,0.1022958606481552,0.1310231387615203,person
208,CUCINARE L'ARROSTO,COOKING THE ROAST,0.0222220029681921,0.0590185895562171,0.0445290245115757,woman
209,CUCINIERA,COOK,0.0304586198180913,0.0883451923727989,0.1068124771118164,person
210,CUGINA,COUSIN,-0.0202691871672868,0.0898583382368087,0.1396828293800354,person
211,CUGINO,COUSIN,-0.0202691871672868,0.0898583382368087,0.1396828293800354,person
212,CUOCA,COOK,0.0304586198180913,0.0883451923727989,0.1068124771118164,person
213,CUOCO,COOK,0.0304586198180913,0.0883451923727989,0.1068124771118164,person
214,DANZATRICE,DANCER,0.039651982486248,0.1637114435434341,0.2375948280096054,person
215,DARSI DA FARE,GET TO DO,0.062513493001461,0.0849922075867652,0.1447285413742065,person
216,DATORE DI LAVORO,EMPLOYER,0.0149344289675354,0.1773054599761963,0.2064078003168106,person
217,DATTILOGRAFA,TYPIST,0.029664009809494,0.1242451667785644,0.2196593135595321,person
218,DECORATRICE,DECORATOR,0.0025472959969192,0.0719112232327461,0.1815813481807708,person
219,DENTISTA,DENTIST,0.0481786727905273,0.1633392870426178,0.1701533496379852,person
220,DESIGNER,DESIGNER,0.0040745288133621,0.1246222779154777,0.1446146965026855,person
221,DETECTIVE,DETECTIVES,0.0012849363265559,0.0925366207957267,0.137201115489006,person
222,DETERMINATA,DETERMINED,-0.0153189245611429,0.0390560701489448,0.0328825488686561,woman
223,DIAVOLO,DEVIL,0.0297692827880382,0.0609075687825679,0.1393166184425354,person
224,DIETOLOGO,DIETICIAN,0.001424525049515,0.1453177779912948,0.1245832443237304,woman
225,DIPENDENTE,EMPLOYEE,0.0513284988701343,0.1480045318603515,0.2176912873983383,person
226,DIPINGERE,PAINT,0.0343100242316722,0.1040374413132667,0.117774948477745,person
227,DIRETTORE,DIRECTOR,-0.0330609120428562,0.0686520859599113,0.1250237077474594,person
228,DIRETTRICE,DIRECTOR,-0.0330609120428562,0.0686520859599113,0.1250237077474594,person
229,DIRIGENTE,EXECUTIVE,-0.0287423375993967,0.0784351676702499,0.1153599321842193,person
230,DISEGNARE,DRAW,0.0455777235329151,0.0901978686451911,0.073595143854618,woman
231,DISEGNATORE,DESIGNER,0.0040745288133621,0.1246222779154777,0.1446146965026855,person
232,DISEGNATRICE,DESIGNER,0.0040745288133621,0.1246222779154777,0.1446146965026855,person
233,DISOCCUPATO,UNEMPLOYED,0.0044572171755135,0.1588504463434219,0.1853765547275543,person
234,DISORDINATO,MESSY,0.0311255361884832,0.1170838549733161,0.1044574081897735,woman
235,DISPONIBILE,AVAILABLE,-0.0983992367982864,-0.0091102961450815,0.0023927483707666,person
236,DIVULGATORE,RELEASER,0.1497618108987808,0.1180328056216239,0.2011902630329132,person
237,DJ,DJs,0.0227103549987077,0.1108487322926521,0.2086174637079239,person
238,DOCENTE,PROFESSOR,0.0121911326423287,0.1572220921516418,0.1836024820804596,person
239,DOLCE,SWEET,-0.0547746457159519,0.0444478541612625,0.0622656308114528,person
240,DOMESTICA,DOMESTIC,0.0612842962145805,0.1894475072622299,0.150725781917572,woman
241,DOMESTICO,DOMESTIC,0.0612842962145805,0.1894475072622299,0.150725781917572,woman
242,DONNA,WOMAN,0.0787084251642227,0.4146637618541717,0.1487176418304443,woman
243,DONNA DI CASA,WOMAN OF THE HOUSE,0.0787084251642227,0.4146637618541717,0.1487176418304443,woman
244,DONNAIOLO,PLAY BOY,-0.0433386676013469,0.0521523617208004,0.0789384841918945,person
245,DORMIGLIONE,SLEEPYLONE,0.1859222501516342,0.2048034518957138,0.2128507792949676,person
246,DORMIRE,SLEEP,0.0290358942002058,0.0974793881177902,0.0853099599480629,woman
247,DOTTORE,DOCTOR,0.0042507024481892,0.0846219733357429,0.097620703279972,person
248,DOTTORESSA,DOCTOR,0.0042507024481892,0.0846219733357429,0.097620703279972,person
249,DRIVER,DRIVERS,0.0570052601397037,0.1081484109163284,0.1835890710353851,person
250,ECCELLENTE,EXCELLENT,-0.0376322567462921,0.0251556057482957,0.0519509837031364,person
251,EDUCATORE,EDUCATOR,-0.0433872826397419,0.1343602389097213,0.2049807608127594,person
252,EDUCATRICE,EDUCATOR,-0.0433872826397419,0.1343602389097213,0.2049807608127594,person
253,EFFICIENTE,EFFICIENT,-0.060441967099905,0.0109666632488369,0.0655076056718826,person
254,EGOISTA,SELFISH,0.01836066134274,0.133427157998085,0.2461149543523788,person
255,ELEMENTO,ELEMENT,-0.0530939064919948,0.0208727288991212,0.0325090363621711,person
256,ELETTRAUTO,CAR ELECTRIC,0.0051303436048328,0.0524865090847015,0.0881821066141128,person
257,ELETTRICISTA,ELECTRICIAN,0.0417003184556961,0.0886176824569702,0.1579957455396652,person
258,ESCORT,ESCORT,0.0307553801685571,0.0926091000437736,0.1681868433952331,person
259,ESPERTO,EXPERT,0.0339214392006397,0.1170883551239967,0.146663948893547,person
260,ESSERE,TO BE,-0.0051526986062526,0.0924404114484787,0.1043795123696327,person
261,ESSERE UMANO,HUMAN BEING,0.082321211695671,0.2374987304210662,0.261055052280426,person
262,ESSERE VIVENTE,LIVING BEING,0.0088580548763275,0.0933876261115074,0.1452774107456207,person
263,ESTETISTA,BEAUTICIAN,0.0383924357593059,0.1225695610046386,0.135521188378334,person
264,FABBRO,BLACKSMITH,0.0587553903460502,0.1091166287660598,0.180953562259674,person
265,FACCENDIERE,CLERK,0.0070686871185898,0.0861895903944969,0.1489971727132797,person
266,FACCHINO,PORTER,0.0492640733718872,0.0863566920161247,0.1496354937553405,person
267,FACTOTUM,FACTOTUM,0.0723284259438514,0.1332469284534454,0.2082778364419937,person
268,FAI DA TE,DO-IT-YOURSELF,0.1588508486747741,0.1595995277166366,0.1090928465127945,woman
269,FALEGNAME,CARPENTER,0.0878595635294914,0.1655291765928268,0.2398001998662948,person
270,FANCAZZISTA,WONDERFUL,-0.050140842795372,0.0048404056578874,-0.0222211088985204,woman
271,FANCIULLA,CHILD,-0.0111029800027608,0.0972833707928657,0.1290779113769531,person
272,FANCIULLO,CHILD,-0.0111029800027608,0.0972833707928657,0.1290779113769531,person
273,FANNULLONE,LAUGHTER,-0.0506873317062854,0.085879698395729,0.0497785247862339,woman
274,FARE COSE ANCHE MASCHILI,DOING MALE THINGS TOO,-0.0142946494743227,0.0516030900180339,0.0615635514259338,person
275,FARE DOLCI,MAKING SWEETS,-0.0225312989205122,0.0487217605113983,0.0828203558921814,person
276,FARE I COMPITI,DOING HOMEWORK,-0.0142946494743227,0.0516030900180339,0.0615635514259338,person
277,FARE I CONTI,MAKE THE ACCOUNTS,0.0026661886367946,0.074773371219635,0.0960261076688766,person
278,FARE LA SPESA,DO THE SHOPPING,-0.027194919064641,0.0605539679527282,0.0529284141957759,woman
279,FARE LAVORI PESANTI,DO HEAVY WORK,-0.027194919064641,0.0605539679527282,0.0529284141957759,woman
280,FARE LE FACCENDE DI CASA,DO THE HOUSE CHORES,-0.027194919064641,0.0605539679527282,0.0529284141957759,woman
281,FARE LE FACCENDE DOMESTICHE,DO THE HOUSEWORK,-0.027194919064641,0.0605539679527282,0.0529284141957759,woman
282,FARE LE PULIZIE,DO THE CLEANING,-0.027194919064641,0.0605539679527282,0.0529284141957759,woman
283,FARE PICCOLE RIPARAZIONI,MAKE MINOR REPAIRS,0.0026661886367946,0.074773371219635,0.0960261076688766,person
284,FARE PICCOLI LAVORI DOMESTICI,DO SMALL HOUSEHOLD WORK,-0.027194919064641,0.0605539679527282,0.0529284141957759,woman
285,FARE TUTTO,DO EVERYTHING,-0.027194919064641,0.0605539679527282,0.0529284141957759,woman
286,FARMACISTA,PHARMACIST,-0.0051419306546449,0.1208911910653114,0.1283198595046997,person
287,FARMI SENTIRE BENE,MAKE ME FEEL GOOD,0.0026661886367946,0.074773371219635,0.0960261076688766,person
288,FATTORINO,DELIVERY MAN,0.0528381392359733,0.1074385493993759,0.1148997396230697,person
289,FESSO,FOOL,0.0564463660120964,0.0885737687349319,0.1378990262746811,person
290,FIDANZATA,FIANCÉ,0.1337054967880249,0.2972950637340545,0.2202074974775314,woman
291,FIDANZATO,FIANCÉ,0.1337054967880249,0.2972950637340545,0.2202074974775314,woman
292,FIGA,SOUNDS COOL,-0.0088997660204768,0.0813794508576393,0.0476047322154045,woman
293,FIGLIA,SON,0.0291462540626525,0.1531991213560104,0.1616075187921524,person
294,FIGLIO,SON,0.0291462540626525,0.1531991213560104,0.1616075187921524,person
295,FIGLIOLA,SON,0.0291462540626525,0.1531991213560104,0.1616075187921524,person
296,FIGLIOLO,SON,0.0291462540626525,0.1531991213560104,0.1616075187921524,person
297,FIGO,SOUNDS COOL,-0.0088997660204768,0.0813794508576393,0.0476047322154045,woman
298,FIORAIA,FLOWER SHOP,-0.0214850604534149,0.0858465731143951,0.0369369871914386,woman
299,FIORAIO,FLOWER SHOP,-0.0214850604534149,0.0858465731143951,0.0369369871914386,woman
300,FISIATRA,PHYSIATRIC,0.0455173403024673,0.15115787088871,0.113808549940586,woman
301,FORNAIO,BAKER,0.0173901934176683,0.1176451966166496,0.2224779725074768,person
302,FOTOGRAFA,I PHOTOGRAPH,0.0572798773646354,0.1072447821497917,0.1120975539088249,person
303,FOTOGRAFO,I PHOTOGRAPH,0.0572798773646354,0.1072447821497917,0.1120975539088249,person
304,FRATELLO,BROTHER,0.1064185351133346,0.0841613858938217,0.1428753137588501,person
305,FREELANCE,FREELANCE,-0.027607811614871,0.0894743129611015,0.1221841946244239,person
306,FRUTTIVENDOLA,GREENGROCER,0.0641437172889709,0.0793351754546165,0.1419353932142257,person
307,FRUTTIVENDOLO,GREENGROCER,0.0641437172889709,0.0793351754546165,0.1419353932142257,person
308,FUMETTISTA,CARTOONIST,0.1061051338911056,0.2006637156009674,0.2923164665699005,person
309,FUNZIONARIO,OFFICER,0.0096090426668524,0.1050372123718261,0.1868322491645813,person
310,FURBO,CUNNING,0.0077331867069005,0.1013726666569709,0.0631773993372917,woman
311,GELATAIA,ICE CREAM MAN,0.0253313593566417,0.0480011478066444,0.0332339107990264,woman
312,GELATAIO,ICE CREAM MAN,0.0253313593566417,0.0480011478066444,0.0332339107990264,woman
313,GENERO,SON IN LAW,0.0062729329802095,0.1132146418094635,0.1295840591192245,person
314,GENEROSA,GENEROUS,-0.014013210311532,0.1093065291643142,0.1886613667011261,person
315,GENEROSO,GENEROUS,-0.014013210311532,0.1093065291643142,0.1886613667011261,person
316,GENITORE,PARENT,-0.0113046877086162,0.0932926386594772,0.114966407418251,person
317,GENTILUOMO,GENTLEMAN,0.1503918766975402,0.1658567637205124,0.1704168766736984,person
318,GENTLEMEN,GENTLEMAN,0.1503918766975402,0.1658567637205124,0.1704168766736984,person
319,GEOLOGO,GEOLOGIST,-0.0163893699645996,0.093115359544754,0.1224620044231414,person
320,GEOMETRA,SURVEYOR,-0.010689047165215,0.0959836095571518,0.1741711497306823,person
321,GESTIRE LAVORO E FAMIGLIA,MANAGING WORK AND FAMILY,0.031511690467596,0.081661619246006,0.0841514021158218,person
322,GESTIRE LE SITUAZIONI,MANAGING SITUATIONS,0.0218061935156583,0.0617380179464817,0.0764093622565269,person
323,GIARDINIERA,GARDENER,0.0568363517522811,0.1200599074363708,0.1902178972959518,person
324,GIARDINIERE,GARDENER,0.0568363517522811,0.1200599074363708,0.1902178972959518,person
325,GINECOLOGA,GYNECOLOGIST,0.0668340623378753,0.2254875153303146,0.1374127864837646,woman
326,GINECOLOGO,GYNECOLOGIST,0.0668340623378753,0.2254875153303146,0.1374127864837646,woman
327,GIOCARE,TO PLAY,-0.03441147133708,0.0646270737051963,0.1272465139627456,person
328,GIOCARE A TENNIS,PLAY TENNIS,-0.0433386676013469,0.0521523617208004,0.0789384841918945,person
329,GIOCATORE,PLAYER,0.0696235597133636,0.1618286967277526,0.2672567963600158,person
330,GIOCATORE DI TENNIS,PLAY TENNIS,-0.0433386676013469,0.0521523617208004,0.0789384841918945,person
331,GIOCATRICE,PLAYER,0.0696235597133636,0.1618286967277526,0.2672567963600158,person
332,GIOCATRICE DI GOLF,GOLF PLAYER,0.069456972181797,0.1282462030649185,0.1792269647121429,person
333,GIOCHERELLONA,PLAYFUL,-0.017208494246006,0.1047131046652793,0.185037150979042,person
334,GIOCOLIERE,JUGGLER,0.0925074517726898,0.1503358781337738,0.2352410554885864,person
335,GIORNALISTA,JOURNALIST,-0.0381063558161258,0.0815214067697525,0.1652087867259979,person
336,GIOVANE,YOUNG,0.0122512066736817,0.0990562438964843,0.1707561761140823,person
337,GIOVANOTTO,YOUNG MAN,0.0122512066736817,0.0990562438964843,0.1707561761140823,person
338,GIOVINE,YOUNG,0.0122512066736817,0.0990562438964843,0.1707561761140823,person
339,GIUDICE,JUDGE,-0.0111236497759819,0.0950542241334915,0.1666642725467682,person
340,GOMMISTA,TIRE SHOP,0.0302102584391832,0.044501356780529,0.0426446534693241,woman
341,GRAFICO,GRAPHIC,-0.0045121172443032,0.0909617617726326,0.0473284646868705,woman
342,GRUISTA,CRANE OPERATOR,0.049677737057209,0.1145884171128273,0.1939328908920288,person
343,GUADAGNARE,TO GAIN,0.0050048888660967,0.0380730405449867,0.091409832239151,person
344,GUAGLIONA,GUAGLION,0.1991406381130218,0.2044149190187454,0.1802993863821029,woman
345,GUAGLIONE,GUAGLION,0.1991406381130218,0.2044149190187454,0.1802993863821029,woman
346,GUASCONE,Gascon,0.1545945405960083,0.0632366091012954,0.054177638143301,man
347,GUIDA TURISTICA,TOURIST GUIDE,0.0181659441441297,0.0591019764542579,0.172834575176239,person
348,GUIDARE,TO DRIVE,-0.0011685788631439,0.0699679255485534,0.1261120587587356,person
349,GUIDATORE,DRIVER,0.0601748712360858,0.1127674207091331,0.1937839835882187,person
350,GUIDATRICE,DRIVER,0.0601748712360858,0.1127674207091331,0.1937839835882187,person
351,HANDYMAN,HANDYMAN,0.1788019090890884,0.1399963796138763,0.1763622611761093,man
352,IDRAULICA,PLUMBER,0.0876540392637252,0.1444995403289795,0.1937453150749206,person
353,IDRAULICO,PLUMBER,0.0876540392637252,0.1444995403289795,0.1937453150749206,person
354,ILLUSTRATRICE,ILLUSTRATOR,0.0321147814393043,0.1449775695800781,0.2016357630491256,person
355,IMBIANCHINO,PAINTER,0.0590242035686969,0.1319291740655899,0.1912503540515899,person
356,IMITATORE,IMITATOR,-0.0108985286206007,0.0474027097225189,0.2839745283126831,person
357,IMPEGNATA,ENGAGED,-0.0317727252840995,0.0361788123846054,0.0943410173058509,person
358,IMPERATORE,EMPEROR,0.0505599156022071,0.1070101335644722,0.1741465777158737,person
359,IMPIANTISTA,PLANT INSTALLER,-0.0134222330525517,0.0083776479586958,0.0557659454643726,person
360,IMPIEGATA,EMPLOYEE,0.0513284988701343,0.1480045318603515,0.2176912873983383,person
361,IMPIEGATO,EMPLOYEE,0.0513284988701343,0.1480045318603515,0.2176912873983383,person
362,IMPRENDITORE,ENTREPRENEUR,0.0206234455108642,0.1572375744581222,0.2691695094108581,person
363,IMPRENDITRICE,ENTREPRENEUR,0.0206234455108642,0.1572375744581222,0.2691695094108581,person
364,IMPROVVISATORE,IMPROVISER,0.1761270761489868,0.1639309376478195,0.2270721197128296,person
365,IN BICILETTA,BY BIKE,-0.0165703445672988,0.040746234357357,0.0430055521428585,person
366,IN CASA,IN HOME,0.051314640790224,0.0973542928695678,0.1224514544010162,person
367,IN CUCINA,IN THE KITCHEN,0.0998194739222526,0.1028736308217048,0.099867358803749,woman
368,IN MATEMATICA,IN MATHEMATICS,0.0645457953214645,0.0818904116749763,0.0927281901240348,person
369,IN TUTTO,IN EVERYTHING,0.0941442251205444,0.0899827927350997,0.1145548224449157,person
370,INCLASSIFICABILE,UNCLASSIFIABLE,0.0308527890592813,0.0678341388702392,0.0500987619161605,woman
371,INDIVIDUO,INDIVIDUAL,0.0659084767103195,0.143856480717659,0.3216739892959595,person
372,INDOLENTE,INDOLENT,-0.0506960041821002,0.0599939487874507,0.0892004370689392,person
373,INESISTENTE,INEXISTENT,0.1633994728326797,0.2066735178232193,0.1587514877319336,woman
374,INETTO,INEPT,-0.0137754501774907,0.0913520231842994,0.1195850446820259,person
375,INFERMIERA,MALE NURSE,0.1580331325531005,0.2832237780094147,0.1751130670309066,woman
376,INFERMIERE,MALE NURSE,0.1580331325531005,0.2832237780094147,0.1751130670309066,woman
377,INFLUENZARE IL PENSIERO DEL GRUPP,INFLUENCE THE THINKING OF THE GROUP,-0.021497318521142,-0.0141661269590258,0.0675219073891639,person
378,INFORMATICA,COMPUTER SCIENTIST,0.0051802215166389,0.1070902794599533,0.1162134185433387,person
379,INFORMATICO,COMPUTER SCIENTIST,0.0051802215166389,0.1070902794599533,0.1162134185433387,person
380,INGEGNERE,ENGINEER,-0.0091642793267965,0.0968379378318786,0.1442058384418487,person
381,INQUILINA,TENANT,0.0010932795703411,0.1002826765179634,0.179283931851387,person
382,INQUILINO,TENANT,0.0010932795703411,0.1002826765179634,0.179283931851387,person
383,INSEGNANTE,TEACHER,-0.0113374656066298,0.1261634230613708,0.1999184489250183,person
384,INSEGNANTE DI YOGA,YOGA TEACHER,-0.00093583954731,0.1035647392272949,0.146418422460556,person
385,INSEGNARE,TO TEACH,0.0104782041162252,0.0742600858211517,0.2083549052476883,person
386,INSTALLATORE,INSTALLER,0.1048251166939735,0.1073460355401039,0.0985578596591949,woman
387,INSTALLATRICE,INSTALLER,0.1048251166939735,0.1073460355401039,0.0985578596591949,woman
388,INTELLIGENTE,INTELLIGENT,0.0144946174696087,0.164547711610794,0.1767939180135727,person
389,INTENDITORE,CONNOISSEUR,0.0175673980265855,0.0892876610159874,0.1403474956750869,person
390,INTERLOCUTORE,INTERLOCUTOR,0.0718468204140663,0.0984903946518898,0.2508173882961273,person
391,INTERPRETE,INTERPRETER,-0.0170612707734107,0.1057800948619842,0.207396775484085,person
392,INTERPRETE DELLA PARITà DI GENERE,INTERPRETER OF GENDER EQUALITY,0.0057623055763542,0.1888627558946609,0.2013106197118759,person
393,INTRATTENITORE,ENTERTAINER,0.0412229150533676,0.1755588799715042,0.2715312242507934,person
394,INVENTORE,INVENTOR,0.0081144124269485,0.1108280569314956,0.2290881127119064,person
395,ISTRUTTORE,INSTRUCTOR,-0.0266738012433052,0.1143734231591224,0.1688586175441742,person
396,JUVENTINA,JUVENTINO,0.121312215924263,0.1289536505937576,0.1727321147918701,person
397,JUVENTINO,JUVENTINO,0.121312215924263,0.1289536505937576,0.1727321147918701,person
398,LAMENTARSI,TO COMPLAIN,0.0150332944467663,0.0763359144330024,0.0830541774630546,person
399,LAVANDAIA,LAUNDRYMAN,0.1092665046453476,0.1323676854372024,0.1707551032304763,person
400,LAVANDAIO,LAUNDRYMAN,0.1092665046453476,0.1323676854372024,0.1707551032304763,person
401,LAVATIVO,WASHING,-0.0182779822498559,0.1016273349523544,0.1161545366048812,person
402,LAVORARE,TO WORK,-0.0250888932496309,0.0746520906686782,0.1514893621206283,person
403,LAVORATORE,WORKER,0.0723586753010749,0.1492487490177154,0.2047394812107086,person
404,LAVORATORE AUTONOMO,SELF EMPLOYED,0.0309744197875261,0.1085954308509826,0.1873796135187149,person
405,LAVORATORE DOMESTICO,DOMESTIC WORKER,0.0618718080222606,0.1669433712959289,0.1621129214763641,woman
406,LAVORATRICE,WORKER,0.0723586753010749,0.1492487490177154,0.2047394812107086,person
407,LAVORATRICE AUTONOMA,SELF EMPLOYED,0.0309744197875261,0.1085954308509826,0.1873796135187149,person
408,LAVORATRICE MADRE,WORKING MOTHER,-0.0176626611500978,0.0523895137012004,0.0848537608981132,person
409,LAVORATRICE PROFESSIONISTA IN REMOTO,PROFESSIONAL REMOTE WORKER,0.0198291428387165,0.1426451802253723,0.1893174648284912,person
410,LAVORATRICE SMARTWORKING,SMARTWORKING WORKER,0.0328731462359428,0.1244727447628974,0.163539782166481,person
411,LAVORI DOMESTICI,HOUSEWORKS,0.0430887602269649,0.1274836957454681,0.093369260430336,woman
412,LECCACULO,ASS-GUCK,0.1726693212985992,0.2095222026109695,0.1725653111934662,woman
413,LEGGERE,TO READ,-0.0035077277570962,0.0692804902791976,0.0949562191963195,person
414,LETTORE,READER,-0.0329640246927738,0.1002599075436592,0.1939040869474411,person
415,LETTRICE,READER,-0.0329640246927738,0.1002599075436592,0.1939040869474411,person
416,LEVIGARE,SMOOTH,-0.0202771760523319,-0.0413921438157558,0.028177423402667,person
417,LIBERA PROFESSIONISTA,FREELANCE,-0.027607811614871,0.0894743129611015,0.1221841946244239,person
418,MACCHINISTA,MACHINIST,0.0758691504597663,0.1461112797260284,0.1936243027448654,person
419,MACELLAIO,BUTCHER,0.1061822697520256,0.1728751212358474,0.2010440528392791,person
420,MADRE,MOTHER,-0.0010859835892915,0.2209789901971817,0.0554334186017513,woman
421,MAESTRA,MASTER,0.0533195510506629,0.0914085283875465,0.1436962336301803,person
422,MAESTRO,MASTER,0.0533195510506629,0.0914085283875465,0.1436962336301803,person
423,MAESTRO DI SCI,SKI INSTRUCTOR,0.0053680408746004,0.0951549038290977,0.1638213694095611,person
424,MAGGIORDOMO,BUTLER,0.0757324919104576,0.1042128801345825,0.1821518838405609,person
425,MAMMA,MOM,0.0033372968900948,0.2340079545974731,0.0940992012619972,woman
426,MANAGER,MANAGER,0.0454718098044395,0.1530303955078125,0.1763732582330703,person
427,MANAGER DELLA CASA,HOUSE MANAGER,0.0434665419161319,0.1204237714409828,0.1172495782375335,woman
428,MANGIARE,TO EAT,0.0535415261983871,0.077251061797142,0.0819783359766006,person
429,MANGIATORE DI PASTICCINI,PASTRY EATER,0.0428471155464649,0.1109606027603149,0.1565578579902649,person
430,MANGIONE,GLUTTON,0.1240878105163574,0.1960063278675079,0.2152173817157745,person
431,MANOVALE,LABOR WORKER,0.0098228817805647,0.0917110294103622,0.0654822587966919,woman
432,MANUTENTORE,MAINTAINER,0.0555806756019592,0.1320604830980301,0.2862025797367096,person
433,MANUTENTRICE,MAINTAINER,0.0555806756019592,0.1320604830980301,0.2862025797367096,person
434,MARINAIO,SAILOR MAN,0.1250723302364349,0.2390221357345581,0.2077945172786712,woman
435,MARITO,HUSBAND,0.1022611111402511,0.2619554102420807,0.1455139070749282,woman
436,MASSAGGIATORE,MASSAGE THERAPIST,-0.0071956482715904,0.1206301152706146,0.1246377006173133,person
437,MASSAGGIATRICE,MASSAGE THERAPIST,-0.0071956482715904,0.1206301152706146,0.1246377006173133,person
438,MASSAIA,MASSAGER,0.00482291681692,0.1576361507177353,0.1656838506460189,person
439,MASSAIO,MASSAGER,0.00482291681692,0.1576361507177353,0.1656838506460189,person
440,MATEMATICO,MATHEMATICAL,-0.0046670534648001,0.0784668400883674,0.0713891386985778,woman
441,MECCANICA,MECHANIC,0.0432307384908199,0.1361708343029022,0.1751949042081833,person
442,MECCANICO,MECHANIC,0.0432307384908199,0.1361708343029022,0.1751949042081833,person
443,MEDIATRICE,MEDIATOR,-0.007615799549967,0.0934023410081863,0.1666478365659713,person
444,MEDICO,DOCTOR,0.0042507024481892,0.0846219733357429,0.097620703279972,person
445,MEDICO DI BASE,BASIC DOCTOR,-0.0136400619521737,0.0795203298330307,0.0600476004183292,woman
446,MENEFREGHISTA,CARELESS,-0.0010440405458211,0.0735631361603736,0.1276676505804062,person
447,MERETRICE,MERENTOR,0.1655888855457306,0.2089697271585464,0.1944504827260971,woman
448,MIGNOTTA,BITCH,0.0220142770558595,0.1385280489921569,0.1146031990647316,woman
449,MILITARE,MILITARY,0.0504661947488784,0.1091836616396904,0.123601384460926,person
450,MINISTRA,MINISTER,-0.0011211428791284,0.0925666764378547,0.1249386221170425,person
451,MOGLIE,WIFE,0.0556856282055377,0.3378883302211761,0.1286969631910324,woman
452,MOGLIETTINA,WIFE,0.0556856282055377,0.3378883302211761,0.1286969631910324,woman
453,MONTARE,SET UP,0.0027132648974657,0.0992791354656219,0.1241538226604461,person
454,MOTOCICLISTA,MOTORCYCLIST,0.0877216607332229,0.1705003082752227,0.2475869059562683,person
455,MULTITASKING,MULTITASKING,0.0793072953820228,0.1400287002325058,0.1188042759895324,woman
456,MURATORE,MASON,0.0739798471331596,0.0934403538703918,0.1730799525976181,person
457,MUSICISTA,MUSICIAN,0.0296257119625806,0.121509663760662,0.2081089913845062,person
458,NARCISO,NARCISSUS,0.0479694828391075,0.0989935994148254,0.0769553035497665,woman
459,NARRATORE,NARRATOR,-0.010988594032824,0.1089139878749847,0.2411760240793228,person
460,NAVIGATRICE,NAVIGATOR,-0.0031390006188303,0.0646456182003021,0.125972181558609,person
461,NEGOZIANTE,RETAILER,0.0616005323827266,0.0994839295744896,0.1783589571714401,person
462,NEI CALCOLI,IN THE CALCULATIONS,0.0608202666044235,0.0733310654759407,0.0769005864858627,person
463,NEI LAVORI DI CASA,IN HOUSE WORK,0.0735529735684394,0.1252642571926117,0.1356287151575088,person
464,NEL BRICOLAGE,IN THE DIY,0.0980385467410087,0.0956821888685226,0.109937660396099,person
465,NEL DISEGNO,IN THE DRAWING,0.0555240809917449,0.0937117561697959,0.1091778948903083,person
466,NEL FAI DA TE,IN THE DIY,0.0980385467410087,0.0956821888685226,0.109937660396099,person
467,NEL LAVORO,AT WORK,-0.0010550358565524,0.1348013430833816,0.1551705449819564,person
468,NELLA ESECUZIONE,IN THE EXECUTION,0.0362747535109519,0.0984647870063781,0.1216980144381523,person
469,NELLA GESTIONE,IN THE MANAGEMENT,0.0711334645748138,0.0785552859306335,0.0875138193368911,person
470,NELLE FACCENDE DI CASA,IN THE HOUSE CHOICES,0.0890153497457504,0.1444727629423141,0.1513905823230743,person
471,NELLE FACCENDE DOMESTICHE,IN THE HOUSEHOLD WORK,0.0708890706300735,0.1417852342128753,0.1463255882263183,person
472,NELLE MANUTENZIONI,IN MAINTENANCE,0.0662064030766487,0.1079529896378517,0.1110544949769973,person
473,NELLO SPORT,IN SPORTS,0.0873234346508979,0.1268897056579589,0.1807811856269836,person
474,NETTURBINO,DUSTMAN,0.1498019695281982,0.1181583106517791,0.2155483067035675,person
475,NEUROLOGA,NEUROLOGIST,-0.0212505627423524,0.0978830531239509,0.1310107558965683,person
476,NIPOTE,GRANDSON,0.1158446595072746,0.1497080326080322,0.1338032335042953,woman
477,NIPOTINO,NEPHEW,0.0376758873462677,0.0775463208556175,0.1183204501867294,person
478,NONNA,NOT NO,0.021058952435851,0.0213720574975013,-0.0398008748888969,woman
479,NONNO,NOT NO,0.021058952435851,0.0213720574975013,-0.0398008748888969,woman
480,NOTAIO,NOTARY,-0.0007562115788459,0.0874629244208335,0.1938636302947998,person
481,NULLAFACENTE,NOTHING,0.0441714189946651,0.0343753062188625,0.0431426540017128,man
482,NUOTARE,TO SWIM,0.0078433444723486,0.0915699675679206,0.106674700975418,person
483,NUOTATORE,SWIMMER,0.0113521348685026,0.1413875967264175,0.2534443438053131,person
484,NUOTATRICE,SWIMMER,0.0113521348685026,0.1413875967264175,0.2534443438053131,person
485,OMETTO,OMIT,-0.0206253509968519,0.0123164504766464,0.0242815371602773,person
486,OMINO,little man,0.0304409507662057,0.1043636128306388,0.1224702522158622,person
487,OPERAIA,WORKER,0.0723586753010749,0.1492487490177154,0.2047394812107086,person
488,OPERAIO,WORKER,0.0723586753010749,0.1492487490177154,0.2047394812107086,person
489,OPERATORE,OPERATOR,0.0733070150017738,0.1278286427259445,0.2681492269039154,person
490,OPERATORE A COMPUTER,COMPUTER OPERATOR,0.0403678491711616,0.118916317820549,0.1694770604372024,person
491,OPERATORE DI GRU,CRANE OPERATOR,0.049677737057209,0.1145884171128273,0.1939328908920288,person
492,OPERATORE ECOLOGICO,ECOLOGICAL OPERATOR,0.0169251076877117,0.1100621968507766,0.2005603611469268,person
493,OPERATORE INFORMATICO,COMPUTER OPERATOR,0.0403678491711616,0.118916317820549,0.1694770604372024,person
494,OPERATRICE,OPERATOR,0.0733070150017738,0.1278286427259445,0.2681492269039154,person
495,OPPORTUNISTA,OPPORTUNIST,0.0825115516781807,0.1356740444898605,0.2686729431152344,person
496,ORATORE,SPEAKER,0.0401809029281139,0.1147694513201713,0.218639999628067,person
497,ORATRICE,SPEAKER,0.0401809029281139,0.1147694513201713,0.218639999628067,person
498,ORDINARE IN CASA,ORDER AT HOME,-0.0366549678146839,0.0391573458909988,0.0324506722390651,woman
499,ORGANIZZARE,ORGANIZE,0.0134971039369702,0.0437252148985862,0.0665523558855056,person
500,ORGANIZZARE FESTE,ORGANIZE PARTIES,0.0159716363996267,0.0579021014273166,0.1136350408196449,person
501,ORGANIZZARE RIUNIONI,ORGANIZE MEETINGS,0.0082613108679652,0.0375151969492435,0.0710537210106849,person
502,ORGANIZZATORE,MANAGER,0.0454718098044395,0.1530303955078125,0.1763732582330703,person
503,ORGANIZZATRICE,MANAGER,0.0454718098044395,0.1530303955078125,0.1763732582330703,person
504,OSPITE,GUEST,0.0067357891239225,0.084517166018486,0.1655900478363037,person
505,OSSERVATORE,OBSERVER,0.0584436058998107,0.144767627120018,0.2750749289989471,person
506,OSTETRICA,OBSTETRICIAN,-0.0259603485465049,0.1512145698070526,0.1060795187950134,woman
507,OSTETRICO,OBSTETRICIAN,-0.0259603485465049,0.1512145698070526,0.1060795187950134,woman
508,PADRE,FATHER,0.02854466997087,-0.0053660008125007,0.0777738541364669,person
509,PADRE DI FAMIGLIA,FATHER OF THE FAMILY,0.02854466997087,-0.0053660008125007,0.0777738541364669,person
510,PADRONA,MASTER,0.0533195510506629,0.0914085283875465,0.1436962336301803,person
511,PADRONA DI CASA,HOUSEHOLDER,0.1482555866241455,0.2273332774639129,0.3502625226974487,person
512,PADRONE,MASTER,0.0533195510506629,0.0914085283875465,0.1436962336301803,person
513,PADRONE DI CASA,HOUSEHOLDER,0.1482555866241455,0.2273332774639129,0.3502625226974487,person
514,PALLAVOLISTA,VOLLEYBALL PLAYER,0.0549187585711479,0.1584195047616958,0.2464195489883422,person
515,PANETTIERE,BAKER,0.0173901934176683,0.1176451966166496,0.2224779725074768,person
516,PAPA',Pope,0.0483847446739673,0.130042165517807,0.2113257199525833,person
517,PAPPONE,PIMP,0.1132613196969032,0.1799818277359008,0.2060551047325134,person
518,PARACULO,PARACULO,0.1381916254758834,0.1303234547376632,0.115088365972042,man
519,PARLARE,SPEAK,0.0134310452267527,0.0251803323626518,0.086907148361206,person
520,PARLATORE,TALKER,0.0350851193070411,0.0986630097031593,0.2531768083572387,person
521,PARRUCCHIERA,HAIR SALON,0.0221536960452795,0.0868314728140831,0.0818030834197998,woman
522,PARRUCCHIERE,HAIR SALON,0.0221536960452795,0.0868314728140831,0.0818030834197998,woman
523,PARTNER,PARTNER,0.0398772545158863,0.1983256787061691,0.1721086353063583,woman
524,PASTICCERA,PASTRY CHEF,0.0164719000458717,0.0980598926544189,0.0826075002551078,woman
525,PASTICCERE,PASTRY CHEF,0.0164719000458717,0.0980598926544189,0.0826075002551078,woman
526,PASTICCIONE,BUDDLED,0.1990611851215362,0.1970757693052292,0.1679802238941192,man
527,PASTORE,SHEPHERD,0.0076766614802181,0.0778727233409881,0.1847287863492965,person
528,PATATONE,POTATO,-0.0215267017483711,0.048235110938549,0.0364956893026828,woman
529,PATTINATRICE,SKATER,0.086778812110424,0.1182021424174308,0.2097079455852508,person
530,PEDIATRA,PEDIATRICIAN,-0.0090891076251864,0.1130852028727531,0.1229317933320999,person
531,PEDICURE,PEDICURE,0.0199179984629154,0.1415822505950927,0.0929905250668525,woman
532,PELANDRONE,PELANDRONE,0.1088745445013046,0.1292962878942489,0.1612630486488342,person
533,PENSATORE,THINKER,0.0414176434278488,0.098392330110073,0.2055825740098953,person
534,PERDIGIORNO,WASTER,0.0524552762508392,0.13050577044487,0.2734595239162445,person
535,PERSONA,PERSON,0.1467750519514084,0.3124619722366333,0.5620523691177368,person
536,PERSONAGGIO,CHARACTER,-0.0057959896512329,0.1298875212669372,0.2300109714269638,person
537,PESCATORE,FISHERMAN,0.0510076619684696,0.1410273164510727,0.2104391008615493,person
538,PIANIFICARE,TO PLAN,0.0043312888592481,0.0540711432695388,0.0587386935949325,person
539,PIANISTA,PIANIST,0.0969472751021385,0.1917737126350402,0.2974332869052887,person
540,PIGRONE,LAZY,0.002118760952726,0.0962022766470909,0.1337186694145202,person
541,PILOTA,PILOT,0.0184526722878217,0.0999818369746208,0.1900313198566436,person
542,PILOTA DI MOTO,MOTORBIKE PILOT,0.0454447455704212,0.0963220670819282,0.150782972574234,person
543,PIRLA,PIRLA,0.1688570976257324,0.2659299373626709,0.1879717260599136,woman
544,PIRLONE,PYRLONE,0.1698359251022339,0.1690256595611572,0.1257601380348205,man
545,PISCHELLO,PISCHELLO,0.1282818913459777,0.1437089741230011,0.1311546266078949,woman
546,PITTORE,PAINTER,0.0590242035686969,0.1319291740655899,0.1912503540515899,person
547,PITTRICE,PAINTER,0.0590242035686969,0.1319291740655899,0.1912503540515899,person
548,PIZZAIOLO,PIZZA MAKER,0.0632798597216606,0.1040052026510238,0.1424572020769119,person
549,POETA,POET,-0.0084490962326526,0.0643141195178031,0.1851558685302734,person
550,POKERISTA,POKER PLAYER,0.0560936704277992,0.1428297162055969,0.1984588056802749,person
551,POLIEDRICA,VERSATILE,-0.0574128031730651,0.0343924909830093,0.1068209931254386,person
552,POLITICA,POLICY,0.0006732577458024,0.1089316457509994,0.1084156781435012,woman
553,POLITOLOGO,POLITICAL EXPERT,0.0221652723848819,0.1340822875499725,0.1627660989761352,person
554,POLIZIOTTA,POLICEMAN,0.0159738585352897,0.0835827738046646,0.1339638233184814,person
555,POLIZIOTTO,POLICEMAN,0.0159738585352897,0.0835827738046646,0.1339638233184814,person
556,POMPIERA,FIREMAN,0.0538321658968925,0.0960987359285354,0.1043390110135078,person
557,POMPIERE,FIREMAN,0.0538321658968925,0.0960987359285354,0.1043390110135078,person
558,POMPINARA,BLOWJOB,0.0657300874590873,0.1406537443399429,0.0706997662782669,woman
559,PORNODIVO,PORNSTAR,0.1188980638980865,0.2990930378437042,0.2291281670331955,woman
560,POSATORE,INSTALLER,0.1048251166939735,0.1073460355401039,0.0985578596591949,woman
561,POSTINA,DELIVERY MAN,0.0528381392359733,0.1074385493993759,0.1148997396230697,person
562,POSTINO,DELIVERY MAN,0.0528381392359733,0.1074385493993759,0.1148997396230697,person
563,PRECISO,ACCURATE,-0.0839781612157821,-0.0035624308511614,0.0534159056842327,person
564,PRENDERSI CURA DI Sè E DI CARLA,TAKE CARE OF YOURSELF AND OF CARLA,0.0005267635569907,0.1146327331662178,0.1349251717329025,person
565,PREPARARE I DOLCI,PREPARE SWEETS,0.0190450269728899,0.0210165716707706,0.0431922599673271,person
566,PREPARARE LA COLAZIONE,PREPARE BREAKFAST,0.0190450269728899,0.0210165716707706,0.0431922599673271,person
567,PRESENTATORE,ANNOUNCER,0.0235655847936868,0.1251252293586731,0.2118251472711563,person
568,PRESENTATRICE,ANNOUNCER,0.0235655847936868,0.1251252293586731,0.2118251472711563,person
569,PRESIDENTE,PRESIDENT,-0.0415644869208335,0.1362356096506118,0.1341638565063476,woman
570,PRESIDENTE DEL CONSIGLIO,PRIME MINISTER,0.0271809790283441,0.0507175140082836,0.1137724891304969,person
571,PRESTIDIGITATORE,PRESTIDIGITATOR,0.0515878945589065,0.0914643257856369,0.2267413586378097,person
572,PRESTIGIATORE,MAGICIAN,0.0333241373300552,0.0834864974021911,0.1504625231027603,person
573,PRETE,PRIEST,0.0142829408869147,0.1082326620817184,0.168101817369461,person
574,PROFESSIONALE,PROFESSIONAL,0.0332572497427463,0.1650357395410537,0.1808692961931228,person
575,PROFESSIONISTA,PROFESSIONAL,0.0332572497427463,0.1650357395410537,0.1808692961931228,person
576,PROFESSIONISTA DELLA PULIZIA DI CASA,PROFESSIONAL HOUSE CLEANING,0.0091147199273109,0.1621632725000381,0.187059611082077,person
577,PROFESSORE,PROFESSOR,0.0121911326423287,0.1572220921516418,0.1836024820804596,person
578,PROFESSORESSA,PROFESSOR,0.0121911326423287,0.1572220921516418,0.1836024820804596,person
579,PROGETTARE,TO DESIGN,-0.0011788179399445,0.0779584720730781,0.0652230009436607,woman
580,PROGETTISTA,DESIGNER,0.0040745288133621,0.1246222779154777,0.1446146965026855,person
581,PROGRAMMATORE,PROGRAMMER,0.0245215725153684,0.1388765424489975,0.2064851820468902,person
582,PROGRAMMATRICE,PROGRAMMER,0.0245215725153684,0.1388765424489975,0.2064851820468902,person
583,PROJECT MANAGER,PROJECT MANAGER,0.0008636974380351,0.0143159423023462,0.0601847842335701,person
584,PSICHIATRA,PSYCHIATRIST,0.0243402011692523,0.1460365056991577,0.1835291385650634,person
585,PSICOLOGA,PSYCHOLOGIST,0.0072681386955082,0.1506059765815735,0.2240630686283111,person
586,PSICOLOGO,PSYCHOLOGIST,0.0072681386955082,0.1506059765815735,0.2240630686283111,person
587,PUGILE,BOXER,0.0566505193710327,0.1346383094787597,0.2079415768384933,person
588,PULIRE,TO CLEAN,0.0047938381321728,0.0980262905359268,0.0942720770835876,woman
589,PULIRE CASA,CLEAN HOUSE,-0.0085218790918588,0.0695569068193435,0.0645177066326141,woman
590,PULITORE,CLEANER,-0.0123629821464419,0.0743505805730819,0.1317782253026962,person
591,PULITRICE,CLEANER,-0.0123629821464419,0.0743505805730819,0.1317782253026962,person
592,RAGAZZA,BOY,0.1078972741961479,0.1659448891878128,0.1411303728818893,woman
593,RAGAZZINO,LITTLE BOY,-0.0134068671613931,0.0418553799390792,0.0701935142278671,person
594,RAGAZZO,BOY,0.1078972741961479,0.1659448891878128,0.1411303728818893,woman
595,RAGIONIERA,ACCOUNTANT,-0.0228798203170299,0.1013353988528251,0.1610037088394165,person
596,RAGIONIERE,ACCOUNTANT,-0.0228798203170299,0.1013353988528251,0.1610037088394165,person
597,RECRUITER,RECRUITERS,0.0150452386587858,0.0482981093227863,0.1643092334270477,person
598,REGISTA,MOVIE DIRECTOR,0.0263031795620918,0.1035240218043327,0.1192199736833572,person
599,RELAZIONANDOSI,RELATING,0.0011704975040629,0.0306587666273117,0.0866846740245819,person
600,RESPONSABILE,RESPONSIBLE,-0.0603950023651123,0.0769679993391037,0.1358821988105774,person
601,RESTAURATRICE,RESTORER,0.0164233092218637,0.1219811290502548,0.1629002839326858,person
602,RICERCATORE,RESEARCHER,-0.0162038672715425,0.1180791854858398,0.1553534567356109,person
603,RICERCATRICE,RESEARCHER,-0.0162038672715425,0.1180791854858398,0.1553534567356109,person
604,RIDERE,LAUGH,-0.0203166827559471,0.0566973239183425,0.0128696393221616,woman
605,RIORDINARE,REORDER,0.0433087162673473,0.0722100287675857,0.0487953089177608,woman
606,RIORDINATORE,UNSORCERER,0.1592761576175689,0.1691125035285949,0.1769094169139862,person
607,RIORDINATRICE,UNSORCERER,0.1592761576175689,0.1691125035285949,0.1769094169139862,person
608,RIPARARE,REPAIR,0.0437831170856952,0.0538757815957069,0.0507178604602813,woman
609,RIPARARE TUTTO,FIX EVERYTHING,0.0174914523959159,0.0317846126854419,0.0103751057758927,woman
610,RIPARATORE,REPAIRMAN,0.119150623679161,0.1373567879199981,0.1628466695547104,person
611,RIPARATORE DI COMPUTER,COMPUTER REPAIR,0.0285712219774723,0.0705795437097549,0.0548999644815921,woman
612,RIPARATRICE,REPAIRMAN,0.119150623679161,0.1373567879199981,0.1628466695547104,person
613,RIPARATUTTO,FIXES EVERYTHING,0.006073317490518,0.0259631238877773,-0.0003459494910202,woman
614,ROMPERE,TO BREAK,0.0485476441681385,0.1209835037589073,0.1114149913191795,woman
615,ROMPICOGLIONI,PAIN ASSHOLE,-0.0189397614449262,0.0652294978499412,0.011707505211234,woman
616,ROMPIPALLE,BALL BREAKER,0.0728595107793808,0.1351102292537689,0.1133938804268837,woman
617,ROMPISCATOLE,BUZZERS,0.0681807771325111,0.0764265730977058,0.0922268629074096,person
618,SACERDOTE,PRIEST,0.0142829408869147,0.1082326620817184,0.168101817369461,person
619,SALTATRICE CON L'ASTA,POLE Vaulter,0.0036517400294542,0.0819702297449112,0.0739884823560714,woman
620,SALUMIERE,butcher,0.1061822697520256,0.1728751212358474,0.2010440528392791,person
621,SARTA,TAILOR,0.0288443174213171,0.1186521500349044,0.1588398367166519,person
622,SARTO,TAILOR,0.0288443174213171,0.1186521500349044,0.1588398367166519,person
623,SCACCHISTA,CHESS PLAYER,0.085078440606594,0.1659995317459106,0.2178737074136734,person
624,SCALATORE,CLIMBER,0.0484042651951313,0.0326399132609367,0.1318421959877014,person
625,SCANSAFATICHE,Slackers,0.0860314592719078,0.0902111381292343,0.2182098031044006,person
626,SCEMO,FOOL,0.0564463660120964,0.0885737687349319,0.1378990262746811,person
627,SCENOGRAFA,SET DESIGNER,0.0027132648974657,0.0992791354656219,0.1241538226604461,person
628,SCHIAVA,SLAVE,0.0871334001421928,0.1612839102745056,0.1831106841564178,person
629,SCIARE,SKI,-0.008615169674158,0.0482314936816692,0.0665625482797622,person
630,SCIATORE,SKIER,0.0958390980958938,0.1642119437456131,0.2855408787727356,person
631,SCIATRICE,SKIER,0.0958390980958938,0.1642119437456131,0.2855408787727356,person
632,SCIENZIATA,SCIENTIST,-0.0107081523165106,0.1048134639859199,0.1394184082746505,person
633,SCIENZIATO,SCIENTIST,-0.0107081523165106,0.1048134639859199,0.1394184082746505,person
634,SCOLARA,SCHOOLBOY,0.0851470604538917,0.1607645004987716,0.1966015398502349,person
635,SCOLARETTO,SCHOOLKID,0.1249610260128974,0.1938401162624359,0.2531767189502716,person
636,SCOLARO,SCHOOLBOY,0.0851470604538917,0.1607645004987716,0.1966015398502349,person
637,SCONOSCIUTA,UNKNOWN,-0.0232753865420818,0.0503730326890945,0.0578511990606784,person
638,SCONOSCIUTO,UNKNOWN,-0.0232753865420818,0.0503730326890945,0.0578511990606784,person
639,SCOPARE,FUCK,0.027033882215619,0.0882253646850586,0.0285155847668647,woman
640,SCRITTORE,WRITER,-0.030493764206767,0.0821075737476348,0.1774032711982727,person
641,SCRITTRICE,WRITER,-0.030493764206767,0.0821075737476348,0.1774032711982727,person
642,SCRIVERE,TO WRITE,-0.0230921171605587,0.0343446247279644,0.0928491577506065,person
643,SCRIVERE AL COMPUTER,WRITE TO THE COMPUTER,-0.0358647219836711,0.0189456865191459,0.073375754058361,person
644,SCULTORE,SCULPTOR,0.0624836608767509,0.1606020182371139,0.2061036825180053,person
645,SEGRETARIA,SECRETARY,-0.0462590530514717,0.1248069927096366,0.10065758228302,woman
646,SEMPLIFICARE I PROBLEMI,SIMPLIFY PROBLEMS,-0.0127184614539146,0.0139794200658798,-0.0227912031114101,woman
647,SERVA,SERVANT,0.0236871447414159,0.1204694285988807,0.1612265557050705,person
648,SERVETTO,SERVITE,0.1669652909040451,0.1926777511835098,0.1922125667333603,woman
649,SESSISTA,SEXIST,0.1230381727218627,0.3404800593852997,0.1938399970531463,woman
650,SFATICATO,LAZY,0.002118760952726,0.0962022766470909,0.1337186694145202,person
651,SIGNORA,MAN,0.291007786989212,0.3505826890468597,0.280900776386261,woman
652,SIGNORA DELLA CASA,LADY OF THE HOUSE,0.0585418008267879,0.3113978505134582,0.1598076224327087,woman
653,SIGNORE,MAN,0.291007786989212,0.3505826890468597,0.280900776386261,woman
654,SINDACA,MAYOR,0.0184905063360929,0.1501002013683319,0.1849732995033264,person
655,SINDACO,MAYOR,0.0184905063360929,0.1501002013683319,0.1849732995033264,person
656,SISTEMARE,TIDY UP,0.0379299148917198,0.041720263659954,0.015587143599987,woman
657,SISTEMARE LA CASA,FIX THE HOUSE,0.0174914523959159,0.0317846126854419,0.0103751057758927,woman
658,SISTEMARE LA MACCHINA,FIX THE MACHINE,0.0174914523959159,0.0317846126854419,0.0103751057758927,woman
659,SISTEMARE LAMPADARIO,FIX CHANDELIER,0.0174914523959159,0.0317846126854419,0.0103751057758927,woman
660,SMARTWORKER,SMARTWORKER,0.0565827004611492,0.0465225242078304,0.0644967928528785,person
661,SOCCORRITRICE,RESCUER,0.0357247553765773,0.1113692820072174,0.2494151443243026,person
662,SOCIALIZZARE,SOCIALIZE,-0.030717896297574,0.0331045053899288,0.1255555152893066,person
663,SOCIO,PARTNER,0.0398772545158863,0.1983256787061691,0.1721086353063583,woman
664,SOGGETTO,SUBJECT,-0.0127326771616935,0.1104280278086662,0.1767093390226364,person
665,SOLDATO,SOLDIER,0.078557401895523,0.1335073113441467,0.1778477728366851,person
666,SOPPORTARMI,WITHSTAND ME,0.0156852416694164,0.0580051466822624,0.0689238756895065,person
667,SORELLA,SISTER,0.0170256923884153,0.2121870517730713,0.098132312297821,woman
668,SPACCIATORE,DRUG DEALER,0.0371826700866222,0.0735580325126648,0.0670894905924797,woman
669,SPAZZINO,SCAVENGER,0.0385890789330005,0.081633910536766,0.1801770031452179,person
670,SPECCHIARSI,MIRROR,-0.0454207621514797,0.0487789921462535,0.0837688073515892,person
671,SPELEOLOGA,SPELEOLOGIST,-0.0096102580428123,0.1188022419810295,0.163877323269844,person
672,SPILLATRICE,STAPLER,0.0665478706359863,0.0975504592061042,0.0958350002765655,woman
673,SPORT,SPORT,0.0245723966509103,0.104150965809822,0.1456888169050216,person
674,SPORTIVO,SPORTY,0.0061813457868993,0.0428240150213241,0.0805703327059745,person
675,SPOSA,GROOM,0.0490271113812923,0.1065132692456245,0.1177771687507629,person
676,SPOSO,GROOM,0.0490271113812923,0.1065132692456245,0.1177771687507629,person
677,STAGISTA,INTERN,-0.0104726823046803,0.0897308513522148,0.1134288012981414,person
678,STARE IN COPPIA,STAY AS A COUPLE,0.0243706554174423,0.0630582645535469,0.0747404396533966,person
679,STATISTICA,STATISTICS,-0.0041851527057588,0.1393044292926788,0.0952547341585159,woman
680,STILISTA,STYLIST,0.0271952170878648,0.1032686680555343,0.1352182328701019,person
681,STIRARE,PRESS,-0.0189743228256702,0.0825779736042022,0.1264953017234802,person
682,STIRATRICE,IRONER,0.0463019981980323,0.1002508997917175,0.0655520483851432,woman
683,STRONZO,ASSHOLE,0.0635539516806602,0.1002247333526611,0.1224258691072464,person
684,STUDENTE,STUDENT,0.0347621329128742,0.1186059713363647,0.1759187877178192,person
685,STUDIARE,STUDY,0.0111702159047126,0.0672835335135459,0.0757201239466667,person
686,STUDIOSA,SCHOLAR,0.0526121854782104,0.1053830459713935,0.1924272030591964,person
687,STUDIOSO,SCHOLAR,0.0526121854782104,0.1053830459713935,0.1924272030591964,person
688,SUCCHIACAZZI,COCKSUCKER,0.1037305369973182,0.1641009002923965,0.1733315289020538,person
689,SUOCERA,FATHER IN LAW,0.02854466997087,-0.0053660008125007,0.0777738541364669,person
690,SUOCERO,FATHER IN LAW,0.02854466997087,-0.0053660008125007,0.0777738541364669,person
691,SUONARE,TO RING,0.0247113965451717,0.0800437405705452,0.0768629536032676,woman
692,SUORA,NUN,0.0902549773454666,0.2913886606693268,0.1928748935461044,woman
693,SUPPORTER,SUPPORTERS,0.0496345311403274,0.1092865020036697,0.2244405001401901,person
694,SURFISTA,SURFIST,0.0992033258080482,0.0938552841544151,0.1638589650392532,person
695,SVILUPPATORE,DEVELOPER,-0.0130475619807839,0.133371815085411,0.1794455349445343,person
696,SVITARE I BULLONI DELLE RUOTE,UNSCREW THE WHEEL BOLTS,0.0469647161662578,0.0605468638241291,0.035554863512516,woman
697,TASSISTA,TAXI DRIVER,0.0806503966450691,0.1017469763755798,0.1573365628719329,person
698,TECNICO,TECHNICAL,0.0134393135085701,0.0885045155882835,0.0666692703962326,woman
699,TENNISTA,TENNIS PLAYER,0.0408936776220798,0.146053597331047,0.2069594860076904,person
700,TENORE,TENOR,0.0580768473446369,0.0554378777742385,0.1239531338214874,person
701,TERAPEUTA,THERAPIST,0.0145001513883471,0.1545616686344146,0.1904740184545517,person
702,TERRORISTA,TERRORIST,0.0490044876933097,0.1404380202293396,0.2534393668174743,person
703,TESTER,TESTER,0.0343831367790699,0.145152285695076,0.2039932757616043,person
704,TIPA,GUY,0.230165034532547,0.1338616758584976,0.1697001457214355,man
705,TIPO,GUY,0.230165034532547,0.1338616758584976,0.1697001457214355,man
706,TIPOGRAFO,PRINTER,-0.0427255481481552,0.0576614402234554,0.0884504243731498,person
707,TIZIO,DUDE,0.2616002559661865,0.1890747398138046,0.2003651410341262,man
708,TRADUTTORE,TRANSLATOR,-0.0430868864059448,0.0899931639432907,0.2046429067850113,person
709,TRAGHETTATORE,FERRYMAN,0.1439607292413711,0.1717885583639145,0.2480863630771637,person
710,TRANSGENDER,TRANSGENDER,0.0727882012724876,0.257464200258255,0.1956997662782669,woman
711,TRUCCARSI,PUT ON MAKEUP,0.0155963143333792,0.081960454583168,0.1539656817913055,person
712,TRUCCATRICE,MAKE UP ARTIST,0.0026661886367946,0.074773371219635,0.0960261076688766,person
713,TUTORE,LEGAL GUARDIAN,-0.0222917553037405,0.0949286967515945,0.1232112348079681,person
714,TUTTOFARE,HANDYMAN,0.1788019090890884,0.1399963796138763,0.1763622611761093,man
715,UMANA,HUMAN,0.1220566406846046,0.2881023287773132,0.2925876080989837,person
716,UMANO,HUMAN,0.1220566406846046,0.2881023287773132,0.2925876080989837,person
717,UOMO,MAN,0.291007786989212,0.3505826890468597,0.280900776386261,woman
718,UOMO D'AFFARI,BUSINESS MAN,-0.024117961525917,0.0724521651864051,0.0755841359496116,person
719,UOMO DELLE PULIZIE,CLEANING MAN,-0.0129357390105724,0.0331526473164558,0.0731360912322998,person
720,UOMO DI CASA,MAN OF THE HOUSE,0.291007786989212,0.3505826890468597,0.280900776386261,woman
721,UOMO DI FAMIGLIA,FAMILY MAN,0.0132408514618873,0.1016456559300422,0.0865619480609893,woman
722,URBANISTA,URBANIST,0.1654408276081085,0.2456811219453811,0.3098692595958709,person
723,VANITOSA,VAIN,-0.0156734995543956,0.1302521824836731,0.1708575189113617,person
724,VELISTA,SAILOR,0.0437063537538051,0.1146928668022155,0.1266586482524871,person
725,VENDITORE,SALESPERSON,0.0414385683834552,0.1906152665615081,0.2710005640983581,person
726,VENDITRICE,SALESPERSON,0.0414385683834552,0.1906152665615081,0.2710005640983581,person
727,VETERINARIA,VETERINARY,0.0099011408165097,0.0918198525905609,0.0834190472960472,woman
728,VIAGGIATRICE,TRAVELER,0.0628120228648185,0.119627445936203,0.2568319141864776,person
729,VICINA,NEAR,0.0277469474822282,0.0098109757527709,0.0501022487878799,person
730,VICINO,NEAR,0.0277469474822282,0.0098109757527709,0.0501022487878799,person
731,VIGILE DEL FUOCO,FIREMAN,0.0538321658968925,0.0960987359285354,0.1043390110135078,person
732,VIGILESSA,TRAFFIC WARDEN,0.0026560695841908,0.0206637363880872,0.1040808483958244,person
733,VIOLINISTA,VIOLINIST,0.0396870039403438,0.1690019071102142,0.2395094186067581,person
734,VIONCELLISTA,CELLIST,0.0263174809515476,0.1525821536779403,0.2387805581092834,person
735,VOYEUR,VOYEUR,0.1019820943474769,0.2226209193468094,0.2725609242916107,person
736,WEBMARKETING,WEB MARKETING,0.057141575962305,0.0957246720790863,0.0607228428125381,woman
737,ZIA,UNCLE,0.0464893579483032,0.1143185421824455,0.1898295581340789,person
738,ZIO,UNCLE,0.0464893579483032,0.1143185421824455,0.1898295581340789,person
739,ZOCCOLA,Slut,0.0674416273832321,0.2848005294799804,0.1630894243717193,woman
